-- phpMyAdmin SQL Dump
-- version 5.2.1
-- https://www.phpmyadmin.net/
--
-- Host: 127.0.0.1
-- Generation Time: Dec 21, 2025 at 11:02 AM
-- Server version: 10.4.32-MariaDB
-- PHP Version: 8.2.12

SET SQL_MODE = "NO_AUTO_VALUE_ON_ZERO";
START TRANSACTION;
SET time_zone = "+00:00";


/*!40101 SET @OLD_CHARACTER_SET_CLIENT=@@CHARACTER_SET_CLIENT */;
/*!40101 SET @OLD_CHARACTER_SET_RESULTS=@@CHARACTER_SET_RESULTS */;
/*!40101 SET @OLD_COLLATION_CONNECTION=@@COLLATION_CONNECTION */;
/*!40101 SET NAMES utf8mb4 */;

--
-- Database: `ict`
--

-- --------------------------------------------------------

--
-- Table structure for table `banks`
--

CREATE TABLE `banks` (
  `id` bigint(20) UNSIGNED NOT NULL,
  `name` varchar(255) NOT NULL,
  `short_name` varchar(20) NOT NULL,
  `status` tinyint(1) NOT NULL DEFAULT 1 COMMENT '1 = Active, 0 = Inactive',
  `created_at` timestamp NULL DEFAULT NULL,
  `updated_at` timestamp NULL DEFAULT NULL
) ENGINE=InnoDB DEFAULT CHARSET=utf8mb4 COLLATE=utf8mb4_unicode_ci;

--
-- Dumping data for table `banks`
--

INSERT INTO `banks` (`id`, `name`, `short_name`, `status`, `created_at`, `updated_at`) VALUES
(1, 'Sonali Bank Limited', 'Sonali', 1, '2025-10-08 10:32:26', '2025-10-08 10:32:26'),
(7, 'Eastern Bank Limited', 'EBL', 1, '2025-10-08 10:32:26', '2025-10-08 10:32:26'),
(9, 'Mutual Trust Bank', 'MTB', 1, '2025-10-08 10:32:26', '2025-10-08 10:32:26'),
(10, 'United Commercial Limited', 'UCB', 1, '2025-10-08 10:32:26', '2025-10-08 10:32:26');

-- --------------------------------------------------------

--
-- Table structure for table `bank_statement_analysis`
--

CREATE TABLE `bank_statement_analysis` (
  `id` bigint(20) UNSIGNED NOT NULL,
  `taxpayer_name` varchar(255) NOT NULL,
  `tin_no` varchar(20) NOT NULL,
  `trade_license` varchar(255) DEFAULT NULL,
  `bin_no` varchar(100) DEFAULT NULL,
  `contact_person` varchar(255) DEFAULT NULL,
  `contact_number` varchar(50) DEFAULT NULL,
  `project_id` bigint(20) UNSIGNED DEFAULT NULL,
  `tender_ref_no` varchar(255) DEFAULT NULL,
  `tender_amount` decimal(15,2) DEFAULT NULL,
  `request_id` bigint(20) DEFAULT NULL,
  `api_response` text DEFAULT NULL,
  `api_success` tinyint(4) NOT NULL DEFAULT 0,
  `status` enum('pending','processing','done','failed') NOT NULL DEFAULT 'pending',
  `created_by` int(11) NOT NULL,
  `updated_by` int(11) NOT NULL,
  `created_at` timestamp NULL DEFAULT NULL,
  `updated_at` timestamp NULL DEFAULT NULL
) ENGINE=InnoDB DEFAULT CHARSET=utf8mb4 COLLATE=utf8mb4_unicode_ci;

--
-- Dumping data for table `bank_statement_analysis`
--

INSERT INTO `bank_statement_analysis` (`id`, `taxpayer_name`, `tin_no`, `trade_license`, `bin_no`, `contact_person`, `contact_number`, `project_id`, `tender_ref_no`, `tender_amount`, `request_id`, `api_response`, `api_success`, `status`, `created_by`, `updated_by`, `created_at`, `updated_at`) VALUES
(1, '', '0', NULL, NULL, NULL, NULL, NULL, NULL, NULL, 0, '', 0, 'pending', 0, 0, '2025-09-01 23:18:13', '2025-09-02 00:19:49'),
(2, '', '0', NULL, NULL, NULL, NULL, NULL, NULL, NULL, 0, '', 0, 'pending', 0, 0, '2025-09-02 00:24:22', '2025-09-03 04:03:42'),
(3, '', '0', NULL, NULL, NULL, NULL, NULL, NULL, NULL, 0, '', 0, 'pending', 0, 0, '2025-09-02 03:56:43', '2025-09-06 04:57:00'),
(4, '', '0', NULL, NULL, NULL, NULL, NULL, NULL, NULL, 0, '', 0, 'pending', 0, 0, '2025-09-03 04:41:42', '2025-09-03 23:23:03'),
(5, '', '0', NULL, NULL, NULL, NULL, NULL, NULL, NULL, 0, '', 0, 'pending', 0, 0, '2025-09-06 22:20:11', '2025-09-06 22:20:51'),
(6, '', '0', NULL, NULL, NULL, NULL, NULL, NULL, NULL, 0, '', 0, 'pending', 0, 0, '2025-09-06 22:21:46', '2025-09-06 22:26:38'),
(33, 'Test Name', '1234789654', NULL, NULL, NULL, NULL, NULL, NULL, NULL, 76, '', 0, 'done', 1, 1, '2025-10-11 23:27:53', '2025-10-11 23:30:06'),
(36, '1323', '225', NULL, NULL, NULL, NULL, 14, NULL, NULL, 77, '', 0, 'done', 1, 1, '2025-10-26 10:09:00', '2025-11-28 21:57:20'),
(37, '1431', '2315789236', NULL, NULL, '2341 14', '098765432', 8, NULL, NULL, NULL, '', 0, 'pending', 1, 1, '2025-11-28 21:38:11', '2025-11-28 21:38:11'),
(38, '1431', '1234789654', '132312', '132312', '2341 14', '098765432', 12, NULL, NULL, NULL, '', 0, 'pending', 1, 1, '2025-11-28 21:40:39', '2025-11-28 21:40:39'),
(42, '1431', '1234789654', NULL, NULL, '2341 14', '098765432', 10, NULL, NULL, 75, '', 0, 'done', 1, 1, '2025-11-28 21:54:12', '2025-11-28 21:54:13'),
(52, '1431', '12', NULL, NULL, '2341 14', '098765432', 11, NULL, NULL, 102, '{\"status\":\"success\",\"request_id\":102,\"taxpayer\":{\"name\":\"1431\",\"tin\":\"12\"},\"files\":[{\"bank\":\"EBL\",\"file\":\"aavua6RZM1WbH4Vd1SgUILAEGSNQ3MSd008CiHgS.pdf\"}]}', 1, 'done', 1, 1, '2025-11-29 03:50:21', '2025-11-29 03:50:23'),
(54, '1431', '1234789654', '132312', '132312', '2341 14', '098765432', 11, NULL, NULL, 106, '{\"status\":\"success\",\"request_id\":106,\"taxpayer\":{\"name\":\"1431\",\"tin\":\"1234789654\"},\"files\":[{\"bank\":\"EBL\",\"file\":\"SfTl64yzdU0D5uiphbancFEcwxohWbaE1rXolutn.pdf\"}]}', 1, 'done', 1, 1, '2025-11-29 06:18:20', '2025-11-29 06:19:23'),
(55, '1431', '2315789236', NULL, NULL, '2341 14', '098765432', 1, NULL, NULL, 107, '{\"status\":\"success\",\"request_id\":107,\"taxpayer\":{\"name\":\"1431\",\"tin\":\"2315789236\"},\"files\":[{\"bank\":\"EBL\",\"file\":\"0N31O0KgSqTKrWFJ12aAertRcjwYL77abeyauvTa.pdf\"}]}', 1, 'done', 1, 1, '2025-11-29 06:24:48', '2025-11-29 06:25:51'),
(58, '1431', '2315789236', NULL, NULL, '2341 14', '098765432', 3, NULL, NULL, 110, '{\"status\":\"success\",\"request_id\":110,\"taxpayer\":{\"name\":\"1431\",\"tin\":\"2315789236\"},\"files\":[{\"bank\":\"EBL\",\"file\":\"P1bQwRDEEznkw0K5Ns1K6NeLwP47zU0pBoF6oav6.pdf\"}]}', 1, 'done', 1, 1, '2025-11-29 06:42:59', '2025-11-29 06:44:02');

-- --------------------------------------------------------

--
-- Table structure for table `bank_statement_files`
--

CREATE TABLE `bank_statement_files` (
  `id` bigint(20) UNSIGNED NOT NULL,
  `bank_statement_analysis_id` bigint(20) UNSIGNED NOT NULL,
  `bank_id` bigint(20) UNSIGNED NOT NULL,
  `file_path` varchar(255) NOT NULL,
  `created_at` timestamp NULL DEFAULT current_timestamp(),
  `updated_at` timestamp NULL DEFAULT current_timestamp() ON UPDATE current_timestamp(),
  `acc_no` varchar(30) DEFAULT NULL,
  `acc_type` varchar(100) DEFAULT NULL,
  `opening_balance` double(15,2) DEFAULT NULL,
  `closing_balance` double(15,2) DEFAULT NULL,
  `statement_id` bigint(20) DEFAULT NULL
) ENGINE=InnoDB DEFAULT CHARSET=utf8mb4 COLLATE=utf8mb4_unicode_ci;

--
-- Dumping data for table `bank_statement_files`
--

INSERT INTO `bank_statement_files` (`id`, `bank_statement_analysis_id`, `bank_id`, `file_path`, `created_at`, `updated_at`, `acc_no`, `acc_type`, `opening_balance`, `closing_balance`, `statement_id`) VALUES
(34, 33, 1, 'bank_statements/AIiuC7MwnraKG6y9Tim7Uc6hnT24fxfD7YjdwtEE.pdf', '2025-10-11 23:27:53', '2025-10-11 23:30:06', '3304302001986', 'Current', 0.00, 995041.00, 108),
(35, 33, 7, 'bank_statements/fa5uvukD6MUHumL2GwwYGpCsttMn2XJVX1qUDQL1.pdf', '2025-10-11 23:27:53', '2025-10-11 23:30:06', '1161440397416', ' EBL Power Savings             ', 0.00, 577.59, 109),
(39, 36, 7, 'bank_statements/izDw7sH3NOOMqoiL1DGNYGa7iFZzHClqBw8PDPZi.pdf', '2025-10-26 10:09:00', '2025-11-28 21:57:20', NULL, NULL, 0.00, 0.00, 109),
(40, 36, 7, 'bank_statements/JxkTm1NsPC82XrAFLCYcWms3sHMTDo7K2Qs93Rog.pdf', '2025-10-26 10:09:00', '2025-11-28 21:57:20', NULL, NULL, 0.00, 0.00, 110),
(41, 36, 9, 'bank_statements/jK9MLMDXfMJgN0Rai5m4T8X9bw9dzZGlMGJtDdGv.pdf', '2025-10-26 10:09:00', '2025-11-28 21:57:20', NULL, NULL, 0.00, 0.00, 111),
(42, 37, 7, 'bank_statements/LLMhhDNHXX4maGEZto6KURgLA1CoAId7eVNbCe3p.pdf', '2025-11-28 21:38:12', '2025-11-28 21:38:12', NULL, NULL, NULL, NULL, NULL),
(43, 38, 7, 'bank_statements/LCNCfICp4LYU1xduxX0rTRrJm32GUj3sBYaWuBZg.pdf', '2025-11-28 21:40:39', '2025-11-28 21:40:39', NULL, NULL, NULL, NULL, NULL),
(47, 42, 7, 'bank_statements/eAN4poIsze3t9km0IZiWhi4YIPgj9lVawJd4PRpS.pdf', '2025-11-28 21:54:12', '2025-11-28 21:54:13', NULL, NULL, 0.00, 0.00, 107),
(57, 52, 7, 'bank_statements/aavua6RZM1WbH4Vd1SgUILAEGSNQ3MSd008CiHgS.pdf', '2025-11-29 03:50:21', '2025-11-29 03:50:23', '1161440397416', ' EBL Power Savings             ', 0.00, 577.59, 138),
(59, 54, 7, 'bank_statements/SfTl64yzdU0D5uiphbancFEcwxohWbaE1rXolutn.pdf', '2025-11-29 06:18:20', '2025-11-29 06:19:23', '1161440397416', ' EBL Power Savings             ', 0.00, 577.59, 142),
(60, 55, 7, 'bank_statements/0N31O0KgSqTKrWFJ12aAertRcjwYL77abeyauvTa.pdf', '2025-11-29 06:24:48', '2025-11-29 06:25:51', '1161440397416', ' EBL Power Savings             ', 0.00, 577.59, 143),
(63, 58, 7, 'bank_statements/P1bQwRDEEznkw0K5Ns1K6NeLwP47zU0pBoF6oav6.pdf', '2025-11-29 06:42:59', '2025-11-29 06:44:02', '1161440397416', ' EBL Power Savings             ', 0.00, 577.59, 146);

-- --------------------------------------------------------

--
-- Table structure for table `cache`
--

CREATE TABLE `cache` (
  `key` varchar(255) NOT NULL,
  `value` mediumtext NOT NULL,
  `expiration` int(11) NOT NULL
) ENGINE=InnoDB DEFAULT CHARSET=utf8mb4 COLLATE=utf8mb4_unicode_ci;

--
-- Dumping data for table `cache`
--

INSERT INTO `cache` (`key`, `value`, `expiration`) VALUES
('laravel-cache-desk1@mail.com|127.0.0.1', 'i:2;', 1760433690),
('laravel-cache-desk1@mail.com|127.0.0.1:timer', 'i:1760433690;', 1760433690),
('laravel-cache-raselru1984@gmail.com|127.0.0.1', 'i:1;', 1761489122),
('laravel-cache-raselru1984@gmail.com|127.0.0.1:timer', 'i:1761489122;', 1761489122),
('laravel-cache-spatie.permission.cache', 'a:3:{s:5:\"alias\";a:4:{s:1:\"a\";s:2:\"id\";s:1:\"b\";s:4:\"name\";s:1:\"c\";s:10:\"guard_name\";s:1:\"r\";s:5:\"roles\";}s:11:\"permissions\";a:10:{i:0;a:4:{s:1:\"a\";i:1;s:1:\"b\";s:9:\"role.view\";s:1:\"c\";s:3:\"web\";s:1:\"r\";a:2:{i:0;i:1;i:1;i:3;}}i:1;a:4:{s:1:\"a\";i:2;s:1:\"b\";s:9:\"role.edit\";s:1:\"c\";s:3:\"web\";s:1:\"r\";a:3:{i:0;i:1;i:1;i:2;i:2;i:3;}}i:2;a:4:{s:1:\"a\";i:3;s:1:\"b\";s:11:\"role.create\";s:1:\"c\";s:3:\"web\";s:1:\"r\";a:2:{i:0;i:1;i:1;i:3;}}i:3;a:4:{s:1:\"a\";i:4;s:1:\"b\";s:9:\"role.show\";s:1:\"c\";s:3:\"web\";s:1:\"r\";a:2:{i:0;i:1;i:1;i:3;}}i:4;a:4:{s:1:\"a\";i:5;s:1:\"b\";s:11:\"role.delete\";s:1:\"c\";s:3:\"web\";s:1:\"r\";a:2:{i:0;i:1;i:1;i:3;}}i:5;a:4:{s:1:\"a\";i:6;s:1:\"b\";s:9:\"user.view\";s:1:\"c\";s:3:\"web\";s:1:\"r\";a:3:{i:0;i:1;i:1;i:2;i:2;i:3;}}i:6;a:4:{s:1:\"a\";i:7;s:1:\"b\";s:9:\"user.show\";s:1:\"c\";s:3:\"web\";s:1:\"r\";a:3:{i:0;i:1;i:1;i:2;i:2;i:3;}}i:7;a:4:{s:1:\"a\";i:8;s:1:\"b\";s:9:\"user.edit\";s:1:\"c\";s:3:\"web\";s:1:\"r\";a:3:{i:0;i:1;i:1;i:2;i:2;i:3;}}i:8;a:4:{s:1:\"a\";i:9;s:1:\"b\";s:11:\"user.create\";s:1:\"c\";s:3:\"web\";s:1:\"r\";a:2:{i:0;i:1;i:1;i:3;}}i:9;a:4:{s:1:\"a\";i:10;s:1:\"b\";s:11:\"user.delete\";s:1:\"c\";s:3:\"web\";s:1:\"r\";a:2:{i:0;i:2;i:1;i:3;}}}s:5:\"roles\";a:3:{i:0;a:3:{s:1:\"a\";i:1;s:1:\"b\";s:5:\"Admin\";s:1:\"c\";s:3:\"web\";}i:1;a:3:{s:1:\"a\";i:3;s:1:\"b\";s:16:\"Department Chief\";s:1:\"c\";s:3:\"web\";}i:2;a:3:{s:1:\"a\";i:2;s:1:\"b\";s:12:\"Desk Officer\";s:1:\"c\";s:3:\"web\";}}}', 1760327908);

-- --------------------------------------------------------

--
-- Table structure for table `cache_locks`
--

CREATE TABLE `cache_locks` (
  `key` varchar(255) NOT NULL,
  `owner` varchar(255) NOT NULL,
  `expiration` int(11) NOT NULL
) ENGINE=InnoDB DEFAULT CHARSET=utf8mb4 COLLATE=utf8mb4_unicode_ci;

-- --------------------------------------------------------

--
-- Table structure for table `departments`
--

CREATE TABLE `departments` (
  `id` bigint(20) UNSIGNED NOT NULL,
  `name` varchar(255) NOT NULL,
  `short_name` varchar(100) DEFAULT NULL,
  `code` varchar(50) DEFAULT NULL,
  `description` text DEFAULT NULL,
  `status` enum('active','inactive') DEFAULT 'active',
  `created_at` timestamp NULL DEFAULT NULL,
  `updated_at` timestamp NULL DEFAULT NULL
) ENGINE=InnoDB DEFAULT CHARSET=utf8mb4 COLLATE=utf8mb4_unicode_ci;

--
-- Dumping data for table `departments`
--

INSERT INTO `departments` (`id`, `name`, `short_name`, `code`, `description`, `status`, `created_at`, `updated_at`) VALUES
(1, 'Information and Communication Technology Division', 'ICT Division', 'ICTD', 'Responsible for ICT policy and digital initiatives.', 'active', '2025-10-11 13:25:41', '2025-10-11 13:25:41'),
(2, 'Bangladesh Computer Council', 'BCC', 'BCC01', 'A statutory organization under the ICT Division.', 'active', '2025-10-11 13:25:41', '2025-10-11 13:25:41');

-- --------------------------------------------------------

--
-- Table structure for table `department_desk`
--

CREATE TABLE `department_desk` (
  `id` bigint(20) UNSIGNED NOT NULL,
  `department_id` bigint(20) UNSIGNED NOT NULL,
  `desk_id` bigint(20) UNSIGNED NOT NULL,
  `assigned_by` bigint(20) UNSIGNED DEFAULT NULL,
  `assigned_at` timestamp NOT NULL DEFAULT current_timestamp()
) ENGINE=InnoDB DEFAULT CHARSET=utf8mb4 COLLATE=utf8mb4_general_ci;

--
-- Dumping data for table `department_desk`
--

INSERT INTO `department_desk` (`id`, `department_id`, `desk_id`, `assigned_by`, `assigned_at`) VALUES
(1, 1, 1, NULL, '2025-10-12 01:01:23'),
(2, 1, 2, NULL, '2025-10-12 01:01:23'),
(3, 2, 3, NULL, '2025-10-12 01:01:23'),
(4, 2, 4, NULL, '2025-10-12 01:01:23'),
(5, 2, 2, NULL, '2025-10-12 01:01:23');

-- --------------------------------------------------------

--
-- Table structure for table `desks`
--

CREATE TABLE `desks` (
  `id` bigint(20) UNSIGNED NOT NULL,
  `name` varchar(255) NOT NULL,
  `code` varchar(100) DEFAULT NULL,
  `location` varchar(255) DEFAULT NULL,
  `status` enum('active','inactive') DEFAULT 'active',
  `created_at` timestamp NULL DEFAULT current_timestamp(),
  `updated_at` timestamp NULL DEFAULT current_timestamp() ON UPDATE current_timestamp()
) ENGINE=InnoDB DEFAULT CHARSET=utf8mb4 COLLATE=utf8mb4_general_ci;

--
-- Dumping data for table `desks`
--

INSERT INTO `desks` (`id`, `name`, `code`, `location`, `status`, `created_at`, `updated_at`) VALUES
(1, 'Admin Desk', 'AD001', 'Head Office', 'active', '2025-10-12 01:01:01', '2025-10-12 01:01:01'),
(2, 'Accounts Desk', 'AC002', 'Finance Department', 'active', '2025-10-12 01:01:01', '2025-10-12 01:01:01'),
(3, 'Technical Support Desk', 'TS003', 'IT Wing', 'active', '2025-10-12 01:01:01', '2025-10-12 01:01:01'),
(4, 'Project Management Desk', 'PM004', 'Agargaon', 'active', '2025-10-12 01:01:01', '2025-10-12 01:01:01');

-- --------------------------------------------------------

--
-- Table structure for table `failed_jobs`
--

CREATE TABLE `failed_jobs` (
  `id` bigint(20) UNSIGNED NOT NULL,
  `uuid` varchar(255) NOT NULL,
  `connection` text NOT NULL,
  `queue` text NOT NULL,
  `payload` longtext NOT NULL,
  `exception` longtext NOT NULL,
  `failed_at` timestamp NOT NULL DEFAULT current_timestamp()
) ENGINE=InnoDB DEFAULT CHARSET=utf8mb4 COLLATE=utf8mb4_unicode_ci;

--
-- Dumping data for table `failed_jobs`
--

INSERT INTO `failed_jobs` (`id`, `uuid`, `connection`, `queue`, `payload`, `exception`, `failed_at`) VALUES
(1, '361030e3-1884-4848-8f2e-949fe6b4a7a8', 'database', 'default', '{\"uuid\":\"361030e3-1884-4848-8f2e-949fe6b4a7a8\",\"displayName\":\"App\\\\Jobs\\\\SendAnalysisRequest\",\"job\":\"Illuminate\\\\Queue\\\\CallQueuedHandler@call\",\"maxTries\":null,\"maxExceptions\":null,\"failOnTimeout\":false,\"backoff\":null,\"timeout\":null,\"retryUntil\":null,\"data\":{\"commandName\":\"App\\\\Jobs\\\\SendAnalysisRequest\",\"command\":\"O:28:\\\"App\\\\Jobs\\\\SendAnalysisRequest\\\":1:{s:13:\\\"\\u0000*\\u0000analysisId\\\";i:29;}\"},\"createdAt\":1760245384,\"delay\":null}', 'TypeError: Illuminate\\Log\\LogManager::info(): Argument #2 ($context) must be of type array, null given, called in D:\\laravel\\ict\\vendor\\laravel\\framework\\src\\Illuminate\\Support\\Facades\\Facade.php on line 361 and defined in D:\\laravel\\ict\\vendor\\laravel\\framework\\src\\Illuminate\\Log\\LogManager.php:742\nStack trace:\n#0 D:\\laravel\\ict\\vendor\\laravel\\framework\\src\\Illuminate\\Support\\Facades\\Facade.php(361): Illuminate\\Log\\LogManager->info(\'Node API Respon...\', NULL)\n#1 D:\\laravel\\ict\\app\\Jobs\\SendAnalysisRequest.php(64): Illuminate\\Support\\Facades\\Facade::__callStatic(\'info\', Array)\n#2 D:\\laravel\\ict\\vendor\\laravel\\framework\\src\\Illuminate\\Container\\BoundMethod.php(36): App\\Jobs\\SendAnalysisRequest->handle()\n#3 D:\\laravel\\ict\\vendor\\laravel\\framework\\src\\Illuminate\\Container\\Util.php(43): Illuminate\\Container\\BoundMethod::Illuminate\\Container\\{closure}()\n#4 D:\\laravel\\ict\\vendor\\laravel\\framework\\src\\Illuminate\\Container\\BoundMethod.php(96): Illuminate\\Container\\Util::unwrapIfClosure(Object(Closure))\n#5 D:\\laravel\\ict\\vendor\\laravel\\framework\\src\\Illuminate\\Container\\BoundMethod.php(35): Illuminate\\Container\\BoundMethod::callBoundMethod(Object(Illuminate\\Foundation\\Application), Array, Object(Closure))\n#6 D:\\laravel\\ict\\vendor\\laravel\\framework\\src\\Illuminate\\Container\\Container.php(780): Illuminate\\Container\\BoundMethod::call(Object(Illuminate\\Foundation\\Application), Array, Array, NULL)\n#7 D:\\laravel\\ict\\vendor\\laravel\\framework\\src\\Illuminate\\Bus\\Dispatcher.php(132): Illuminate\\Container\\Container->call(Array)\n#8 D:\\laravel\\ict\\vendor\\laravel\\framework\\src\\Illuminate\\Pipeline\\Pipeline.php(169): Illuminate\\Bus\\Dispatcher->Illuminate\\Bus\\{closure}(Object(App\\Jobs\\SendAnalysisRequest))\n#9 D:\\laravel\\ict\\vendor\\laravel\\framework\\src\\Illuminate\\Pipeline\\Pipeline.php(126): Illuminate\\Pipeline\\Pipeline->Illuminate\\Pipeline\\{closure}(Object(App\\Jobs\\SendAnalysisRequest))\n#10 D:\\laravel\\ict\\vendor\\laravel\\framework\\src\\Illuminate\\Bus\\Dispatcher.php(136): Illuminate\\Pipeline\\Pipeline->then(Object(Closure))\n#11 D:\\laravel\\ict\\vendor\\laravel\\framework\\src\\Illuminate\\Queue\\CallQueuedHandler.php(134): Illuminate\\Bus\\Dispatcher->dispatchNow(Object(App\\Jobs\\SendAnalysisRequest), false)\n#12 D:\\laravel\\ict\\vendor\\laravel\\framework\\src\\Illuminate\\Pipeline\\Pipeline.php(169): Illuminate\\Queue\\CallQueuedHandler->Illuminate\\Queue\\{closure}(Object(App\\Jobs\\SendAnalysisRequest))\n#13 D:\\laravel\\ict\\vendor\\laravel\\framework\\src\\Illuminate\\Pipeline\\Pipeline.php(126): Illuminate\\Pipeline\\Pipeline->Illuminate\\Pipeline\\{closure}(Object(App\\Jobs\\SendAnalysisRequest))\n#14 D:\\laravel\\ict\\vendor\\laravel\\framework\\src\\Illuminate\\Queue\\CallQueuedHandler.php(127): Illuminate\\Pipeline\\Pipeline->then(Object(Closure))\n#15 D:\\laravel\\ict\\vendor\\laravel\\framework\\src\\Illuminate\\Queue\\CallQueuedHandler.php(68): Illuminate\\Queue\\CallQueuedHandler->dispatchThroughMiddleware(Object(Illuminate\\Queue\\Jobs\\DatabaseJob), Object(App\\Jobs\\SendAnalysisRequest))\n#16 D:\\laravel\\ict\\vendor\\laravel\\framework\\src\\Illuminate\\Queue\\Jobs\\Job.php(102): Illuminate\\Queue\\CallQueuedHandler->call(Object(Illuminate\\Queue\\Jobs\\DatabaseJob), Array)\n#17 D:\\laravel\\ict\\vendor\\laravel\\framework\\src\\Illuminate\\Queue\\Worker.php(444): Illuminate\\Queue\\Jobs\\Job->fire()\n#18 D:\\laravel\\ict\\vendor\\laravel\\framework\\src\\Illuminate\\Queue\\Worker.php(394): Illuminate\\Queue\\Worker->process(\'database\', Object(Illuminate\\Queue\\Jobs\\DatabaseJob), Object(Illuminate\\Queue\\WorkerOptions))\n#19 D:\\laravel\\ict\\vendor\\laravel\\framework\\src\\Illuminate\\Queue\\Worker.php(180): Illuminate\\Queue\\Worker->runJob(Object(Illuminate\\Queue\\Jobs\\DatabaseJob), \'database\', Object(Illuminate\\Queue\\WorkerOptions))\n#20 D:\\laravel\\ict\\vendor\\laravel\\framework\\src\\Illuminate\\Queue\\Console\\WorkCommand.php(148): Illuminate\\Queue\\Worker->daemon(\'database\', \'default\', Object(Illuminate\\Queue\\WorkerOptions))\n#21 D:\\laravel\\ict\\vendor\\laravel\\framework\\src\\Illuminate\\Queue\\Console\\WorkCommand.php(131): Illuminate\\Queue\\Console\\WorkCommand->runWorker(\'database\', \'default\')\n#22 D:\\laravel\\ict\\vendor\\laravel\\framework\\src\\Illuminate\\Container\\BoundMethod.php(36): Illuminate\\Queue\\Console\\WorkCommand->handle()\n#23 D:\\laravel\\ict\\vendor\\laravel\\framework\\src\\Illuminate\\Container\\Util.php(43): Illuminate\\Container\\BoundMethod::Illuminate\\Container\\{closure}()\n#24 D:\\laravel\\ict\\vendor\\laravel\\framework\\src\\Illuminate\\Container\\BoundMethod.php(96): Illuminate\\Container\\Util::unwrapIfClosure(Object(Closure))\n#25 D:\\laravel\\ict\\vendor\\laravel\\framework\\src\\Illuminate\\Container\\BoundMethod.php(35): Illuminate\\Container\\BoundMethod::callBoundMethod(Object(Illuminate\\Foundation\\Application), Array, Object(Closure))\n#26 D:\\laravel\\ict\\vendor\\laravel\\framework\\src\\Illuminate\\Container\\Container.php(780): Illuminate\\Container\\BoundMethod::call(Object(Illuminate\\Foundation\\Application), Array, Array, NULL)\n#27 D:\\laravel\\ict\\vendor\\laravel\\framework\\src\\Illuminate\\Console\\Command.php(211): Illuminate\\Container\\Container->call(Array)\n#28 D:\\laravel\\ict\\vendor\\symfony\\console\\Command\\Command.php(318): Illuminate\\Console\\Command->execute(Object(Symfony\\Component\\Console\\Input\\ArgvInput), Object(Illuminate\\Console\\OutputStyle))\n#29 D:\\laravel\\ict\\vendor\\laravel\\framework\\src\\Illuminate\\Console\\Command.php(180): Symfony\\Component\\Console\\Command\\Command->run(Object(Symfony\\Component\\Console\\Input\\ArgvInput), Object(Illuminate\\Console\\OutputStyle))\n#30 D:\\laravel\\ict\\vendor\\symfony\\console\\Application.php(1092): Illuminate\\Console\\Command->run(Object(Symfony\\Component\\Console\\Input\\ArgvInput), Object(Symfony\\Component\\Console\\Output\\ConsoleOutput))\n#31 D:\\laravel\\ict\\vendor\\symfony\\console\\Application.php(341): Symfony\\Component\\Console\\Application->doRunCommand(Object(Illuminate\\Queue\\Console\\WorkCommand), Object(Symfony\\Component\\Console\\Input\\ArgvInput), Object(Symfony\\Component\\Console\\Output\\ConsoleOutput))\n#32 D:\\laravel\\ict\\vendor\\symfony\\console\\Application.php(192): Symfony\\Component\\Console\\Application->doRun(Object(Symfony\\Component\\Console\\Input\\ArgvInput), Object(Symfony\\Component\\Console\\Output\\ConsoleOutput))\n#33 D:\\laravel\\ict\\vendor\\laravel\\framework\\src\\Illuminate\\Foundation\\Console\\Kernel.php(197): Symfony\\Component\\Console\\Application->run(Object(Symfony\\Component\\Console\\Input\\ArgvInput), Object(Symfony\\Component\\Console\\Output\\ConsoleOutput))\n#34 D:\\laravel\\ict\\vendor\\laravel\\framework\\src\\Illuminate\\Foundation\\Application.php(1234): Illuminate\\Foundation\\Console\\Kernel->handle(Object(Symfony\\Component\\Console\\Input\\ArgvInput), Object(Symfony\\Component\\Console\\Output\\ConsoleOutput))\n#35 D:\\laravel\\ict\\artisan(16): Illuminate\\Foundation\\Application->handleCommand(Object(Symfony\\Component\\Console\\Input\\ArgvInput))\n#36 {main}', '2025-10-11 23:03:12'),
(2, 'd401e514-117b-4760-a075-c129ebfc91cf', 'database', 'default', '{\"uuid\":\"d401e514-117b-4760-a075-c129ebfc91cf\",\"displayName\":\"App\\\\Jobs\\\\SendAnalysisRequest\",\"job\":\"Illuminate\\\\Queue\\\\CallQueuedHandler@call\",\"maxTries\":null,\"maxExceptions\":null,\"failOnTimeout\":false,\"backoff\":null,\"timeout\":null,\"retryUntil\":null,\"data\":{\"commandName\":\"App\\\\Jobs\\\\SendAnalysisRequest\",\"command\":\"O:28:\\\"App\\\\Jobs\\\\SendAnalysisRequest\\\":1:{s:13:\\\"\\u0000*\\u0000analysisId\\\";i:30;}\"},\"createdAt\":1760245629,\"delay\":null}', 'TypeError: Illuminate\\Log\\LogManager::info(): Argument #2 ($context) must be of type array, null given, called in D:\\laravel\\ict\\vendor\\laravel\\framework\\src\\Illuminate\\Support\\Facades\\Facade.php on line 361 and defined in D:\\laravel\\ict\\vendor\\laravel\\framework\\src\\Illuminate\\Log\\LogManager.php:742\nStack trace:\n#0 D:\\laravel\\ict\\vendor\\laravel\\framework\\src\\Illuminate\\Support\\Facades\\Facade.php(361): Illuminate\\Log\\LogManager->info(\'Node API Respon...\', NULL)\n#1 D:\\laravel\\ict\\app\\Jobs\\SendAnalysisRequest.php(64): Illuminate\\Support\\Facades\\Facade::__callStatic(\'info\', Array)\n#2 D:\\laravel\\ict\\vendor\\laravel\\framework\\src\\Illuminate\\Container\\BoundMethod.php(36): App\\Jobs\\SendAnalysisRequest->handle()\n#3 D:\\laravel\\ict\\vendor\\laravel\\framework\\src\\Illuminate\\Container\\Util.php(43): Illuminate\\Container\\BoundMethod::Illuminate\\Container\\{closure}()\n#4 D:\\laravel\\ict\\vendor\\laravel\\framework\\src\\Illuminate\\Container\\BoundMethod.php(96): Illuminate\\Container\\Util::unwrapIfClosure(Object(Closure))\n#5 D:\\laravel\\ict\\vendor\\laravel\\framework\\src\\Illuminate\\Container\\BoundMethod.php(35): Illuminate\\Container\\BoundMethod::callBoundMethod(Object(Illuminate\\Foundation\\Application), Array, Object(Closure))\n#6 D:\\laravel\\ict\\vendor\\laravel\\framework\\src\\Illuminate\\Container\\Container.php(780): Illuminate\\Container\\BoundMethod::call(Object(Illuminate\\Foundation\\Application), Array, Array, NULL)\n#7 D:\\laravel\\ict\\vendor\\laravel\\framework\\src\\Illuminate\\Bus\\Dispatcher.php(132): Illuminate\\Container\\Container->call(Array)\n#8 D:\\laravel\\ict\\vendor\\laravel\\framework\\src\\Illuminate\\Pipeline\\Pipeline.php(169): Illuminate\\Bus\\Dispatcher->Illuminate\\Bus\\{closure}(Object(App\\Jobs\\SendAnalysisRequest))\n#9 D:\\laravel\\ict\\vendor\\laravel\\framework\\src\\Illuminate\\Pipeline\\Pipeline.php(126): Illuminate\\Pipeline\\Pipeline->Illuminate\\Pipeline\\{closure}(Object(App\\Jobs\\SendAnalysisRequest))\n#10 D:\\laravel\\ict\\vendor\\laravel\\framework\\src\\Illuminate\\Bus\\Dispatcher.php(136): Illuminate\\Pipeline\\Pipeline->then(Object(Closure))\n#11 D:\\laravel\\ict\\vendor\\laravel\\framework\\src\\Illuminate\\Queue\\CallQueuedHandler.php(134): Illuminate\\Bus\\Dispatcher->dispatchNow(Object(App\\Jobs\\SendAnalysisRequest), false)\n#12 D:\\laravel\\ict\\vendor\\laravel\\framework\\src\\Illuminate\\Pipeline\\Pipeline.php(169): Illuminate\\Queue\\CallQueuedHandler->Illuminate\\Queue\\{closure}(Object(App\\Jobs\\SendAnalysisRequest))\n#13 D:\\laravel\\ict\\vendor\\laravel\\framework\\src\\Illuminate\\Pipeline\\Pipeline.php(126): Illuminate\\Pipeline\\Pipeline->Illuminate\\Pipeline\\{closure}(Object(App\\Jobs\\SendAnalysisRequest))\n#14 D:\\laravel\\ict\\vendor\\laravel\\framework\\src\\Illuminate\\Queue\\CallQueuedHandler.php(127): Illuminate\\Pipeline\\Pipeline->then(Object(Closure))\n#15 D:\\laravel\\ict\\vendor\\laravel\\framework\\src\\Illuminate\\Queue\\CallQueuedHandler.php(68): Illuminate\\Queue\\CallQueuedHandler->dispatchThroughMiddleware(Object(Illuminate\\Queue\\Jobs\\DatabaseJob), Object(App\\Jobs\\SendAnalysisRequest))\n#16 D:\\laravel\\ict\\vendor\\laravel\\framework\\src\\Illuminate\\Queue\\Jobs\\Job.php(102): Illuminate\\Queue\\CallQueuedHandler->call(Object(Illuminate\\Queue\\Jobs\\DatabaseJob), Array)\n#17 D:\\laravel\\ict\\vendor\\laravel\\framework\\src\\Illuminate\\Queue\\Worker.php(444): Illuminate\\Queue\\Jobs\\Job->fire()\n#18 D:\\laravel\\ict\\vendor\\laravel\\framework\\src\\Illuminate\\Queue\\Worker.php(394): Illuminate\\Queue\\Worker->process(\'database\', Object(Illuminate\\Queue\\Jobs\\DatabaseJob), Object(Illuminate\\Queue\\WorkerOptions))\n#19 D:\\laravel\\ict\\vendor\\laravel\\framework\\src\\Illuminate\\Queue\\Worker.php(180): Illuminate\\Queue\\Worker->runJob(Object(Illuminate\\Queue\\Jobs\\DatabaseJob), \'database\', Object(Illuminate\\Queue\\WorkerOptions))\n#20 D:\\laravel\\ict\\vendor\\laravel\\framework\\src\\Illuminate\\Queue\\Console\\WorkCommand.php(148): Illuminate\\Queue\\Worker->daemon(\'database\', \'default\', Object(Illuminate\\Queue\\WorkerOptions))\n#21 D:\\laravel\\ict\\vendor\\laravel\\framework\\src\\Illuminate\\Queue\\Console\\WorkCommand.php(131): Illuminate\\Queue\\Console\\WorkCommand->runWorker(\'database\', \'default\')\n#22 D:\\laravel\\ict\\vendor\\laravel\\framework\\src\\Illuminate\\Container\\BoundMethod.php(36): Illuminate\\Queue\\Console\\WorkCommand->handle()\n#23 D:\\laravel\\ict\\vendor\\laravel\\framework\\src\\Illuminate\\Container\\Util.php(43): Illuminate\\Container\\BoundMethod::Illuminate\\Container\\{closure}()\n#24 D:\\laravel\\ict\\vendor\\laravel\\framework\\src\\Illuminate\\Container\\BoundMethod.php(96): Illuminate\\Container\\Util::unwrapIfClosure(Object(Closure))\n#25 D:\\laravel\\ict\\vendor\\laravel\\framework\\src\\Illuminate\\Container\\BoundMethod.php(35): Illuminate\\Container\\BoundMethod::callBoundMethod(Object(Illuminate\\Foundation\\Application), Array, Object(Closure))\n#26 D:\\laravel\\ict\\vendor\\laravel\\framework\\src\\Illuminate\\Container\\Container.php(780): Illuminate\\Container\\BoundMethod::call(Object(Illuminate\\Foundation\\Application), Array, Array, NULL)\n#27 D:\\laravel\\ict\\vendor\\laravel\\framework\\src\\Illuminate\\Console\\Command.php(211): Illuminate\\Container\\Container->call(Array)\n#28 D:\\laravel\\ict\\vendor\\symfony\\console\\Command\\Command.php(318): Illuminate\\Console\\Command->execute(Object(Symfony\\Component\\Console\\Input\\ArgvInput), Object(Illuminate\\Console\\OutputStyle))\n#29 D:\\laravel\\ict\\vendor\\laravel\\framework\\src\\Illuminate\\Console\\Command.php(180): Symfony\\Component\\Console\\Command\\Command->run(Object(Symfony\\Component\\Console\\Input\\ArgvInput), Object(Illuminate\\Console\\OutputStyle))\n#30 D:\\laravel\\ict\\vendor\\symfony\\console\\Application.php(1092): Illuminate\\Console\\Command->run(Object(Symfony\\Component\\Console\\Input\\ArgvInput), Object(Symfony\\Component\\Console\\Output\\ConsoleOutput))\n#31 D:\\laravel\\ict\\vendor\\symfony\\console\\Application.php(341): Symfony\\Component\\Console\\Application->doRunCommand(Object(Illuminate\\Queue\\Console\\WorkCommand), Object(Symfony\\Component\\Console\\Input\\ArgvInput), Object(Symfony\\Component\\Console\\Output\\ConsoleOutput))\n#32 D:\\laravel\\ict\\vendor\\symfony\\console\\Application.php(192): Symfony\\Component\\Console\\Application->doRun(Object(Symfony\\Component\\Console\\Input\\ArgvInput), Object(Symfony\\Component\\Console\\Output\\ConsoleOutput))\n#33 D:\\laravel\\ict\\vendor\\laravel\\framework\\src\\Illuminate\\Foundation\\Console\\Kernel.php(197): Symfony\\Component\\Console\\Application->run(Object(Symfony\\Component\\Console\\Input\\ArgvInput), Object(Symfony\\Component\\Console\\Output\\ConsoleOutput))\n#34 D:\\laravel\\ict\\vendor\\laravel\\framework\\src\\Illuminate\\Foundation\\Application.php(1234): Illuminate\\Foundation\\Console\\Kernel->handle(Object(Symfony\\Component\\Console\\Input\\ArgvInput), Object(Symfony\\Component\\Console\\Output\\ConsoleOutput))\n#35 D:\\laravel\\ict\\artisan(16): Illuminate\\Foundation\\Application->handleCommand(Object(Symfony\\Component\\Console\\Input\\ArgvInput))\n#36 {main}', '2025-10-11 23:07:17');

-- --------------------------------------------------------

--
-- Table structure for table `file_repo`
--

CREATE TABLE `file_repo` (
  `id` bigint(20) UNSIGNED NOT NULL,
  `tracking_no` varchar(30) DEFAULT NULL,
  `sarok_no` varchar(100) DEFAULT NULL,
  `title` varchar(255) NOT NULL,
  `file_name` varchar(255) NOT NULL,
  `file_path` varchar(500) NOT NULL,
  `file_type` varchar(100) NOT NULL,
  `page_count` int(11) DEFAULT NULL,
  `content` longtext DEFAULT NULL,
  `relevant_date` date DEFAULT NULL,
  `urgency` enum('Normal','Urgent','Very Urgent','Confidential') DEFAULT 'Normal',
  `tags` text DEFAULT NULL,
  `department_id` int(11) DEFAULT NULL,
  `sender_department_id` bigint(20) UNSIGNED DEFAULT NULL,
  `sender_department_custom_name` varchar(255) DEFAULT NULL,
  `sender_designation` varchar(255) DEFAULT NULL,
  `sender_name` varchar(255) DEFAULT NULL,
  `is_sender_ict` tinyint(1) DEFAULT 0,
  `receiver_department_id` bigint(20) UNSIGNED DEFAULT NULL,
  `receiver_department_custom_name` varchar(255) DEFAULT NULL,
  `receiver_designation` varchar(255) DEFAULT NULL,
  `receiver_name` varchar(255) DEFAULT NULL,
  `is_receiver_ict` tinyint(1) DEFAULT 0,
  `desk_id` int(11) DEFAULT NULL,
  `status` int(11) NOT NULL,
  `remarks` tinytext DEFAULT NULL,
  `uploaded_by` bigint(20) UNSIGNED NOT NULL,
  `created_at` timestamp NULL DEFAULT current_timestamp(),
  `updated_at` timestamp NULL DEFAULT current_timestamp() ON UPDATE current_timestamp()
) ENGINE=InnoDB DEFAULT CHARSET=utf8mb4 COLLATE=utf8mb4_unicode_ci;

--
-- Dumping data for table `file_repo`
--

INSERT INTO `file_repo` (`id`, `tracking_no`, `sarok_no`, `title`, `file_name`, `file_path`, `file_type`, `page_count`, `content`, `relevant_date`, `urgency`, `tags`, `department_id`, `sender_department_id`, `sender_department_custom_name`, `sender_designation`, `sender_name`, `is_sender_ict`, `receiver_department_id`, `receiver_department_custom_name`, `receiver_designation`, `receiver_name`, `is_receiver_ict`, `desk_id`, `status`, `remarks`, `uploaded_by`, `created_at`, `updated_at`) VALUES
(8, 'FR-20251011-0008', NULL, 'jdslkf', 'ebl.pdf', 'uploads/files/yzmQLyebH1N7vx9IpnskwjSKReLuXDPkjXol89AZ.pdf', 'application/pdf', 3, 'MIR BARAT ALI                                                                                                      \nTA-159,MIDDLE BADDA.                                                                                               \n5TH FLOOR,                                                                                                         \nGULSHAN-1                                                                                                          \nDHAKA                                                                                                              \n                                                                    Account Number : 1161440397416                 \n                                                                    Product Name   : EBL Power Savings             \n                                                                    Period From    : 16-JUL-20 - 30-JUN-23         \n                                                                    Page           : 1                             \nEASTERN BANK PLC.                                                   Currency Name  : BANGLADESH TAKA               \nBanani Branch                                                       Branch Code    : 116                           \nSkylark MAK 84                                                      Customer Id    : 2378509                       \nHouse-84, Road-11, Block-D, Banani Model    ONLINE STATEMENT                                                       \nTown                                                                                                               \nGulshan, Dhaka-1213, Bangladesh.                                                                                   \nTRN. DATE  DESCRIPTIONS                       REFERENCES               DEBITS         CREDITS             BALANCE  \n16-JUL-20   Opening Balance                                            0.00                0.00                0.00\n                                                                                                                   \n16-JUL-20   CASH DEPOSIT Cash Deposit -                                               10,000.00           10,000.00\n            //116CHDP20198V3YY                                                                                     \n                                                                                                                   \n16-JUL-20   Student File Processing Fee                            6,325.00                                3,675.00\n            with VAT SF- 116/SS/0232/2020                                                                          \n            CRG REALISED //1161296201980001                                                                        \n                                                                                                                   \n26-JUL-20   DIRECT DEBIT DC ANNU FEE  Jul                            690.00                                2,985.00\n            26 2020 //1014391202080538                                                                             \n                                                                                                                   \n16-AUG-20   CASH DEPOSIT nyme -                                                    1,300,000.00        1,302,985.00\n            //133CHDP20229I2MA                                                                                     \n                                                                                                                   \n17-AUG-20   CASH DEPOSIT AMIN -                                                       50,000.00        1,352,985.00\n            //133CHDP20230I2OK                                                                                     \n                                                                                                                   \n18-AUG-20   CASH DEPOSIT al amin -                                                    20,000.00        1,372,985.00\n            //133CHDP20231I2R5                                                                                     \n                                                                                                                   \n19-AUG-20   CASH DEPOSIT Al amin -                                                     2,000.00        1,374,985.00\n            //133CHDP20232I2U5                                                                                     \n                                                                                                                   \n19-AUG-20   CORRESPONDENT BANK CHARGE ON                           2,500.00                            1,372,485.00\n            //999OR07202328357                                                                                     \n                                                                                                                   \n19-AUG-20   COMMISSION ON //999OR07202328357                       2,048.99                            1,370,436.01\n                                                                                                                   \n19-AUG-20   OUTWARD CUSTOMER TRANSFER                          1,365,991.75                                4,444.26\n            //999OR07202328357                                                                                     \n                                                                                                                   \n19-AUG-20   SWIFT CHARGE ON                                          500.00                                3,944.26\n            //999OR07202328357                                                                                     \n                                                                                                                   \n19-AUG-20   VAT ON CORRESPONDING BANK                                375.00                                3,569.26\n            CHARGE ON //999OR07202328357                                                                           \n                                                                                                                   \n19-AUG-20   VAT ON COMMISSION                                        307.35                                3,261.91\n            //999OR07202328357                                                                                     \n                                                                                                                   \n19-AUG-20   VAT ON SWIFT CHARGES ON                                   75.00                                3,186.91\n            //999OR07202328357                                                                                     \n                                                                                                                   \n31-AUG-20   IC INTEREST LIQUIDATION -                                                    223.84            3,410.75\n            1161440397416 //116I144BDT 00001                                                                       \n                                                                                                                   \n31-AUG-20   WITHOLDING SOURCE TAX ON CASA                             22.38                                3,388.37\n            ACCOUNT - 1161440397416                                                                                \n            //116I144BDT 00002                                                                                     \n                                                                                                                   \n08-DEC-20   CHEQUE CLEARING                  7043232                               1,275,000.00        1,278,388.37\n            //1016161203430136                                                                                     \n                                                                                                                   \n08-DEC-20   BACH Service Charge with VAT     7043232                  60.00                            1,278,328.37\n            BACH service charge & VAT                                                                              \n            Ag.Cheque No: 7043232                                                                                  \n            //1016162203430136                                                                                     \n                                                                                                                   \n09-DEC-20   CASH DEPOSIT juel -                                                        5,000.00        1,283,328.37\n            //133CHDP20344J1Z1                                                                                     \n                                                                                                                   \n09-DEC-20   TRANSFER REMITTANCE OF CAD                         1,275,043.32                                8,285.05\n            18,747.88 AT 86.6243. RELATED\n\nOTT REFERENCE 999OR07203441679                                                                         \n            //1011812203440041                                                                                     \n                                                                                                                   \n09-DEC-20   TRANSFER COMMISSION, SWIFT,                            5,649.45                                2,635.60\nMIR BARAT ALI                                                                                                      \nTA-159,MIDDLE BADDA.                                                                                               \n5TH FLOOR,                                                                                                         \nGULSHAN-1                                                                                                          \nDHAKA                                                                                                              \n                                                                    Account Number : 1161440397416                 \n                                                                    Product Name   : EBL Power Savings             \n                                                                    Period From    : 16-JUL-20 - 30-JUN-23         \n                                                                    Page           : 2                             \nEASTERN BANK PLC.                                                   Currency Name  : BANGLADESH TAKA               \nBanani Branch                                                       Branch Code    : 116                           \nSkylark MAK 84                                                      Customer Id    : 2378509                       \nHouse-84, Road-11, Block-D, Banani Model    ONLINE STATEMENT                                                       \nTown                                                                                                               \nGulshan, Dhaka-1213, Bangladesh.                                                                                   \nTRN. DATE  DESCRIPTIONS                       REFERENCES               DEBITS         CREDITS             BALANCE  \n            CORRESPONDENT CHARGES AND                                                                              \n            REALTED VAT AGAINST REMITTANCE                                                                         \n            OF CAD 18,747.88 AT 86.6243 FOR                                                                        \n            BDT 5,649.45 OTT:                                                                                      \n            999OR07203441679                                                                                       \n            //1011812203440043                                                                                     \n                                                                                                                   \n31-DEC-20   IC INTEREST LIQUIDATION -                                                     71.02            2,706.62\n            1161440397416 //116I144BDT 00001                                                                       \n                                                                                                                   \n31-DEC-20   WITHOLDING SOURCE TAX ON CASA                              7.10                                2,699.52\n            ACCOUNT - 1161440397416                                                                                \n            //116I144BDT 00002                                                                                     \n                                                                                                                   \n31-DEC-20   Account Maintenance Service                              200.00                                2,499.52\n            Charges - 1161440397416                                                                                \n            //116LDGFBDT 00001                                                                                     \n                                                                                                                   \n31-DEC-20   VAT on Account Maintenance Fees                           30.00                                2,469.52\n            - 1161440397416 //116LDGFBDT                                                                           \n            00002                                                                                                  \n                                                                                                                   \n03-MAY-21   CHEQUE CLEARING                  1280977                                 100,000.00          102,469.52\n            //1016191211230799                                                                                     \n                                                                                                                   \n03-MAY-21   CHEQUE CLEARING                  5686661                                 100,000.00          202,469.52\n            //1016191211230802                                                                                     \n                                                                                                                   \n03-MAY-21   CHEQUE CLEARING                  0725201                                  60,000.00          262,469.52\n            //1016191211230804                                                                                     \n                                                                                                                   \n03-MAY-21   CHEQUE CLEARING                  0428974                                 100,000.00          362,469.52\n            //1016191211230805                                                                                     \n                                                                                                                   \n03-MAY-21   BACH Service Charge with VAT     1280977                  10.00                              362,459.52\n            BACH service charge & VAT                                                                              \n            Ag.Cheque No: 1280977                                                                                  \n            //1016192211230799                                                                                     \n                                                                                                                   \n03-MAY-21   BACH Service Charge with VAT     5686661                  10.00                              362,449.52\n            BACH service charge & VAT                                                                              \n            Ag.Cheque No: 5686661                                                                                  \n            //1016192211230802                                                                                     \n                                                                                                                   \n03-MAY-21   BACH Service Charge with VAT     0725201                  10.00                              362,439.52\n            BACH service charge & VAT                                                                              \n            Ag.Cheque No: 0725201                                                                                  \n            //1016192211230804                                                                                     \n                                                                                                                   \n03-MAY-21   BACH Service Charge with VAT     0428974                  10.00                              362,429.52\n            BACH service charge & VAT                                                                              \n            Ag.Cheque No: 0428974                                                                                  \n            //1016192211230805                                                                                     \n                                                                                                                   \n03-MAY-21   EXCISE DUTY of 1161440397416                           3,000.00                              359,429.52\n            //116EXD3BDT 00001                                                                                     \n                                                                                                                   \n05-MAY-21   CASH DEPOSIT Cash Deposit -                                                5,000.00          364,429.52\n            //133CHDP21125K3DJ                                                                                     \n                                                                                                                   \n06-MAY-21   TRANSFER REMITTANCE OF CAD                           357,734.00                                6,695.52\n\n5,035.67 AT 86.5694. RELATED                                                                           \n            OTT REFERENCE 999OR07211265962                                                                         \n            //1011812211260017                                                                                     \n                                                                                                                   \n06-MAY-21   TRANSFER COMMISSION, SWIFT,                            4,067.10                                2,628.42\n            CORRESPONDENT CHARGES AND                                                                              \n            REALTED VAT AGAINST REMITTANCE                                                                         \n            OF CAD 5,035.67 AT 86.5694 FOR                                                                         \n            BDT 4,067.09 OTT:                                                                                      \nMIR BARAT ALI                                                                                                      \nTA-159,MIDDLE BADDA.                                                                                               \n5TH FLOOR,                                                                                                         \nGULSHAN-1                                                                                                          \nDHAKA                                                                                                              \n                                                                    Account Number : 1161440397416                 \n                                                                    Product Name   : EBL Power Savings             \n                                                                    Period From    : 16-JUL-20 - 30-JUN-23         \n                                                                    Page           : 3                             \nEASTERN BANK PLC.                                                   Currency Name  : BANGLADESH TAKA               \nBanani Branch                                                       Branch Code    : 116                           \nSkylark MAK 84                                                      Customer Id    : 2378509                       \nHouse-84, Road-11, Block-D, Banani Model    ONLINE STATEMENT                                                       \nTown                                                                                                               \nGulshan, Dhaka-1213, Bangladesh.                                                                                   \nTRN. DATE  DESCRIPTIONS                       REFERENCES               DEBITS         CREDITS             BALANCE  \n            999OR07211265962                                                                                       \n            //1011812211260019                                                                                     \n                                                                                                                   \n31-MAY-21   IC INTEREST LIQUIDATION -                                                     60.19            2,688.61\n            1161440397416 //116I144BDT 00001                                                                       \n                                                                                                                   \n31-MAY-21   WITHOLDING SOURCE TAX ON CASA                              6.02                                2,682.59\n            ACCOUNT - 1161440397416                                                                                \n            //116I144BDT 00002                                                                                     \n                                                                                                                   \n13-JUL-21   Debit Card Annual Fee                                    690.00                                1,992.59\n            539280******4160;BDT_DC Soft                                                                           \n            Ren Fees and vat for-07-2021                                                                           \n            //9998051211940221                                                                                     \n                                                                                                                   \n13-JUL-21   Debit Card SMS Fee                                       230.00                                1,762.59\n            539280******4160;BDT_DC SMS                                                                            \n            Fees and vat for-07-2021                                                                               \n            //9998061211944316                                                                                     \n                                                                                                                   \n31-DEC-21   EXCISE DUTY of 1161440397416                             150.00                                1,612.59\n            //116EXD3BDT 00001                                                                                     \n                                                                                                                   \n12-JUL-22   Debit Card Annual Fee                                    690.00                                  922.59\n            539280******4160;BDT_DC Soft                                                                           \n            Ren Fees and vat for-07-2022                                                                           \n            //9998051221934521                                                                                     \n                                                                                                                   \n13-JUL-22   Debit Card SMS Fee                                       345.00                                  577.59\n            539280******4160;BDT_DC SMS                                                                            \n            Fees and vat for-07-2022                                                                               \n            //9998061221944862                                                                                     \n                                                                                                                   \n            STATEMENT CLOSING BALANCE                                                                      577.59  \n-------------------------------------------------------------------------------------------------------------------\n              OPENING BALANCE                        0.00                                                          \n              DEBITS                         3,026,777.46       DRCOUNT 29                                         \n              CREDITS                        3,027,355.05       CRCOUNT 15                                         \n              UNCOLLECTED FUNDS                                                                                    \n              UNSETTLED DEBIT CARD TRANSACTION          0                                                          \n              * = UNAUTH ENTRY / R = REVERSAL', NULL, 'Normal', NULL, 1, NULL, NULL, NULL, NULL, 0, NULL, NULL, NULL, NULL, 0, 1, 4, '133123', 1, '2025-10-11 05:05:11', '2025-10-11 22:09:01');
INSERT INTO `file_repo` (`id`, `tracking_no`, `sarok_no`, `title`, `file_name`, `file_path`, `file_type`, `page_count`, `content`, `relevant_date`, `urgency`, `tags`, `department_id`, `sender_department_id`, `sender_department_custom_name`, `sender_designation`, `sender_name`, `is_sender_ict`, `receiver_department_id`, `receiver_department_custom_name`, `receiver_designation`, `receiver_name`, `is_receiver_ict`, `desk_id`, `status`, `remarks`, `uploaded_by`, `created_at`, `updated_at`) VALUES
(9, 'FR-20251011-0009', NULL, 'Hasan', 'ebl.pdf', 'uploads/files/9x98gCrKI7GZpg1K48YZohBLu8QwCsnElbUoE2gq.pdf', 'application/pdf', 3, 'MIR BARAT ALI                                                                                                      \nTA-159,MIDDLE BADDA.                                                                                               \n5TH FLOOR,                                                                                                         \nGULSHAN-1                                                                                                          \nDHAKA                                                                                                              \n                                                                    Account Number : 1161440397416                 \n                                                                    Product Name   : EBL Power Savings             \n                                                                    Period From    : 16-JUL-20 - 30-JUN-23         \n                                                                    Page           : 1                             \nEASTERN BANK PLC.                                                   Currency Name  : BANGLADESH TAKA               \nBanani Branch                                                       Branch Code    : 116                           \nSkylark MAK 84                                                      Customer Id    : 2378509                       \nHouse-84, Road-11, Block-D, Banani Model    ONLINE STATEMENT                                                       \nTown                                                                                                               \nGulshan, Dhaka-1213, Bangladesh.                                                                                   \nTRN. DATE  DESCRIPTIONS                       REFERENCES               DEBITS         CREDITS             BALANCE  \n16-JUL-20   Opening Balance                                            0.00                0.00                0.00\n                                                                                                                   \n16-JUL-20   CASH DEPOSIT Cash Deposit -                                               10,000.00           10,000.00\n            //116CHDP20198V3YY                                                                                     \n                                                                                                                   \n16-JUL-20   Student File Processing Fee                            6,325.00                                3,675.00\n            with VAT SF- 116/SS/0232/2020                                                                          \n            CRG REALISED //1161296201980001                                                                        \n                                                                                                                   \n26-JUL-20   DIRECT DEBIT DC ANNU FEE  Jul                            690.00                                2,985.00\n            26 2020 //1014391202080538                                                                             \n                                                                                                                   \n16-AUG-20   CASH DEPOSIT nyme -                                                    1,300,000.00        1,302,985.00\n            //133CHDP20229I2MA                                                                                     \n                                                                                                                   \n17-AUG-20   CASH DEPOSIT AMIN -                                                       50,000.00        1,352,985.00\n            //133CHDP20230I2OK                                                                                     \n                                                                                                                   \n18-AUG-20   CASH DEPOSIT al amin -                                                    20,000.00        1,372,985.00\n            //133CHDP20231I2R5                                                                                     \n                                                                                                                   \n19-AUG-20   CASH DEPOSIT Al amin -                                                     2,000.00        1,374,985.00\n            //133CHDP20232I2U5                                                                                     \n                                                                                                                   \n19-AUG-20   CORRESPONDENT BANK CHARGE ON                           2,500.00                            1,372,485.00\n            //999OR07202328357                                                                                     \n                                                                                                                   \n19-AUG-20   COMMISSION ON //999OR07202328357                       2,048.99                            1,370,436.01\n                                                                                                                   \n19-AUG-20   OUTWARD CUSTOMER TRANSFER                          1,365,991.75                                4,444.26\n            //999OR07202328357                                                                                     \n                                                                                                                   \n19-AUG-20   SWIFT CHARGE ON                                          500.00                                3,944.26\n            //999OR07202328357                                                                                     \n                                                                                                                   \n19-AUG-20   VAT ON CORRESPONDING BANK                                375.00                                3,569.26\n            CHARGE ON //999OR07202328357                                                                           \n                                                                                                                   \n19-AUG-20   VAT ON COMMISSION                                        307.35                                3,261.91\n            //999OR07202328357                                                                                     \n                                                                                                                   \n19-AUG-20   VAT ON SWIFT CHARGES ON                                   75.00                                3,186.91\n            //999OR07202328357                                                                                     \n                                                                                                                   \n31-AUG-20   IC INTEREST LIQUIDATION -                                                    223.84            3,410.75\n            1161440397416 //116I144BDT 00001                                                                       \n                                                                                                                   \n31-AUG-20   WITHOLDING SOURCE TAX ON CASA                             22.38                                3,388.37\n            ACCOUNT - 1161440397416                                                                                \n            //116I144BDT 00002                                                                                     \n                                                                                                                   \n08-DEC-20   CHEQUE CLEARING                  7043232                               1,275,000.00        1,278,388.37\n            //1016161203430136                                                                                     \n                                                                                                                   \n08-DEC-20   BACH Service Charge with VAT     7043232                  60.00                            1,278,328.37\n            BACH service charge & VAT                                                                              \n            Ag.Cheque No: 7043232                                                                                  \n            //1016162203430136                                                                                     \n                                                                                                                   \n09-DEC-20   CASH DEPOSIT juel -                                                        5,000.00        1,283,328.37\n            //133CHDP20344J1Z1                                                                                     \n                                                                                                                   \n09-DEC-20   TRANSFER REMITTANCE OF CAD                         1,275,043.32                                8,285.05\n            18,747.88 AT 86.6243. RELATED\n\nOTT REFERENCE 999OR07203441679                                                                         \n            //1011812203440041                                                                                     \n                                                                                                                   \n09-DEC-20   TRANSFER COMMISSION, SWIFT,                            5,649.45                                2,635.60\nMIR BARAT ALI                                                                                                      \nTA-159,MIDDLE BADDA.                                                                                               \n5TH FLOOR,                                                                                                         \nGULSHAN-1                                                                                                          \nDHAKA                                                                                                              \n                                                                    Account Number : 1161440397416                 \n                                                                    Product Name   : EBL Power Savings             \n                                                                    Period From    : 16-JUL-20 - 30-JUN-23         \n                                                                    Page           : 2                             \nEASTERN BANK PLC.                                                   Currency Name  : BANGLADESH TAKA               \nBanani Branch                                                       Branch Code    : 116                           \nSkylark MAK 84                                                      Customer Id    : 2378509                       \nHouse-84, Road-11, Block-D, Banani Model    ONLINE STATEMENT                                                       \nTown                                                                                                               \nGulshan, Dhaka-1213, Bangladesh.                                                                                   \nTRN. DATE  DESCRIPTIONS                       REFERENCES               DEBITS         CREDITS             BALANCE  \n            CORRESPONDENT CHARGES AND                                                                              \n            REALTED VAT AGAINST REMITTANCE                                                                         \n            OF CAD 18,747.88 AT 86.6243 FOR                                                                        \n            BDT 5,649.45 OTT:                                                                                      \n            999OR07203441679                                                                                       \n            //1011812203440043                                                                                     \n                                                                                                                   \n31-DEC-20   IC INTEREST LIQUIDATION -                                                     71.02            2,706.62\n            1161440397416 //116I144BDT 00001                                                                       \n                                                                                                                   \n31-DEC-20   WITHOLDING SOURCE TAX ON CASA                              7.10                                2,699.52\n            ACCOUNT - 1161440397416                                                                                \n            //116I144BDT 00002                                                                                     \n                                                                                                                   \n31-DEC-20   Account Maintenance Service                              200.00                                2,499.52\n            Charges - 1161440397416                                                                                \n            //116LDGFBDT 00001                                                                                     \n                                                                                                                   \n31-DEC-20   VAT on Account Maintenance Fees                           30.00                                2,469.52\n            - 1161440397416 //116LDGFBDT                                                                           \n            00002                                                                                                  \n                                                                                                                   \n03-MAY-21   CHEQUE CLEARING                  1280977                                 100,000.00          102,469.52\n            //1016191211230799                                                                                     \n                                                                                                                   \n03-MAY-21   CHEQUE CLEARING                  5686661                                 100,000.00          202,469.52\n            //1016191211230802                                                                                     \n                                                                                                                   \n03-MAY-21   CHEQUE CLEARING                  0725201                                  60,000.00          262,469.52\n            //1016191211230804                                                                                     \n                                                                                                                   \n03-MAY-21   CHEQUE CLEARING                  0428974                                 100,000.00          362,469.52\n            //1016191211230805                                                                                     \n                                                                                                                   \n03-MAY-21   BACH Service Charge with VAT     1280977                  10.00                              362,459.52\n            BACH service charge & VAT                                                                              \n            Ag.Cheque No: 1280977                                                                                  \n            //1016192211230799                                                                                     \n                                                                                                                   \n03-MAY-21   BACH Service Charge with VAT     5686661                  10.00                              362,449.52\n            BACH service charge & VAT                                                                              \n            Ag.Cheque No: 5686661                                                                                  \n            //1016192211230802                                                                                     \n                                                                                                                   \n03-MAY-21   BACH Service Charge with VAT     0725201                  10.00                              362,439.52\n            BACH service charge & VAT                                                                              \n            Ag.Cheque No: 0725201                                                                                  \n            //1016192211230804                                                                                     \n                                                                                                                   \n03-MAY-21   BACH Service Charge with VAT     0428974                  10.00                              362,429.52\n            BACH service charge & VAT                                                                              \n            Ag.Cheque No: 0428974                                                                                  \n            //1016192211230805                                                                                     \n                                                                                                                   \n03-MAY-21   EXCISE DUTY of 1161440397416                           3,000.00                              359,429.52\n            //116EXD3BDT 00001                                                                                     \n                                                                                                                   \n05-MAY-21   CASH DEPOSIT Cash Deposit -                                                5,000.00          364,429.52\n            //133CHDP21125K3DJ                                                                                     \n                                                                                                                   \n06-MAY-21   TRANSFER REMITTANCE OF CAD                           357,734.00                                6,695.52\n\n5,035.67 AT 86.5694. RELATED                                                                           \n            OTT REFERENCE 999OR07211265962                                                                         \n            //1011812211260017                                                                                     \n                                                                                                                   \n06-MAY-21   TRANSFER COMMISSION, SWIFT,                            4,067.10                                2,628.42\n            CORRESPONDENT CHARGES AND                                                                              \n            REALTED VAT AGAINST REMITTANCE                                                                         \n            OF CAD 5,035.67 AT 86.5694 FOR                                                                         \n            BDT 4,067.09 OTT:                                                                                      \nMIR BARAT ALI                                                                                                      \nTA-159,MIDDLE BADDA.                                                                                               \n5TH FLOOR,                                                                                                         \nGULSHAN-1                                                                                                          \nDHAKA                                                                                                              \n                                                                    Account Number : 1161440397416                 \n                                                                    Product Name   : EBL Power Savings             \n                                                                    Period From    : 16-JUL-20 - 30-JUN-23         \n                                                                    Page           : 3                             \nEASTERN BANK PLC.                                                   Currency Name  : BANGLADESH TAKA               \nBanani Branch                                                       Branch Code    : 116                           \nSkylark MAK 84                                                      Customer Id    : 2378509                       \nHouse-84, Road-11, Block-D, Banani Model    ONLINE STATEMENT                                                       \nTown                                                                                                               \nGulshan, Dhaka-1213, Bangladesh.                                                                                   \nTRN. DATE  DESCRIPTIONS                       REFERENCES               DEBITS         CREDITS             BALANCE  \n            999OR07211265962                                                                                       \n            //1011812211260019                                                                                     \n                                                                                                                   \n31-MAY-21   IC INTEREST LIQUIDATION -                                                     60.19            2,688.61\n            1161440397416 //116I144BDT 00001                                                                       \n                                                                                                                   \n31-MAY-21   WITHOLDING SOURCE TAX ON CASA                              6.02                                2,682.59\n            ACCOUNT - 1161440397416                                                                                \n            //116I144BDT 00002                                                                                     \n                                                                                                                   \n13-JUL-21   Debit Card Annual Fee                                    690.00                                1,992.59\n            539280******4160;BDT_DC Soft                                                                           \n            Ren Fees and vat for-07-2021                                                                           \n            //9998051211940221                                                                                     \n                                                                                                                   \n13-JUL-21   Debit Card SMS Fee                                       230.00                                1,762.59\n            539280******4160;BDT_DC SMS                                                                            \n            Fees and vat for-07-2021                                                                               \n            //9998061211944316                                                                                     \n                                                                                                                   \n31-DEC-21   EXCISE DUTY of 1161440397416                             150.00                                1,612.59\n            //116EXD3BDT 00001                                                                                     \n                                                                                                                   \n12-JUL-22   Debit Card Annual Fee                                    690.00                                  922.59\n            539280******4160;BDT_DC Soft                                                                           \n            Ren Fees and vat for-07-2022                                                                           \n            //9998051221934521                                                                                     \n                                                                                                                   \n13-JUL-22   Debit Card SMS Fee                                       345.00                                  577.59\n            539280******4160;BDT_DC SMS                                                                            \n            Fees and vat for-07-2022                                                                               \n            //9998061221944862                                                                                     \n                                                                                                                   \n            STATEMENT CLOSING BALANCE                                                                      577.59  \n-------------------------------------------------------------------------------------------------------------------\n              OPENING BALANCE                        0.00                                                          \n              DEBITS                         3,026,777.46       DRCOUNT 29                                         \n              CREDITS                        3,027,355.05       CRCOUNT 15                                         \n              UNCOLLECTED FUNDS                                                                                    \n              UNSETTLED DEBIT CARD TRANSACTION          0                                                          \n              * = UNAUTH ENTRY / R = REVERSAL', '2025-10-08', 'Normal', 'NBR,BTRC', 1, NULL, NULL, NULL, NULL, 0, NULL, NULL, NULL, NULL, 0, 1, 3, '213123', 1, '2025-10-11 07:01:38', '2025-10-11 22:08:05');
INSERT INTO `file_repo` (`id`, `tracking_no`, `sarok_no`, `title`, `file_name`, `file_path`, `file_type`, `page_count`, `content`, `relevant_date`, `urgency`, `tags`, `department_id`, `sender_department_id`, `sender_department_custom_name`, `sender_designation`, `sender_name`, `is_sender_ict`, `receiver_department_id`, `receiver_department_custom_name`, `receiver_designation`, `receiver_name`, `is_receiver_ict`, `desk_id`, `status`, `remarks`, `uploaded_by`, `created_at`, `updated_at`) VALUES
(10, 'FR-20251011-0010', NULL, '12312', 'Elite_midland.pdf', 'uploads/files/UOPxOBl0Vv8GGyQGwhYp6dxblX4yvoGIst17Z3Lj.pdf', 'application/pdf', 47, 'Head Office\nN. B Tower (Level 6-9), 40/7, North Avenue, \nGulshan - 2, Dhaka-1212\nContact Centre :16596, 09617016596, \n09611016596\nFAX	:880-2-55052214\nSWIFT	:MDBLBDDH\nELITE SECURITY SERVICES LIMITED\nStatement of Account \nAccount No. :\nOpened date 	23-August-2017\n:\nExpiry date :\nCurrency Code :\nStatement Date: 01-JUL-2017 to 15-JAN-2025\nStatus :\nOPERATIVE\nELITE TOWER, H-03, R-6/A, B-J, BARIDHARA,\n0011-1050002714\nCURRENT DEPOSIT\nTK\nDate Value \nDate\nBranch\nCode\nParticular	Withdrawal(Dr)	BalanceDeposit(Cr)	Trn.\nTime\nBatchNo\nOPENING BALANCE 0.00 0.00	001101/07/17 01/07/17	00:00\nCash -  MD ALI 0.00 10,000.00	001123/08/17 23/08/17	CR 10,000.00	16:31\nTransfer -  Security service bill for the m/o Sep \n2017-18 Batch- HSA199992\n 0.00 886,500.00	999905/10/17 05/10/17	CR 896,500.00	12:14\nTransfer -  Cheque Book Issue Charge Debited \nby A/C No. 902934 Batch- CHQ10011264\n 71.50 0.00	001109/10/17 09/10/17	CR 896,428.50	16:01\nCash - CA0396776 MR ABU SAMAD Amount \nexceeded TP.\n 818,476.00 0.00	001109/10/17 09/10/17	CR 77,952.50	16:06\nCLG -  HV / PUBALI BANK LTD. / MOHAKHALI / \n8129889 Batch- CLGP10011176\n 0.00 1,195,540.00	001107/11/17 07/11/17	CR 1,273,492.50	15:20\nCharge -  BACH Clearing Charge & Vat / \n8129889 Batch- CCS10011262\n 60.00 0.00	001107/11/17 07/11/17	CR 1,273,432.50	15:53\nCash - ca0396777 abu sama,nur hossain \nMonthly Value exceeded TP. Amount exceeded \nTP.\n 1,250,000.00 0.00	001108/11/17 08/11/17	CR 23,432.50	13:51\nTransfer -  Security service bill for the m/o Nov  \n2017-18 Batch- HSA1999918\n 0.00 886,500.00	999905/12/17 05/12/17	CR 909,932.50	17:36\nCLG- Inward - CA0396778 HV / MUTUAL \nTRUST BANK LTD. / PRAGATI SARANI / \n0396778 /  Pay To: NOOR-E- ALAM Batch- \nCLGI1001185\n 900,000.00 0.00	001111/12/17 11/12/17	CR 9,932.50	12:48\nCharge -  Service Charge Batch- SC121050 575.00 0.00	001127/12/17 27/12/17	CR 9,357.50	21:17\nExcise Duty -  Excise Duty Batch- XD121050 2,500.00 0.00	001130/12/17 30/12/17	CR 6,857.50	11:24\nTransfer -  Security service bill for the m/o Dec  \n2017-18 Batch- HSA199996\n 0.00 960,963.00	999904/01/18 04/01/18	CR 967,820.50	12:57\nCash - ca0396779 mr nur hossain Amount \nexceeded TP.\n 927,776.00 0.00	001108/01/18 08/01/18	CR 40,044.50	15:18\nTransfer -  Security service bill for the m/o Jan  \n2018-18 Batch- HSA199991\n 0.00 1,096,004.00	999904/02/18 04/02/18	CR 1,136,048.50	11:37\nCash - ca0396780 cash Monthly Value \nexceeded TP. Amount exceeded TP.\n 1,100,000.00 0.00	001105/02/18 05/02/18	CR 36,048.50	11:29\nTransfer -  Security service bill for the m/o Feb  \n2018-18 Batch- HSA199993\n 0.00 1,076,040.00	999901/03/18 01/03/18	CR 1,112,088.50	13:06\nCash - ca0396781 mr nur hossain Monthly \nValue exceeded TP. Amount exceeded TP.\n 1,064,267.00 0.00	001108/03/18 08/03/18	CR 47,821.50	14:37\nTransfer -  Security service bill for the m/o \nMarch  2018-18 Batch- HSA199993\n 0.00 1,083,880.00	999901/04/18 01/04/18	CR 1,131,701.50	18:38\nCash - ca0396783 Foshiar,Tuhin 49,964.00 0.00	001108/04/18 08/04/18	CR 1,081,737.50	16:08\nCash - ca0396782 Nur hossain Monthly Value \nexceeded TP. Amount exceeded TP.\n 1,077,817.00 0.00	001108/04/18 08/04/18	CR 3,920.50	16:10\nTransfer -  Security service bill for the m/o April  \n2018-18 Batch- HSA199992\n 0.00 1,083,880.00	999930/04/18 30/04/18	CR 1,087,800.50	13:37\nCash - ca0396784 md nur hossain Monthly \nValue exceeded TP. Amount exceeded TP.\n 1,077,224.00 0.00	001109/05/18 09/05/18	CR 10,576.50	15:24\nPage 1 of 47\n 4:22:19PM\nPrinting Date : 19/01/25\n\nHead Office\nN. B Tower (Level 6-9), 40/7, North Avenue, \nGulshan - 2, Dhaka-1212\nContact Centre :16596, 09617016596, \n09611016596\nFAX	:880-2-55052214\nSWIFT	:MDBLBDDH\nDate Value \nDate\nBranch\nCode\nParticular	Withdrawal(Dr)	BalanceDeposit(Cr)	Trn.\nTime\nBatchNo\nTransfer -  Security service bill for the m/o May  \n2018-18 Batch- HSA199999\n 0.00 1,083,880.00	999903/06/18 03/06/18	CR 1,094,456.50	14:07\nCash - ca0396787 abu sama Amount exceeded \nTP.\n 627,605.00 0.00	001107/06/18 07/06/18	CR 466,851.50	13:15\nCash - ca0396786 farukul 308,146.00 0.00	001107/06/18 07/06/18	CR 158,705.50	13:16\nCash - ca0396785 cash 52,535.00 0.00	001107/06/18 07/06/18	CR 106,170.50	14:04\nCharge -  Service Charge Batch- SC061050 575.00 0.00	001130/06/18 30/06/18	CR 105,595.50	17:29\nTransfer -  Security service bill for the m/o June  \n2018-18 Batch- HSA199992\n 0.00 1,125,235.00	999903/07/18 03/07/18	CR 1,230,830.50	12:44\nOn-Line Cash - ca0396788 mr.ahmed ali \nMonthly Value exceeded TP. Amount exceeded \nTP. Batch- OnL100156\n 1,200,000.00 0.00	001510/07/18 10/07/18	CR 30,830.50	10:43\nTransfer -  Security service bill for the m/o July  \n2018-18 Batch- HSA199995\n 0.00 1,219,430.00	999901/08/18 01/08/18	CR 1,250,260.50	18:30\nCash - ca0396789 mr foshiar 65,091.00 0.00	001109/08/18 09/08/18	CR 1,185,169.50	12:09\nCash - ca0396791 md nur hossain Monthly \nValue exceeded TP. Amount exceeded TP.\n 1,112,059.00 0.00	001109/08/18 09/08/18	CR 73,110.50	14:31\nTransfer -  Security service bill for the m/o \nAugust  2018-18 Batch- HSA1999952\n 0.00 1,219,430.00	999919/08/18 19/08/18	CR 1,292,540.50	16:26\nCash - ca0396793 marhar 141,220.00 0.00	001110/09/18 10/09/18	CR 1,151,320.50	10:24\nCash - ca0396792 mr nur hossain Monthly \nValue exceeded TP. Amount exceeded TP.\n 1,127,079.00 0.00	001110/09/18 10/09/18	CR 24,241.50	14:39\nTransfer -  Security service bill for the m/o \nSeptember  2018-18 Batch- HSA199994\n 0.00 1,203,670.00	999901/10/18 01/10/18	CR 1,227,911.50	16:19\nCash - ca0396795 mr foshiar 47,945.00 0.00	001108/10/18 08/10/18	CR 1,179,966.50	13:12\nOn-Line Cash - ca0396794 nur hossain Monthly \nValue exceeded TP. Amount exceeded TP. \nBatch- OnL10002230\n 1,102,639.00 0.00	000208/10/18 08/10/18	CR 77,327.50	16:13\nCharge -  Cheque Book Issue Charge Debited \nby A/C No. 902934 Batch- CHQ1001158\n 230.00 0.00	001114/10/18 14/10/18	CR 77,097.50	12:26\nTransfer -  Security service bill for the m/o \nOctober  2018-18 Batch- HSA199992\n 0.00 1,227,310.00	999901/11/18 01/11/18	CR 1,304,407.50	13:14\nCash - CA0396796 CASH Monthly Value \nexceeded TP. Amount exceeded TP.\n 1,300,000.00 0.00	001102/12/18 02/12/18	CR 4,407.50	12:09\nTransfer -  Security service bill for the m/o Nov  \n2018-18 Batch- HSA199992\n 0.00 1,358,939.00	999903/12/18 03/12/18	CR 1,363,346.50	14:33\nCharge -  Service Charge Batch- SC121050 575.00 0.00	001127/12/18 27/12/18	CR 1,362,771.50	23:23\nExcise Duty -  Excise Duty Batch- XD121050 2,500.00 0.00	001127/12/18 27/12/18	CR 1,360,271.50	03:17\nTransfer -  Security service bill for the m/o \nDecember  2018-18 Batch- HSA199992\n 0.00 1,388,375.00	999901/01/19 01/01/19	CR 2,748,646.50	19:33\nOn-Line Cash - ca0396797 ahmed ali Monthly \nValue exceeded TP. Amount exceeded TP. \nBatch- OnL100155\n 2,700,000.00 0.00	001510/01/19 10/01/19	CR 48,646.50	10:20\nTransfer -  Security service bill for the m/o Jan  \n2019-16 Batch- HSA199992\n 0.00 1,592,592.00	999904/03/19 04/03/19	CR 1,641,238.50	15:08\nCLG- Inward - CA0396798 HV / DUTCH \nBANGLA BANK LTD. / TRUNCATION POINT / \n0396798 / Pay To : liton kumar shah Batch- \nCLGI10011180\n 1,623,090.00 0.00	001110/03/19 10/03/19	CR 18,148.50	13:09\nTransfer -  Security service bill for the m/o Feb \n2019-16 Batch- HSA199998\n 0.00 1,967,840.00	999902/04/19 02/04/19	CR 1,985,988.50	13:28\nCash - ca0396799 MD MAZAR Monthly Value \nexceeded TP. Amount exceeded TP.\n 1,900,000.00 0.00	001115/04/19 15/04/19	CR 85,988.50	14:02\nPage 2 of 47\n 4:22:19PM\nPrinting Date : 19/01/25\n\nHead Office\nN. B Tower (Level 6-9), 40/7, North Avenue, \nGulshan - 2, Dhaka-1212\nContact Centre :16596, 09617016596, \n09611016596\nFAX	:880-2-55052214\nSWIFT	:MDBLBDDH\nDate Value \nDate\nBranch\nCode\nParticular	Withdrawal(Dr)	BalanceDeposit(Cr)	Trn.\nTime\nBatchNo\nTransfer -  Security service bill for the m/o Mar \n2019-16 Batch- HSA199993\n 0.00 1,967,840.00	999902/05/19 02/05/19	CR 2,053,828.50	19:16\nCash - ca0396800 cash Monthly Value \nexceeded TP. Amount exceeded TP.\n 1,999,978.00 0.00	001114/05/19 14/05/19	CR 53,850.50	14:26\nTransfer -  Security service bill for the m/o Apr  \n2019-16 Batch- HSA19999245\n 0.00 1,967,840.00	999929/05/19 29/05/19	CR 2,021,690.50	17:21\nCash - ca0762726 md mazher Monthly Value \nexceeded TP. Amount exceeded TP.\n 2,018,084.00 0.00	001117/06/19 17/06/19	CR 3,606.50	15:48\nCharge -  Service Charge Batch- SC061050 575.00 0.00	001130/06/19 30/06/19	CR 3,031.50	00:29\nTransfer -  Security service bill for the m/o May  \n2019-16 Batch- HSA1999910\n 0.00 1,967,840.00	999902/07/19 02/07/19	CR 1,970,871.50	15:49\nOn-Line Cash - ca0762728 kabir \n(0026-1350000928) Batch- OnL10026613\n 164,925.00 0.00	002609/07/19 09/07/19	CR 1,805,946.50	13:13\nCash - ca0762727 nur hosen Monthly Value \nexceeded TP. Amount exceeded TP.\n 1,444,675.00 0.00	001110/07/19 10/07/19	CR 361,271.50	14:46\nOn-Line Cash - ca0762729 ssharaful islam \nMonthly Value exceeded TP. Batch- \nOnL100261181\n 211,102.00 0.00	002614/07/19 14/07/19	CR 150,169.50	14:15\nTransfer -  Security service bill for the m/o June  \n2019-16 Batch- HSA199995\n 0.00 1,978,816.00	999901/08/19 01/08/19	CR 2,128,985.50	15:19\nCash - ca0762730 foshiar Monthly Value \nexceeded TP. Amount exceeded TP.\n 2,021,150.00 0.00	001108/08/19 08/08/19	CR 107,835.50	12:35\nTransfer -  Security service bill for the m/o July  \n2019-16 Batch- HSA1999924\n 0.00 2,032,520.00	999901/09/19 01/09/19	CR 2,140,355.50	18:39\nOn-Line Cash - CA0762732 ABED \nCHOWDHURY Amount exceeded TP. Batch- \nOnL1000872\n 604,213.00 0.00	000808/09/19 08/09/19	CR 1,536,142.50	16:14\nOn-Line Cash - ca0762733 Md Kabir Hossain \nBatch- OnL10026520\n 146,875.00 0.00	002608/09/19 08/09/19	CR 1,389,267.50	16:50\nCash - ca0762734 md nur hossain Monthly \nValue exceeded TP. Amount exceeded TP.\n 1,377,935.00 0.00	001109/09/19 09/09/19	CR 11,332.50	15:22\nTransfer -  Security service bill for the m/o Aug  \n2019-16 Batch- HSA1999917\n 0.00 2,032,520.00	999901/10/19 01/10/19	CR 2,043,852.50	15:22\nCash - CA0762735 MD ABU SAMAN Amount \nexceeded TP.\n 742,432.00 0.00	001109/10/19 09/10/19	CR 1,301,420.50	10:44\nCash - ca0762738 bulbul ahmed Monthly Value \nexceeded TP. Amount exceeded TP.\n 747,174.00 0.00	001109/10/19 09/10/19	CR 554,246.50	11:27\nCash - ca0762736 md khokon mahmud Monthly \nValue exceeded TP.\n 260,929.00 0.00	001109/10/19 09/10/19	CR 293,317.50	11:29\nCash - CA0762737 MD YOUNUS Monthly Value \nexceeded TP.\n 37,134.00 0.00	001109/10/19 09/10/19	CR 256,183.50	11:44\nOn-Line Cash - ca0762739 kabir ( Monthly \nValue exceeded TP. Batch- OnL10026507\n 143,000.00 0.00	002609/10/19 09/10/19	CR 113,183.50	12:01\nCash - CA0762740 MD FASHIER Monthly Value \nexceeded TP.\n 41,278.00 0.00	001109/10/19 09/10/19	CR 71,905.50	12:03\nTransfer -  Security service bill for the m/o Sep  \n2019-16 Batch- HSA1999917\n 0.00 2,039,314.00	999903/11/19 03/11/19	CR 2,111,219.50	14:44\nCash - ca0762742 md abu sama Amount \nexceeded TP.\n 750,068.00 0.00	001107/11/19 07/11/19	CR 1,361,151.50	12:58\nCash - ca0762741 nur hossain Monthly Value \nexceeded TP. Amount exceeded TP.\n 1,337,871.00 0.00	001107/11/19 07/11/19	CR 23,280.50	15:32\nTransfer -  Security service bill for the m/o Oct  \n2019-16 Batch- HSA199999\n 0.00 2,039,314.00	999902/12/19 02/12/19	CR 2,062,594.50	14:02\nCash - ca0762745 md khokon 281,702.00 0.00	001108/12/19 08/12/19	CR 1,780,892.50	12:49\nPage 3 of 47\n 4:22:19PM\nPrinting Date : 19/01/25\n\nHead Office\nN. B Tower (Level 6-9), 40/7, North Avenue, \nGulshan - 2, Dhaka-1212\nContact Centre :16596, 09617016596, \n09611016596\nFAX	:880-2-55052214\nSWIFT	:MDBLBDDH\nDate Value \nDate\nBranch\nCode\nParticular	Withdrawal(Dr)	BalanceDeposit(Cr)	Trn.\nTime\nBatchNo\nOn-Line Cash - ca0762746 abed Batch- \nOnL10002283\n 591,014.00 0.00	000208/12/19 08/12/19	CR 1,189,878.50	12:55\nOn-Line Cash - ca0762747 kabir Monthly Value \nexceeded TP. Batch- OnL10026466\n 145,491.00 0.00	002608/12/19 08/12/19	CR 1,044,387.50	13:01\nCash - ca0762743 md abu sama Monthly Value \nexceeded TP.\n 765,227.00 0.00	001108/12/19 08/12/19	CR 279,160.50	14:56\nCash - ca0762748 md foshier Monthly Value \nexceeded TP.\n 41,293.00 0.00	001108/12/19 08/12/19	CR 237,867.50	15:06\nCash - ca0762744 md samsuzzaman Monthly \nValue exceeded TP.\n 212,927.00 0.00	001108/12/19 08/12/19	CR 24,940.50	15:14\nCharge -  Service Charge Batch- SC121050 345.00 0.00	001130/12/19 30/12/19	CR 24,595.50	00:34\nExcise Duty -  Excise Duty Batch- XD121050 2,500.00 0.00	001130/12/19 30/12/19	CR 22,095.50	18:32\nTransfer -  Statement Charge of A/c \n0011-1050002714 Batch- 10011196\n 29.00 0.00	001101/01/20 01/01/20	CR 22,066.50	13:39\nTransfer -  Security service bill for the m/o Nov  \n2019-16 Batch- HSA199992\n 0.00 2,039,314.00	999902/01/20 02/01/20	CR 2,061,380.50	15:40\nCash - ca0762749 mazher Monthly Value \nexceeded TP. Amount exceeded TP.\n 2,000,000.00 0.00	001108/01/20 08/01/20	CR 61,380.50	15:48\nTransfer -  Security service bill for the m/o Dec \n2020-16 Batch- HSA1999917\n 0.00 2,077,408.00	999903/02/20 03/02/20	CR 2,138,788.50	13:25\nOn-Line Cash - ca0762750 Ahmed ali Batch- \nOnL1001560\n 700,000.00 0.00	001511/02/20 11/02/20	CR 1,438,788.50	12:54\nOn-Line Cash - ca0762751 Ahmed ali Monthly \nValue exceeded TP. Batch- OnL1001561\n 700,000.00 0.00	001511/02/20 11/02/20	CR 738,788.50	12:55\nOn-Line Cash - ca0762752 Mr. ahmed ali \nMonthly Value exceeded TP. Batch- \nOnL1001563\n 727,278.00 0.00	001511/02/20 11/02/20	CR 11,510.50	12:56\nTransfer -  Security service bill for the m/o Jan \n2020-16 Batch- HSA1999915\n 0.00 2,163,902.00	999901/03/20 01/03/20	CR 2,175,412.50	18:05\nTransfer -  Statement charge of a/c \n0011-1050002714 Batch- 10011203\n 29.00 0.00	001104/03/20 04/03/20	CR 2,175,383.50	13:40\nCash - ca0762754 abu sama 724,007.00 0.00	001109/03/20 09/03/20	CR 1,451,376.50	13:10\nOn-Line Cash - ca0762757 Kabir Batch- \nOnL10026704\n 68,720.00 0.00	002609/03/20 09/03/20	CR 1,382,656.50	13:16\nCash - CA0762755 JAHID 42,927.00 0.00	001109/03/20 09/03/20	CR 1,339,729.50	13:19\nCash - ca0762758 foshiar 40,043.00 0.00	001109/03/20 09/03/20	CR 1,299,686.50	13:47\nCash - CA0762756 SHAMSUSZAMAN 79,130.00 0.00	001110/03/20 10/03/20	CR 1,220,556.50	11:18\nCash - CA0762753 NUR HOSSAIN Monthly \nValue exceeded TP.\n 728,369.00 0.00	001110/03/20 10/03/20	CR 492,187.50	12:40\nCash - CA0762759 ABDUR RAHIM Monthly \nValue exceeded TP.\n 450,000.00 0.00	001112/03/20 12/03/20	CR 42,187.50	15:22\nTransfer -  Security service bill for the m/o Feb \n2020-16 Batch- HSA199994\n 0.00 2,163,902.00	999923/03/20 23/03/20	CR 2,206,089.50	12:04\nCash - ca0762760 cash Number of Tran. \nexceeded TP. Monthly Value exceeded TP. \nAmount exceede\n 2,200,000.00 0.00	001130/03/20 30/03/20	CR 6,089.50	11:09\nOn-Line Transfer -  Security service bill  for the \nm/o Mar 2020 Batch- MONL199992\n 0.00 2,163,902.00	999909/04/20 09/04/20	CR 2,169,991.50	14:16\nCash - ca0762761 mohammad ali Monthly Value \nexceeded TP. Amount exceeded TP.\n 2,100,000.00 0.00	001119/04/20 19/04/20	CR 69,991.50	12:05\nOn-Line Cash -  kabir hossain Batch- \nOnL100265\n 0.00 290,000.00	002621/04/20 21/04/20	CR 359,991.50	10:35\nTransfer -  Security service bill for the m/o Apr \n2020-16 Batch- HSA199995\n 0.00 2,177,560.00	999903/05/20 03/05/20	CR 2,537,551.50	13:23\nPage 4 of 47\n 4:22:19PM\nPrinting Date : 19/01/25\n\nHead Office\nN. B Tower (Level 6-9), 40/7, North Avenue, \nGulshan - 2, Dhaka-1212\nContact Centre :16596, 09617016596, \n09611016596\nFAX	:880-2-55052214\nSWIFT	:MDBLBDDH\nDate Value \nDate\nBranch\nCode\nParticular	Withdrawal(Dr)	BalanceDeposit(Cr)	Trn.\nTime\nBatchNo\nCash - CA0762762 MOHAMMAD ALI Monthly \nValue exceeded TP. Amount exceeded TP.\n 2,500,000.00 0.00	001112/05/20 12/05/20	CR 37,551.50	14:08\nTransfer -  Security service bill for the m/o May \n2020-16 Batch- HSA199996\n 0.00 2,177,560.00	999901/06/20 01/06/20	CR 2,215,111.50	16:15\nCharge -  Service Charge Batch- SC061050 345.00 0.00	001130/06/20 30/06/20	CR 2,214,766.50	01:01\nTransfer -  Security service bill for the m/o June \n2020-16 Batch- HSA199996\n 0.00 1,703,450.00	999902/07/20 02/07/20	CR 3,918,216.50	16:05\nOn-Line Cash -  self Batch- OnL10026313 0.00 290,000.00	002602/07/20 02/07/20	CR 4,208,216.50	16:56\nCLG- Inward - CA0762763 HV / UNITED \nCOMMERCIAL BANK LTD. / TRUNCATION POINT \n/ 0762763 / Pay To : ELITE SECURITY SERVICES \nltd Batch- CLGI10011146\n 4,200,000.00 0.00	001113/07/20 13/07/20	CR 8,216.50	12:59\nOn-Line Cash -  mr kabir Batch- OnL10026822 0.00 290,000.00	002614/07/20 14/07/20	CR 298,216.50	16:36\nOn-Line Cash -  kabir Batch- OnL10026311 0.00 88,500.00	002630/07/20 30/07/20	CR 386,716.50	13:33\nCLG- Inward - CA0762764 RV / BANK ASIA \nLTD. / TRUNCATION POINT / 0762764 / Pay To : \npinnacle power ltd Batch- CLGI10011187\n 217,077.00 0.00	001103/08/20 03/08/20	CR 169,639.50	13:59\nTransfer -  Security service bill for the m/o July \n2020-16 Batch- HSA199994\n 0.00 1,798,155.00	999904/08/20 04/08/20	CR 1,967,794.50	14:25\nOn-Line Cash -  md kabir hossain Batch- \nOnL10026377\n 0.00 290,000.00	002620/08/20 20/08/20	CR 2,257,794.50	11:30\nCash - ca0762765 cash Monthly Value \nexceeded TP. Amount exceeded TP.\n 1,815,590.00 0.00	001126/08/20 26/08/20	CR 442,204.50	13:43\nTransfer -  Security service bill for the m/o Aug \n2020-16 Batch- HSA1999923\n 0.00 1,813,350.00	999902/09/20 02/09/20	CR 2,255,554.50	14:57\nOn-Line Cash -  Kabir hossen Batch- \nOnL10026368\n 0.00 350,000.00	002617/09/20 17/09/20	CR 2,605,554.50	11:31\nTransfer -  Bank statement charge Batch- \n10011540\n 287.50 0.00	001105/10/20 05/10/20	CR 2,605,267.00	16:32\nCLG- Inward - CA0762766 HV / UNITED \nCOMMERCIAL BANK LTD. / TRUNCATION POINT \n/ 0762766 / Pay To : ELITE SECURITY SERVICES \nLIMITED Batch- CLGI10011204\n 2,200,000.00 0.00	001111/10/20 11/10/20	CR 405,267.00	13:12\nTransfer -  Security service bill for the m/o Sep \n2020-16 Batch- HSA1999916\n 0.00 1,817,616.00	999902/11/20 02/11/20	CR 2,222,883.00	16:47\nCash - CA0762767 MAZHARUL Monthly Value \nexceeded TP. Amount exceeded TP.\n 1,886,447.00 0.00	001108/11/20 08/11/20	CR 336,436.00	12:36\nCash - CA0762768 MAZHARUL Monthly Value \nexceeded TP.\n 322,687.00 0.00	001108/11/20 08/11/20	CR 13,749.00	12:38\nOn-Line Cash -  kabir Batch- OnL10026538 0.00 290,000.00	002617/11/20 17/11/20	CR 303,749.00	12:20\nTransfer -  Security service bill for the m/o Oct \n2020-16 Batch- HSA1999926\n 0.00 1,797,650.00	999901/12/20 01/12/20	CR 2,101,399.00	18:31\nTransfer -  Bank account statement charge \nBatch- 10011238\n 287.50 0.00	001103/12/20 03/12/20	CR 2,101,111.50	12:48\nCLG- Inward - CA0762769 HV / UNITED \nCOMMERCIAL BANK LTD. / TRUNCATION POINT \n/ 0762769 / Pay To : ELITE SECURITY SERVICES \nLIMITED Batch- CLGI10011236\n 2,000,000.00 0.00	001110/12/20 10/12/20	CR 101,111.50	12:58\nCharge -  Service Charge Batch- SC121050 345.00 0.00	001130/12/20 30/12/20	CR 100,766.50	21:35\nExcise Duty -  Excise Duty Batch- XD121050 3,000.00 0.00	001130/12/20 30/12/20	CR 97,766.50	23:50\nTransfer -  Security service bill for the m/o Nov \n2020-16 Batch- HSA199991\n 0.00 1,830,500.00	999903/01/21 03/01/21	CR 1,928,266.50	15:35\nOn-Line Cash -  babul Batch- OnL10026267 0.00 290,000.00	002618/01/21 18/01/21	CR 2,218,266.50	11:40\nPage 5 of 47\n 4:22:19PM\nPrinting Date : 19/01/25\n\nHead Office\nN. B Tower (Level 6-9), 40/7, North Avenue, \nGulshan - 2, Dhaka-1212\nContact Centre :16596, 09617016596, \n09611016596\nFAX	:880-2-55052214\nSWIFT	:MDBLBDDH\nDate Value \nDate\nBranch\nCode\nParticular	Withdrawal(Dr)	BalanceDeposit(Cr)	Trn.\nTime\nBatchNo\nCash - ca0762770 cash Monthly Value \nexceeded TP. Amount exceeded TP.\n 1,900,000.00 0.00	001125/01/21 25/01/21	CR 318,266.50	11:56\nTransfer -  Security service bill for the m/o Dec \n2020-16 Batch- HSA1999913\n 0.00 1,859,527.00	999902/02/21 02/02/21	CR 2,177,793.50	17:29\nCharge -  Cheque Book Issue Charge Debited \nby A/C No. 902934 Batch- CHQ10011285\n 288.00 0.00	001103/02/21 03/02/21	CR 2,177,505.50	13:27\nOn-Line Cash -  kabir hossain Batch- \nOnL1002674\n 0.00 290,000.00	002614/02/21 14/02/21	CR 2,467,505.50	10:26\nTransfer -  Security service bill for the m/o Jan \n2021-16 Batch- HSA1999915\n 0.00 1,894,300.00	999902/03/21 02/03/21	CR 4,361,805.50	17:02\nOn-Line Cash - CA0762772 MR. ABED Batch- \nOnL1000826\n 655,348.00 0.00	000814/03/21 14/03/21	CR 3,706,457.50	11:01\nCash - ca0762775 foshiar Monthly Value \nexceeded TP. Amount exceeded TP.\n 1,447,068.00 0.00	001114/03/21 14/03/21	CR 2,259,389.50	11:12\nOn-Line Cash - ca0762774 md robin Monthly \nValue exceeded TP. Batch- OnL1550411\n 709,008.00 0.00	550414/03/21 14/03/21	CR 1,550,381.50	11:57\nCash - ca0762771 md nur hossain Monthly \nValue exceeded TP.\n 734,653.00 0.00	001114/03/21 14/03/21	CR 815,728.50	12:55\nOn-Line Cash - CA0762773 NAWSHED Monthly \nValue exceeded TP. Batch- OnL10001148\n 796,769.00 0.00	000114/03/21 14/03/21	CR 18,959.50	14:15\nOn-Line Cash -  kabir hossain Batch- \nOnL10026626\n 0.00 290,000.00	002618/03/21 18/03/21	CR 308,959.50	16:28\nTransfer -  Security service bill for the m/o Feb \n2021-16 Batch- HSA1999917\n 0.00 1,893,850.00	999901/04/21 01/04/21	CR 2,202,809.50	17:32\nCLG- Inward - CA1749411 RV / UNITED \nCOMMERCIAL BANK LTD. / TRUNCATION POINT \n/ 1749411 / Pay To : elit Batch- CLGI10011370\n 2,200,000.00 0.00	001111/04/21 11/04/21	CR 2,809.50	12:49\nTransfer -  BEFTN Inward / ISLAMI BANK \nBANGLADESH LTD. / iBanking / iBanking Batch- \nTFE10011449\n 0.00 26,000.00	001122/04/21 22/04/21	CR 28,809.50	13:51\nOn-Line Cash -  md.kabir hossain Batch- \nOnL10026114\n 0.00 284,500.00	002628/04/21 28/04/21	CR 313,309.50	11:39\nTransfer -  BEFTN Inward / ISLAMI BANK \nBANGLADESH LTD. / iBanking / iBanking Batch- \nTFE10011612\n 0.00 39,000.00	001102/05/21 02/05/21	CR 352,309.50	14:05\nTransfer -  Security service bill for the m/o Mar \n2021-16 Batch- HSA1999962\n 0.00 1,918,654.00	999902/05/21 02/05/21	CR 2,270,963.50	16:12\nCLG- Inward - CA1749412 RV / UNITED \nCOMMERCIAL BANK LTD. / TRUNCATION POINT \n/ 1749412 / Pay To : elite sec Batch- \nCLGI10011289\n 2,250,000.00 0.00	001106/05/21 06/05/21	CR 20,963.50	11:57\nTransfer -  Security service bill for the m/o Apr \n2021-16 Batch- HSA1999924\n 0.00 1,862,450.00	999902/06/21 02/06/21	CR 1,883,413.50	15:10\nCLG- Inward - CA1749413 HV / UNITED \nCOMMERCIAL BANK LTD. / TRUNCATION POINT \n/ 1749413 / Pay To : ELITE SECURITY Batch- \nCLGI10011293\n 1,800,000.00 0.00	001110/06/21 10/06/21	CR 83,413.50	12:41\nTransfer -  Payment for cash carring bill Dec 20 \nto Feb 21 from Midland Bank Ltd -18 Batch- \nHSA199998\n 0.00 415,669.00	999914/06/21 14/06/21	CR 499,082.50	13:39\nOn-Line Cash -  MD. KABIR  HOSSAIN Batch- \nOnL1002673\n 0.00 290,000.00	002620/06/21 20/06/21	CR 789,082.50	10:52\nTransfer -  Payment for cash carring bill Mar 21 \nto May 21 from Midland Bank Ltd -22 Batch- \nHSA1999924\n 0.00 674,724.00	999930/06/21 30/06/21	CR 1,463,806.50	13:52\nPage 6 of 47\n 4:22:19PM\nPrinting Date : 19/01/25\n\nHead Office\nN. B Tower (Level 6-9), 40/7, North Avenue, \nGulshan - 2, Dhaka-1212\nContact Centre :16596, 09617016596, \n09611016596\nFAX	:880-2-55052214\nSWIFT	:MDBLBDDH\nDate Value \nDate\nBranch\nCode\nParticular	Withdrawal(Dr)	BalanceDeposit(Cr)	Trn.\nTime\nBatchNo\nTransfer -  Security service bill for the m/o May \n2021-16 Batch- HSA1999926\n 0.00 1,865,650.00	999930/06/21 30/06/21	CR 3,329,456.50	15:09\nCharge -  Service Charge Batch- SC061050 345.00 0.00	001130/06/21 30/06/21	CR 3,329,111.50	20:58\nCLG- Inward - CA1749414 RV / UNITED \nCOMMERCIAL BANK LTD. / TRUNCATION POINT \n/ 1749414 / Pay To : elite security Batch- \nCLGI10011276\n 3,300,000.00 0.00	001108/07/21 08/07/21	CR 29,111.50	13:09\nTransfer -  BEFTN Inward / ISLAMI BANK \nBANGLADESH LTD. / iBanking / iBanking Batch- \nTFE10011739\n 0.00 39,000.00	001118/07/21 18/07/21	CR 68,111.50	14:43\nTransfer -  Security service bill for the m/o Jun \n2021-16 Batch- HSA199996\n 0.00 1,894,914.00	999902/08/21 02/08/21	CR 1,963,025.50	15:49\nTransfer -  Statement charge of \nA/c-0011-1050002714,ELITE SECURITY \nSERVICES LIMITED Batch- 10011536\n 287.50 0.00	001103/08/21 03/08/21	CR 1,962,738.00	14:20\nCLG- Inward - CA1749415 RV / UNITED \nCOMMERCIAL BANK LTD. / TRUNCATION POINT \n/ 1749415 / Pay To : elite security services \nBatch- CLGI10011404\n 1,950,000.00 0.00	001109/08/21 09/08/21	CR 12,738.00	12:39\nTransfer -  BEFTN Inward / ISLAMI BANK \nBANGLADESH LTD. / iBanking / iBanking Batch- \nTFE10011654\n 0.00 26,000.00	001109/08/21 09/08/21	CR 38,738.00	14:16\nTransfer -  Payment for cash carring bill June \n2021 from Midland Bank Ltd -16 Batch- \nHSA199998\n 0.00 158,092.00	999901/09/21 01/09/21	CR 196,830.00	14:39\nTransfer -  Security service bill for the m/o Jul \n2021-16 Batch- HSA1999913\n 0.00 1,893,850.00	999901/09/21 01/09/21	CR 2,090,680.00	17:32\nCLG- Inward - CA1749416 RV / UNITED \nCOMMERCIAL BANK LTD. / TRUNCATION POINT \n/ 1749416 / Pay To : ELITE SECURITY Batch- \nCLGI10011371\n 2,050,000.00 0.00	001105/09/21 05/09/21	CR 40,680.00	13:57\nTransfer -  BEFTN Inward / STANDARD \nCHARTERED BANK LTD. / SCB / EFT STS PM \nBatch- TFE1001159\n 0.00 492,245.00	001112/09/21 12/09/21	CR 532,925.00	10:30\nOn-Line Cash -  md kobir hossain Batch- \nOnL1002622\n 0.00 290,000.00	002616/09/21 16/09/21	CR 822,925.00	10:15\nTransfer -  Security service bill for the m/o Aug \n2021-16 Batch- HSA1999915\n 0.00 1,898,155.00	999903/10/21 03/10/21	CR 2,721,080.00	17:29\nTransfer -  BEFTN Inward / ISLAMI BANK \nBANGLADESH LTD. / iBanking / iBanking Batch- \nTFE10011237\n 0.00 26,000.00	001106/10/21 06/10/21	CR 2,747,080.00	13:13\nCLG- Inward - CA1749417 HV / UNITED \nCOMMERCIAL BANK LTD. / TRUNCATION POINT \n/ 1749417 / Pay To : ELITE SECURITY Batch- \nCLGI10011286\n 2,700,000.00 0.00	001110/10/21 10/10/21	CR 47,080.00	13:36\nTransfer -  Payment for cash carring bill July \n2021 from Midland Bank Ltd -16 Batch- \nHSA1999912\n 0.00 146,272.00	999912/10/21 12/10/21	CR 193,352.00	13:57\nOn-Line Cash -  babul hossain Batch- \nOnL1002654\n 0.00 290,000.00	002614/10/21 14/10/21	CR 483,352.00	10:31\nCash - ca1749418 cash 300,000.00 0.00	001124/10/21 24/10/21	CR 183,352.00	13:04\nTransfer -  PAYMENT FOR CASH CARRING \nBILL AUG 2021 FROM MIDLAND BANK LTD -15 \nBatch- HSA1999911\n 0.00 129,527.00	999925/10/21 25/10/21	CR 312,879.00	10:58\nPage 7 of 47\n 4:22:19PM\nPrinting Date : 19/01/25\n\nHead Office\nN. B Tower (Level 6-9), 40/7, North Avenue, \nGulshan - 2, Dhaka-1212\nContact Centre :16596, 09617016596, \n09611016596\nFAX	:880-2-55052214\nSWIFT	:MDBLBDDH\nDate Value \nDate\nBranch\nCode\nParticular	Withdrawal(Dr)	BalanceDeposit(Cr)	Trn.\nTime\nBatchNo\nTransfer -  SECURITY SERVICE BILL FOR THE \nM/O SEP 2021-16 Batch- HSA1999911\n 0.00 1,905,512.00	999901/11/21 01/11/21	CR 2,218,391.00	17:52\nTransfer -  BEFTN Inward / COMMERCIAL BANK \nOF CEYLON / CHEQUES IN TRANS / TRANSFER \nBatch- TFE10011538\n 0.00 63,144.00	001107/11/21 07/11/21	CR 2,281,535.00	15:41\nCash - ca1749419 cash Monthly Value \nexceeded TP. Amount exceeded TP.\n 2,200,000.00 0.00	001108/11/21 08/11/21	CR 81,535.00	13:09\nCLG -  RV / RUPALI BANK LTD. / TOTAIL / \n1115505 / Rv Clg Chq# 1115505 Batch- \nCLGP10011323\n 0.00 31,800.00	002508/11/21 08/11/21	CR 113,335.00	13:41\nTransfer -  BEFTN Inward / STANDARD \nCHARTERED BANK LTD. / SCB / EFT PMT \nBatch- TFE10011624\n 0.00 348,878.00	001114/11/21 14/11/21	CR 462,213.00	18:39\nTransfer -  BEFTN Inward / ISLAMI BANK \nBANGLADESH LTD. / iBanking / iBanking Batch- \nTFE10011627\n 0.00 26,000.00	001115/11/21 15/11/21	CR 488,213.00	16:57\nCLG -  RV / NATIONAL BANK LTD. / \nMOHAKHALI / 7772334 / Batch- CLGP10011228\n 0.00 287,678.00	001116/11/21 16/11/21	CR 775,891.00	13:55\nCharge -  BACH Clearing Charge & Vat / RV / \nNATIONAL BANK LTD. / MOHAKHALI / 7772334 \n/ Batch- CCS10011514\n 10.00 0.00	001116/11/21 16/11/21	CR 775,881.00	17:53\nOn-Line Cash -  Md.Kabir Hossain \n0026-1350000928 Batch- OnL1002639\n 0.00 290,000.00	002617/11/21 17/11/21	CR 1,065,881.00	10:27\nTransfer -  PAYMENT FOR CASH CARRING \nBILL SEPTEMBER 2021 FROM MIDLAND BANK \nLTD -17 Batch- HSA1999927\n 0.00 147,750.00	999924/11/21 24/11/21	CR 1,213,631.00	14:29\nTransfer -  EFTICE / CCEY / FRENCH EMBASSY \n/ TRANSFER Batch- TFE10011547\n 0.00 63,144.00	001130/11/21 30/11/21	CR 1,276,775.00	15:50\nTransfer -  EFTICE / CCEY / FRENCH EMBASSY \n/ TRANSFER Batch- TFE10011548\n 0.00 63,144.00	001130/11/21 30/11/21	CR 1,339,919.00	15:50\nCLG- Inward - CA1749420 RV / UNITED \nCOMMERCIAL BANK LTD. / TRUNCATION POINT \n/ 1749420 / Pay To : elite secu Batch- \nCLGI10011338\n 1,200,000.00 0.00	001101/12/21 01/12/21	CR 139,919.00	14:54\nTransfer -  EFTICE / SCBL / SCB / EFT PMNT \nBatch- TFE1999916\n 0.00 16,745.00	001101/12/21 01/12/21	CR 156,664.00	17:13\nTransfer -  SECURITY SERVICE BILL FOR THE \nM/O OCT 2021-16 Batch- HSA1999927\n 0.00 1,974,707.00	999902/12/21 02/12/21	CR 2,131,371.00	15:02\nTransfer -  EFTICE / IBBL / iBanking / iBanking \nBatch- TFE10011621\n 0.00 26,000.00	001105/12/21 05/12/21	CR 2,157,371.00	16:57\nCLG- Inward - CA1749421 HV / UNITED \nCOMMERCIAL BANK LTD. / TRUNCATION POINT \n/ 1749421 / Pay To : elite securities ltd Batch- \nCLGI10011147\n 2,100,000.00 0.00	001107/12/21 07/12/21	CR 57,371.00	12:29\nTransfer -  EFTICE / SCBL / SCB / EFT PM \nBatch- TFE10011576\n 0.00 16,745.00	001108/12/21 08/12/21	CR 74,116.00	17:07\nCLG -  RV / RUPALI BANK LTD. / TOTAIL / \n1115506 / Rv Clg Chq# 1115506 Batch- \nCLGP10011558\n 0.00 31,800.00	002509/12/21 09/12/21	CR 105,916.00	16:23\nTransfer -  EFTICE / SCBL / SCB / EFT PMT \nBatch- TFE10011616\n 0.00 175,161.00	001113/12/21 13/12/21	CR 281,077.00	17:47\nOn-Line Cash -  Md.Kabir Hossain Batch- \nOnL1002669\n 0.00 290,000.00	002615/12/21 15/12/21	CR 571,077.00	10:43\nTransfer -  PAYMENT FOR CASH CARRING \nBILL OCT 21 TO NOV 21 FROM MIDLAND BANK \nLTD -19 Batch- HSA1999942\n 0.00 273,337.00	999927/12/21 27/12/21	CR 844,414.00	14:00\nPage 8 of 47\n 4:22:19PM\nPrinting Date : 19/01/25\n\nHead Office\nN. B Tower (Level 6-9), 40/7, North Avenue, \nGulshan - 2, Dhaka-1212\nContact Centre :16596, 09617016596, \n09611016596\nFAX	:880-2-55052214\nSWIFT	:MDBLBDDH\nDate Value \nDate\nBranch\nCode\nParticular	Withdrawal(Dr)	BalanceDeposit(Cr)	Trn.\nTime\nBatchNo\nCharge -  Service Charge Batch- SC121050 345.00 0.00	001130/12/21 30/12/21	CR 844,069.00	20:02\nExcise Duty -  Excise Duty Batch- XD121050 3,000.00 0.00	001130/12/21 30/12/21	CR 841,069.00	07:02\nTransfer -  SECURITY SERVICE BILL FOR THE \nM/O NOV 2021-16 Batch- HSA199999\n 0.00 1,999,592.00	999902/01/22 02/01/22	CR 2,840,661.00	18:51\nCLG- Inward - CA1749422 HV / UNITED \nCOMMERCIAL BANK LTD. / TRUNCATION POINT \n/ 1749422 / Pay To : ELITE SECURITY Batch- \nCLGI10011118\n 800,000.00 0.00	001104/01/22 04/01/22	CR 2,040,661.00	11:27\nTransfer -  EFTICE / IBBL / iBanking / iBanking \nBatch- TFE1001188\n 0.00 26,000.00	001105/01/22 05/01/22	CR 2,066,661.00	11:52\nCLG -  RV / RUPALI BANK LTD. / TOTAIL / \n1115507 / Rv Clg Chq# 1115507 Batch- \nCLGP10011357\n 0.00 31,800.00	002509/01/22 09/01/22	CR 2,098,461.00	13:52\nCLG- Inward - CA1749423 RV / UNITED \nCOMMERCIAL BANK LTD. / TRUNCATION POINT \n/ 1749423 / Pay To : ELITE SECURITY Batch- \nCLGI10011494\n 2,000,000.00 0.00	001109/01/22 09/01/22	CR 98,461.00	15:35\nOn-Line Cash -  Md.kabir Hossain \n0026-1350000928 Batch- OnL1002630\n 0.00 290,000.00	002613/01/22 13/01/22	CR 388,461.00	10:12\nTransfer -  SECURITY SERVICE BILL FOR THE \nM/O DEC-2021-16 Batch- HSA199992\n 0.00 2,049,506.00	999902/02/22 02/02/22	CR 2,437,967.00	11:31\nTransfer -  EFTICE / UTBL / SMC ENTERPRISE / \nFund Trans Batch- TFE1001156\n 0.00 31,323.00	001107/02/22 07/02/22	CR 2,469,290.00	10:36\nCLG -  RV / RUPALI BANK LTD. / TOTAIL / \n1115508 / RV CLG CHQ#1115508 Batch- \nCLGP10011511\n 0.00 31,800.00	002510/02/22 10/02/22	CR 2,501,090.00	15:15\nTransfer -  EFTICE / CCEY / FRENCH EMBASSY \n/ TRANSFER Batch- TFE1001193\n 0.00 33,222.00	001114/02/22 14/02/22	CR 2,534,312.00	11:02\nCLG- Inward - CA1749424 HV / UNITED \nCOMMERCIAL BANK LTD. / TRUNCATION POINT \n/ 1749424 / Pay To : ELITE SECURITY Batch- \nCLGI10011364\n 2,500,000.00 0.00	001114/02/22 14/02/22	CR 34,312.00	13:33\nTransfer -  EFTICE / EBLD / EBLSHAKTI / EBL \nCon Batch- TFE10011259\n 0.00 57,130.00	001115/02/22 15/02/22	CR 91,442.00	14:20\nTransfer -  EFTICE / IBBL / iBanking / iBanking \nBatch- TFE1999912\n 0.00 13,000.00	001124/02/22 24/02/22	CR 104,442.00	16:23\nTransfer -  SECURITY SERVICE BILL FOR THE \nM/O JAN-2022-16 Batch- HSA1999960\n 0.00 2,048,200.00	999902/03/22 02/03/22	CR 2,152,642.00	19:06\nTransfer -  EFTICE / IBBL / iBanking / iBanking \nBatch- TFE1001155\n 0.00 13,000.00	001107/03/22 07/03/22	CR 2,165,642.00	10:47\nCLG -  RV / RUPALI BANK LTD. / TOTAIL / \n1115509 / RV CLG CHQ#1115509 Batch- \nCLGP10011238\n 0.00 31,800.00	002509/03/22 09/03/22	CR 2,197,442.00	13:04\nTransfer -  EFTICE / EBLD / EBLSHAKTI / EBL \nCon Batch- TFE10011415\n 0.00 149,227.00	001109/03/22 09/03/22	CR 2,346,669.00	14:36\nOn-Line Cash -  kabir hossain Batch- \nOnL1002627\n 0.00 290,000.00	002610/03/22 10/03/22	CR 2,636,669.00	10:23\nTransfer -  EFTICE / UTBL / SMC ENTERPRISE / \nFund Trans Batch- TFE10011768\n 0.00 31,323.00	001110/03/22 10/03/22	CR 2,667,992.00	16:54\nCLG- Inward - CA1749425 HV / UNITED \nCOMMERCIAL BANK LTD. / TRUNCATION POINT \n/ 1749425 / Pay To : ELITE SECURITY Batch- \nCLGI10011348\n 2,600,000.00 0.00	001114/03/22 14/03/22	CR 67,992.00	13:21\nOn-Line Cash -  kobir hossain Batch- \nOnL1002612\n 0.00 290,000.00	002616/03/22 16/03/22	CR 357,992.00	10:15\nPage 9 of 47\n 4:22:19PM\nPrinting Date : 19/01/25\n\nHead Office\nN. B Tower (Level 6-9), 40/7, North Avenue, \nGulshan - 2, Dhaka-1212\nContact Centre :16596, 09617016596, \n09611016596\nFAX	:880-2-55052214\nSWIFT	:MDBLBDDH\nDate Value \nDate\nBranch\nCode\nParticular	Withdrawal(Dr)	BalanceDeposit(Cr)	Trn.\nTime\nBatchNo\nTransfer -  EFTICE / EBLD / EBLSHAKTI / EBL \nCon Batch- TFE10011445\n 0.00 106,574.00	001116/03/22 16/03/22	CR 464,566.00	15:04\nTransfer -  EFTICE / CIBL / INTERCLOUD LIMIT / \nFUND TRANX Batch- TFE1999915\n 0.00 32,505.00	001120/03/22 20/03/22	CR 497,071.00	17:02\nTransfer -  EFTICE / CCEY / FRENCH EMBASSY \n/ TRANSFER Batch- TFE10011492\n 0.00 33,222.00	001121/03/22 21/03/22	CR 530,293.00	15:58\nTransfer -  EFTICE / CIBL / INTERCLOUD LIMI / \nFUND TRANX Batch- TFE1999916\n 0.00 32,505.00	001103/04/22 03/04/22	CR 562,798.00	14:34\nTransfer -  SECURITY SERVICE BILL FOR THE \nM/O FEB-2022-16 Batch- HSA1999928\n 0.00 2,060,814.00	999903/04/22 03/04/22	CR 2,623,612.00	16:01\nTransfer -  EFTICE / UTBL / SMC ENTERPRISE / \nFund Trans Batch- TFE1001138\n 0.00 31,323.00	001107/04/22 07/04/22	CR 2,654,935.00	09:43\nTransfer -  EFTICE / CCEY / FRENCH EMBASSY \n/ TRANSFER Batch- TFE1999911\n 0.00 33,222.00	001107/04/22 07/04/22	CR 2,688,157.00	15:00\nCLG- Inward - CA1749426 HV / UNITED \nCOMMERCIAL BANK LTD. / TRUNCATION POINT \n/ 1749426 / Pay To : ELITE SECURITY Batch- \nCLGI10011215\n 2,650,000.00 0.00	001110/04/22 10/04/22	CR 38,157.00	12:16\nTransfer -  EFTICE / IBBL / iBanking / iBanking \nBatch- TFE10011625\n 0.00 13,000.00	001110/04/22 10/04/22	CR 51,157.00	15:06\nTransfer -  EFTICE / BRAK / BBL/JAAGO / \nSecurity s Batch- TFE1999924\n 0.00 29,550.00	001111/04/22 11/04/22	CR 80,707.00	15:25\nTransfer -  EFTICE / SCBL / SCB / EFT PMNT \nBatch- TFE10011720\n 0.00 1,002,062.15	001113/04/22 13/04/22	CR 1,082,769.15	15:07\nTransfer -  EFTICE / SCBL / SCB / EFT PMNT \nBatch- TFE10011722\n 0.00 175,701.00	001113/04/22 13/04/22	CR 1,258,470.15	15:08\nTransfer -  EFTICE / SCBL / SCB / EFT PMT \nBatch- TFE1001178\n 0.00 704,824.00	001117/04/22 17/04/22	CR 1,963,294.15	09:51\nOn-Line Cash -  md kabir hossain Batch- \nOnL1002656\n 0.00 290,000.00	002617/04/22 17/04/22	CR 2,253,294.15	10:01\nTransfer -  EFTICE / SCBL / SCB / EFT PMNT \nBatch- TFE1999942\n 0.00 182,280.00	001117/04/22 17/04/22	CR 2,435,574.15	15:18\nCLG -  RV / RUPALI BANK LTD. / TOTAIL / \n1115511 / RV CLG CHQ#1115511 Batch- \nCLGP10011285\n 0.00 31,800.00	002519/04/22 19/04/22	CR 2,467,374.15	12:38\nTransfer -  EFTICE / EBLD / EBLSHAKTI / EBL \nCon Batch- TFE1999928\n 0.00 223,841.00	001120/04/22 20/04/22	CR 2,691,215.15	15:31\nTransfer -  EFTICE / IBBL / iBanking / iBanking \nBatch- TFE10011910\n 0.00 6,500.00	001124/04/22 24/04/22	CR 2,697,715.15	15:27\nTransfer -  EFTICE / EBLD / EBLSHAKTI / EBL \nCon Batch- TFE10011102\n 0.00 64,271.00	001126/04/22 26/04/22	CR 2,761,986.15	09:53\nTransfer -  EFTICE / SCBL / SCB / EFT PMNT \nBatch- TFE100111166\n 0.00 950,220.86	001126/04/22 26/04/22	CR 3,712,207.01	16:07\nOn-Line Cash -  md kabir hossain Batch- \nOnL1002679\n 0.00 145,000.00	002627/04/22 27/04/22	CR 3,857,207.01	11:04\nCLG- Inward - CA1749429 HV / NATIONAL \nCREDIT AND COMMERCE BANK LTD. / \nTRUNCATION POINT / 1749429 / Pay To : NEW \nHOSSAIN Batch- CLGI10011348\n 814,205.00 0.00	001127/04/22 27/04/22	CR 3,043,002.01	11:39\nCLG- Inward - CA1749428 HV / UTTARA BANK \nLTD. / TRUNCATION POINT / 1749428 / Pay To : \nM/S M B ENTERPRISE Batch- CLGI10011352\n 934,690.00 0.00	001127/04/22 27/04/22	CR 2,108,312.01	11:41\nCLG- Inward - CA1749427 RV / UNITED \nCOMMERCIAL BANK LTD. / TRUNCATION POINT \n/ 1749427 / Pay To : K S ENTERPRISE Batch- \nCLGI10011410\n 291,000.00 0.00	001127/04/22 27/04/22	CR 1,817,312.01	12:01\nPage 10 of 47\n 4:22:19PM\nPrinting Date : 19/01/25\n\nHead Office\nN. B Tower (Level 6-9), 40/7, North Avenue, \nGulshan - 2, Dhaka-1212\nContact Centre :16596, 09617016596, \n09611016596\nFAX	:880-2-55052214\nSWIFT	:MDBLBDDH\nDate Value \nDate\nBranch\nCode\nParticular	Withdrawal(Dr)	BalanceDeposit(Cr)	Trn.\nTime\nBatchNo\nCLG- Inward - CA1749433 RV / UNITED \nCOMMERCIAL BANK LTD. / TRUNCATION POINT \n/ 1749433 / Pay To : ELITE ENTERPRISE Batch- \nCLGI10011412\n 297,000.00 0.00	001127/04/22 27/04/22	CR 1,520,312.01	12:02\nCLG- Inward - CA1749432 RV / NRB BANK \nLIMITED / TRUNCATION POINT / 1749432 / Pay \nTo : LAMYA Batch- CLGI10011499\n 52,865.00 0.00	001127/04/22 27/04/22	CR 1,467,447.01	12:23\nCLG- Inward - CA1749430 RV / SOUTHEAST \nBANK LTD. / TRUNCATION POINT / 1749430 / \nPay To : BROTHER Batch- CLGI10011509\n 34,580.00 0.00	001127/04/22 27/04/22	CR 1,432,867.01	12:29\nTransfer -  SECURITY SERVICE BILL FOR THE \nM/O MAR-2022-16 Batch- HSA1999934\n 0.00 2,049,289.00	999927/04/22 27/04/22	CR 3,482,156.01	14:09\nTransfer -  EFTICE / CIBL / INTERCLOUD LIMIT / \nFUND TRANX Batch- TFE100111236\n 0.00 32,505.00	001127/04/22 27/04/22	CR 3,514,661.01	15:45\nCLG- Inward - CA1749431 RV / EXIM BANK \nLTD. / TRUNCATION POINT / 1749431 / Pay To : \ntelnet communication Batch- CLGI10011693\n 8,245.00 0.00	001128/04/22 28/04/22	CR 3,506,416.01	13:59\nTransfer -  EFTICE / UTBL / SMC ENTERPRISE / \nFund Trans Batch- TFE1999917\n 0.00 31,323.00	001109/05/22 09/05/22	CR 3,537,739.01	16:32\nCLG- Inward - CA1749434 RV / UNITED \nCOMMERCIAL BANK LTD. / TRUNCATION POINT \n/ 1749434 / Pay To : ELITE SECURITY Batch- \nCLGI10011297\n 1,200,000.00 0.00	001110/05/22 10/05/22	CR 2,337,739.01	14:04\nTransfer -  EFTICE / CCEY / FRENCH EMBASSY \n/ TRANSFER Batch- TFE1999914\n 0.00 33,222.00	001112/05/22 12/05/22	CR 2,370,961.01	16:22\nTransfer -  EFTICE / IBBL / iBanking / iBanking \nBatch- TFE10011608\n 0.00 13,000.00	001116/05/22 16/05/22	CR 2,383,961.01	16:33\nTransfer -  PAYMENT FOR CASH CARRING \nBILL DEC 2021 TO FEB 2022 FROM MIDLAND \nBANK LTD -16 Batch- HSA1999911\n 0.00 228,519.00	999916/05/22 16/05/22	CR 2,612,480.01	16:52\nCLG -  RV / THE PREMIER BANK LTD. / \nGULSHAN / 6640110 / Batch- CLGP10011339\n 0.00 72,000.00	001117/05/22 17/05/22	CR 2,684,480.01	13:24\nTransfer -  statement given charge Batch- \n10011562\n 287.50 0.00	001117/05/22 17/05/22	CR 2,684,192.51	15:13\nCharge -  BACH Clearing Charge & Vat / RV / \nTHE PREMIER BANK LTD. / GULSHAN / 6640110 \n/ Batch- CCS10011804\n 10.00 0.00	001117/05/22 17/05/22	CR 2,684,182.51	18:10\nOn-Line Cash - CA1749436 Foysal Batch- \nOnL10002189\n 1,000,000.00 0.00	000218/05/22 18/05/22	CR 1,684,182.51	14:03\nOn-Line Cash - CA1749437 Foysal Monthly \nValue exceeded TP. Batch- OnL10002191\n 600,000.00 0.00	000218/05/22 18/05/22	CR 1,084,182.51	14:04\nOn-Line Cash - CA1749435 Cash Monthly Value \nexceeded TP. Batch- OnL10002192\n 1,000,000.00 0.00	000218/05/22 18/05/22	CR 84,182.51	14:05\nTransfer -  EFTICE / EBLD / EBLSHAKTI / EBL \nCon Batch- TFE1001161\n 0.00 192,075.00	001124/05/22 24/05/22	CR 276,257.51	10:29\nTransfer -  EFTICE / SCBL / SCB / EFT PMNT \nBatch- TFE1001199\n 0.00 37,419.00	001126/05/22 26/05/22	CR 313,676.51	10:33\nTransfer -  EFTICE / CIBL / INTERCLOUD LIMI / \nFUND TRANX Batch- TFE1999955\n 0.00 32,505.00	001101/06/22 01/06/22	CR 346,181.51	16:29\nTransfer -  SECURITY SERVICE BILL FOR THE \nM/O APR-2022-16 Batch- HSA19999130\n 0.00 2,049,754.00	999901/06/22 01/06/22	CR 2,395,935.51	19:13\nTransfer -  EFTICE / IBBL / iBanking / iBanking \nBatch- TFE10011579\n 0.00 13,000.00	001105/06/22 05/06/22	CR 2,408,935.51	16:28\nTransfer -  EFTICE / UTBL / UBL / Fund Trans \nBatch- TFE1001159\n 0.00 31,323.00	001108/06/22 08/06/22	CR 2,440,258.51	10:57\nPage 11 of 47\n 4:22:19PM\nPrinting Date : 19/01/25\n\nHead Office\nN. B Tower (Level 6-9), 40/7, North Avenue, \nGulshan - 2, Dhaka-1212\nContact Centre :16596, 09617016596, \n09611016596\nFAX	:880-2-55052214\nSWIFT	:MDBLBDDH\nDate Value \nDate\nBranch\nCode\nParticular	Withdrawal(Dr)	BalanceDeposit(Cr)	Trn.\nTime\nBatchNo\nTransfer -  EFTICE / SCBL / SCB / EFT PMT \nBatch- TFE10011377\n 0.00 953,552.21	001108/06/22 08/06/22	CR 3,393,810.72	15:45\nCLG- Inward - CA1749438 HV / UNITED \nCOMMERCIAL BANK LTD. / TRUNCATION POINT \n/ 1749438 / Pay To : ELITE SECURITY Batch- \nCLGI10011218\n 2,400,000.00 0.00	001109/06/22 09/06/22	CR 993,810.72	13:27\nTransfer -  EFTICE / CCEY / FRENCH EMBASSY \n/ TRANSFER Batch- TFE10011443\n 0.00 33,222.00	001109/06/22 09/06/22	CR 1,027,032.72	15:33\nTransfer -  EFTICE / HSBC / HSBCNET_2022/06/ \n/ GPS Batch- TFE1999920\n 0.00 38,907.50	001113/06/22 13/06/22	CR 1,065,940.22	16:37\nCLG- Inward - CA1749439 HV / UNITED \nCOMMERCIAL BANK LTD. / TRUNCATION POINT \n/ 1749439 / Pay To : elit security Batch- \nCLGI10011219\n 1,000,000.00 0.00	001114/06/22 14/06/22	CR 65,940.22	13:05\nOn-Line Cash -  Babul Hossain Batch- \nOnL1002657\n 0.00 290,000.00	002615/06/22 15/06/22	CR 355,940.22	10:38\nTransfer -  EFTICE / EBLD / EBLSHAKTI / EBL \nCon Batch- TFE1001158\n 0.00 192,075.00	001116/06/22 16/06/22	CR 548,015.22	10:47\nTransfer -  EFTICE / BRAK / BBL/JAAGO / \nSecurity B Batch- TFE1001190\n 0.00 59,100.00	001119/06/22 19/06/22	CR 607,115.22	11:04\nCLG -  RV / RUPALI BANK LTD. / TOTAIL / \n1115516 / RV CLG CHQ#1115516 Batch- \nCLGP10011382\n 0.00 29,100.00	002519/06/22 19/06/22	CR 636,215.22	14:24\nCLG -  RV / RUPALI BANK LTD. / TOTAIL / \n1115515 / RV CLG CHQ#1115515 Batch- \nCLGP10011383\n 0.00 29,100.00	002519/06/22 19/06/22	CR 665,315.22	14:24\nTransfer -  PAYMENT FOR CASH CARRING \nBILL MAR 2022 TO APR 2022 FROM MIDLAND \nBANK LTD -22 Batch- HSA1999918\n 0.00 483,635.00	999928/06/22 28/06/22	CR 1,148,950.22	13:33\nCharge -  Service Charge Batch- SC061050 345.00 0.00	001130/06/22 30/06/22	CR 1,148,605.22	03:15\nTransfer -  SECURITY SERVICE BILL FOR THE \nM/O MAY-2022-16 Batch- HSA1999913\n 0.00 2,020,830.00	999903/07/22 03/07/22	CR 3,169,435.22	16:23\nOn-Line Cash -  MD. KABIR  HOSSAIN Batch- \nOnL100264\n 0.00 145,000.00	002605/07/22 05/07/22	CR 3,314,435.22	10:16\nTransfer -  EFTICE / CCEY / FRENCH EMBASSY \n/ TRANSFER Batch- TFE10011939\n 0.00 33,222.00	001106/07/22 06/07/22	CR 3,347,657.22	17:16\nTransfer -  EFTICE / EBLD / EBLSHAKTI / EBL \nCon Batch- TFE10011955\n 0.00 288,120.00	001106/07/22 06/07/22	CR 3,635,777.22	17:19\nTransfer -  EFTICE / SCBL / SCB / EFT PMNT \nBatch- TFE10011962\n 0.00 952,344.20	001106/07/22 06/07/22	CR 4,588,121.42	17:21\nTransfer -  EFTICE / CIBL / CBL / Payment \nBatch- TFE1999916\n 0.00 32,505.00	001107/07/22 07/07/22	CR 4,620,626.42	11:22\nTransfer -  EFTICE / UTBL / SMC ENTERPRISE / \nFund Trans Batch- TFE1999916\n 0.00 31,323.00	001107/07/22 07/07/22	CR 4,651,949.42	11:22\nCash - ca1749440 shamsuddoha Monthly Value \nexceeded TP. Amount exceeded TP.\n 1,279,002.00 0.00	001107/07/22 07/07/22	CR 3,372,947.42	14:17\nOn-Line Cash -  babul Batch- OnL10026264 0.00 290,000.00	002607/07/22 07/07/22	CR 3,662,947.42	16:36\nTransfer -  EFTICE / HSBC / HSBCNET_2022/07/ \n/ GPS Batch- TFE1001180\n 0.00 46,452.00	001108/07/22 08/07/22	CR 3,709,399.42	14:11\nTransfer -  EFTICE / BRAK / BBL/JAAGO / \nSecurity B Batch- TFE199995\n 0.00 29,550.00	001119/07/22 19/07/22	CR 3,738,949.42	16:20\nCLG -  RV / TRUST BANK LTD. / PRINCIPAL / \n4186968 / Batch- CLGP10011570\n 0.00 13,200.00	000127/07/22 27/07/22	CR 3,752,149.42	15:30\nTransfer -  EFTICE / SCBL / SCB / EFT PMNT \nBatch- TFE1999953\n 0.00 209,953.00	001127/07/22 27/07/22	CR 3,962,102.42	17:11\nPage 12 of 47\n 4:22:19PM\nPrinting Date : 19/01/25\n\nHead Office\nN. B Tower (Level 6-9), 40/7, North Avenue, \nGulshan - 2, Dhaka-1212\nContact Centre :16596, 09617016596, \n09611016596\nFAX	:880-2-55052214\nSWIFT	:MDBLBDDH\nDate Value \nDate\nBranch\nCode\nParticular	Withdrawal(Dr)	BalanceDeposit(Cr)	Trn.\nTime\nBatchNo\nTransfer -  EFTICE / CIBL / INTERCLOUD LIMI / \nFUND TRANX Batch- TFE10011119\n 0.00 32,340.00	001101/08/22 01/08/22	CR 3,994,442.42	11:02\nTransfer -  STATEMENT & SOLVENCY CHARGE \nBatch- 10011814\n 345.00 0.00	001101/08/22 01/08/22	CR 3,994,097.42	19:03\nTransfer -  EFTICE / SCBL / SCB / EFT PMNT \nBatch- TFE10011589\n 0.00 200,000.00	001102/08/22 02/08/22	CR 4,194,097.42	15:33\nTransfer -  EFTICE / SCBL / SCB / EFT PMNT \nBatch- TFE10011699\n 0.00 200,000.00	001102/08/22 02/08/22	CR 4,394,097.42	16:10\nTransfer -  EFTICE / SCBL / SCB / EFT PMNT \nBatch- TFE10011700\n 0.00 200,000.00	001102/08/22 02/08/22	CR 4,594,097.42	16:10\nTransfer -  EFTICE / SCBL / SCB / EFT PMNT \nBatch- TFE10011701\n 0.00 61,737.00	001102/08/22 02/08/22	CR 4,655,834.42	16:10\nTransfer -  SECURITY SERVICE BILL FOR THE \nM/O JUN-2022-16 Batch- HSA199996\n 0.00 2,024,680.00	999902/08/22 02/08/22	CR 6,680,514.42	17:26\nTransfer -  EFTICE / CCEY / FRENCH EMBASSY \n/ TRANSFER Batch- TFE10011829\n 0.00 33,222.00	001104/08/22 04/08/22	CR 6,713,736.42	16:13\nTransfer -  EFTICE / BRAK / BBL/JAAGO / \nMonthly se Batch- TFE10011665\n 0.00 29,550.00	001107/08/22 07/08/22	CR 6,743,286.42	16:48\nTransfer -  EFTICE / UTBL / UBL / Fund Trans \nBatch- TFE199994\n 0.00 31,323.00	001108/08/22 08/08/22	CR 6,774,609.42	10:26\nCLG- Inward - CA1749441 HV / UNITED \nCOMMERCIAL BANK LTD. / TRUNCATION POINT \n/ 1749441 / Pay To : elite security services ltd \nBatch- CLGI10011179\n 5,000,000.00 0.00	001110/08/22 10/08/22	CR 1,774,609.42	12:06\nCLG- Inward - CA1749442 HV / UNITED \nCOMMERCIAL BANK LTD. / TRUNCATION POINT \n/ 1749442 / Pay To : elite security services ltd \nBatch- CLGI10011213\n 1,700,000.00 0.00	001110/08/22 10/08/22	CR 74,609.42	12:26\nTransfer -  EFTICE / IBBL / iBanking / iBanking \nBatch- TFE19999129\n 0.00 19,500.00	001110/08/22 10/08/22	CR 94,109.42	20:48\nTransfer -  Statement delivery charge of A/c: \n0011-1050002714,ELITE SECURITY SERVICES \nLIMITED Batch- 10011104\n 115.00 0.00	001111/08/22 11/08/22	CR 93,994.42	11:14\nOn-Line Cash -  kabir Batch- OnL1002663 0.00 290,000.00	002616/08/22 16/08/22	CR 383,994.42	10:36\nTransfer -  EFTICE / EBLD / EBLSHAKTI / EBL \nCon Batch- TFE10011748\n 0.00 191,100.00	001121/08/22 21/08/22	CR 575,094.42	17:18\nTransfer -  EFTICE / IBBL / iBanking / iBanking \nBatch- TFE10011749\n 0.00 13,000.00	001121/08/22 21/08/22	CR 588,094.42	17:18\nTransfer -  PAYMENT FOR CASH CARRING \nBILL MAY 2022 FROM MIDLAND BANK LTD -15 \nBatch- HSA1999918\n 0.00 112,782.00	999922/08/22 22/08/22	CR 700,876.42	15:03\nTransfer -  EFTICE / HSBC / HSBCNET_2022/08/ \n/ GPS Batch- TFE1999935\n 0.00 77,420.00	001125/08/22 25/08/22	CR 778,296.42	16:23\nTransfer -  EFTICE / SCBL / STS / STS EFT PM \nBatch- TFE1999922\n 0.00 1,517,439.33	001128/08/22 28/08/22	CR 2,295,735.75	15:30\nCLG -  RV / RUPALI BANK LTD. / TOTAIL / \n1115520 / RV CLG CHQ#1115520 Batch- \nCLGP10011333\n 0.00 29,100.00	002529/08/22 29/08/22	CR 2,324,835.75	13:32\nCLG -  RV / RUPALI BANK LTD. / TOTAIL / \n1115519 / RV CLG CHQ#1115519 Batch- \nCLGP10011334\n 0.00 29,100.00	002529/08/22 29/08/22	CR 2,353,935.75	13:32\nTransfer -  SECURITY SERVICE BILL FOR THE \nM/O JUL-2022-16 Batch- HSA1999928\n 0.00 2,147,149.00	999901/09/22 01/09/22	CR 4,501,084.75	14:46\nTransfer -  EFTICE / CIBL / INTERCLOUD LIMI / \nFUND TRANX Batch- TFE10011636\n 0.00 32,340.00	001101/09/22 01/09/22	CR 4,533,424.75	15:04\nPage 13 of 47\n 4:22:19PM\nPrinting Date : 19/01/25\n\nHead Office\nN. B Tower (Level 6-9), 40/7, North Avenue, \nGulshan - 2, Dhaka-1212\nContact Centre :16596, 09617016596, \n09611016596\nFAX	:880-2-55052214\nSWIFT	:MDBLBDDH\nDate Value \nDate\nBranch\nCode\nParticular	Withdrawal(Dr)	BalanceDeposit(Cr)	Trn.\nTime\nBatchNo\nTransfer -  EFTICE / IBBL / iBanking / iBanking \nBatch- TFE10011724\n 0.00 13,000.00	001107/09/22 07/09/22	CR 4,546,424.75	15:59\nTransfer -  EFTICE / UTBL / UBL / Fund Trans \nBatch- TFE10011744\n 0.00 31,323.00	001107/09/22 07/09/22	CR 4,577,747.75	16:04\nTransfer -  EFTICE / CCEY / FRENCH EMBASSY \n/ TRANSFER Batch- TFE1999931\n 0.00 33,222.00	001108/09/22 08/09/22	CR 4,610,969.75	15:48\nTransfer -  EFTICE / SCBL / STS / STS EFT PM \nBatch- TFE1999931\n 0.00 200,000.00	001108/09/22 08/09/22	CR 4,810,969.75	15:48\nTransfer -  EFTICE / SCBL / STS / STS EFT PM \nBatch- TFE1999931\n 0.00 24,167.00	001108/09/22 08/09/22	CR 4,835,136.75	15:48\nTransfer -  EFTICE / SCBL / STS / STS EFT PM \nBatch- TFE1999931\n 0.00 75,438.00	001108/09/22 08/09/22	CR 4,910,574.75	15:48\nTransfer -  EFTICE / SCBL / STS / STS EFT PM \nBatch- TFE1999931\n 0.00 200,000.00	001108/09/22 08/09/22	CR 5,110,574.75	15:48\nTransfer -  EFTICE / SCBL / STS / STS EFT PM \nBatch- TFE1999931\n 0.00 200,000.00	001108/09/22 08/09/22	CR 5,310,574.75	15:48\nTransfer -  EFTICE / SCBL / STS / STS EFT PM \nBatch- TFE1999931\n 0.00 200,000.00	001108/09/22 08/09/22	CR 5,510,574.75	15:48\nCLG- Inward - CA1749443 HV / UNITED \nCOMMERCIAL BANK LTD. / TRUNCATION POINT \n/ 1749443 / Pay To : elite Batch- CLGI10011184\n 2,350,000.00 0.00	001111/09/22 11/09/22	CR 3,160,574.75	11:24\nTransfer -  EFTICE / SCBL / SCB / EFT PM \nBatch- TFE1999911\n 0.00 1,419,414.83	001111/09/22 11/09/22	CR 4,579,989.58	15:52\nTransfer -  EFTICE / HSBC / HSBCNET_2022/09/ \n/ GPS Batch- TFE1001162\n 0.00 77,420.00	001114/09/22 14/09/22	CR 4,657,409.58	10:00\nCash - ca1749447 md mohidul 223,293.00 0.00	001114/09/22 14/09/22	CR 4,434,116.58	14:33\nOn-Line Cash - ca1749444 fosher rahman tuhin \nMonthly Value exceeded TP. Amount exceeded \nTP. Batch- OnL10006184\n 1,196,569.00 0.00	000614/09/22 14/09/22	CR 3,237,547.58	14:44\nCash - CA1749448 MOFAZZUL HOSSAIN \nMonthly Value exceeded TP.\n 108,881.00 0.00	001114/09/22 14/09/22	CR 3,128,666.58	15:13\nOn-Line Cash - ca1749445 ashraf ul alam \nMonthly Value exceeded TP. Batch- \nOnL10006213\n 760,213.00 0.00	000614/09/22 14/09/22	CR 2,368,453.58	15:15\nCharge -  statement charge Batch- 1001118 115.00 0.00	001115/09/22 15/09/22	CR 2,368,338.58	09:06\nOn-Line Cash - CA1749446 Bulbul Monthly \nValue exceeded TP. Batch- OnL1003530\n 63,270.00 0.00	003515/09/22 15/09/22	CR 2,305,068.58	12:36\nOn-Line Cash - CA1749449 SHARIFUL Monthly \nValue exceeded TP. Amount exceeded TP. \nBatch- OnL10001215\n 2,200,000.00 0.00	000115/09/22 15/09/22	CR 105,068.58	14:18\nTransfer -  EFTICE / BRAK / BBL/JAAGO / \nSecurity s Batch- TFE1999967\n 0.00 29,550.00	001115/09/22 15/09/22	CR 134,618.58	15:32\nOn-Line Cash -  kabir hossain Batch- \nOnL1002631\n 0.00 290,000.00	002619/09/22 19/09/22	CR 424,618.58	09:24\nTransfer -  EFTICE / SCBL / STS / STS EFT PM \nBatch- TFE1999937\n 0.00 326,521.00	001126/09/22 26/09/22	CR 751,139.58	16:05\nTransfer -  EFTICE / SCBL / STS / STS EFT PM \nBatch- TFE1999937\n 0.00 181,091.00	001126/09/22 26/09/22	CR 932,230.58	16:05\nTransfer -  EFTICE / EBLD / EBLSHAKTI / EBL \nCon Batch- TFE1999928\n 0.00 148,470.00	001127/09/22 27/09/22	CR 1,080,700.58	15:53\nCLG -  RV / RUPALI BANK LTD. / TOTAIL / \n1115524 / RV CLG CHQ#1115524 Batch- \nCLGP10011242\n 0.00 29,100.00	002529/09/22 29/09/22	CR 1,109,800.58	12:35\nTransfer -  EFTICE / CIBL / INTERCLOUD LIMIT / \nFUND TRANX Batch- TFE1999963\n 0.00 32,340.00	001129/09/22 29/09/22	CR 1,142,140.58	15:59\nPage 14 of 47\n 4:22:19PM\nPrinting Date : 19/01/25\n\nHead Office\nN. B Tower (Level 6-9), 40/7, North Avenue, \nGulshan - 2, Dhaka-1212\nContact Centre :16596, 09617016596, \n09611016596\nFAX	:880-2-55052214\nSWIFT	:MDBLBDDH\nDate Value \nDate\nBranch\nCode\nParticular	Withdrawal(Dr)	BalanceDeposit(Cr)	Trn.\nTime\nBatchNo\nTransfer -  SECURITY SERVICE BILL FOR THE \nM/O AUG-2022-16 Batch- HSA19999128\n 0.00 2,151,100.00	999902/10/22 02/10/22	CR 3,293,240.58	19:18\nTransfer -  EFTICE / IBBL / iBanking / iBanking \nBatch- TFE1999945\n 0.00 13,000.00	001104/10/22 04/10/22	CR 3,306,240.58	15:51\nTransfer -  EFTICE / SCBL / SCB / EFT PMNT \nBatch- TFE1999964\n 0.00 1,419,305.07	001106/10/22 06/10/22	CR 4,725,545.65	15:19\nOn-Line Cash - ca1749450 md. nahidul islam \nBatch- OnL10006263\n 593,630.00 0.00	000611/10/22 11/10/22	CR 4,131,915.65	12:43\nOn-Line Cash - ca1749451 tanveer Batch- \nOnL1000944\n 395,737.00 0.00	000911/10/22 11/10/22	CR 3,736,178.65	13:24\nOn-Line Cash -  kabir Batch- OnL10026156 0.00 290,000.00	002613/10/22 13/10/22	CR 4,026,178.65	10:43\nTransfer -  EFTICE / EBLD / EBLSHAKTI / EBL \nCon Batch- TFE1999928\n 0.00 233,730.00	001113/10/22 13/10/22	CR 4,259,908.65	14:56\nTransfer -  EFTICE / CCEY / FRENCH EMBASSY \n/ TRANSFER Batch- TFE1001125\n 0.00 33,222.00	001116/10/22 16/10/22	CR 4,293,130.65	09:27\nOn-Line Cash - CA1749454 Forhad Monthly \nValue exceeded TP. Batch- OnL1003543\n 198,930.00 0.00	003516/10/22 16/10/22	CR 4,094,200.65	11:36\nCash - CA1749453 DELWAR HOSSAIN Monthly \nValue exceeded TP.\n 86,881.00 0.00	001116/10/22 16/10/22	CR 4,007,319.65	13:21\nOn-Line Cash - CA1749452 MOFAZZAL \nMonthly Value exceeded TP. Batch- \nOnL10001284\n 133,186.00 0.00	000116/10/22 16/10/22	CR 3,874,133.65	14:29\nTransfer -  EFTICE / BRAK / BBL/JAAGO / \nMonthly se Batch- TFE1999910\n 0.00 29,550.00	001117/10/22 17/10/22	CR 3,903,683.65	09:28\nTransfer -  EFTICE / UTBL / UBL / Fund Trans \nBatch- TFE1999999\n 0.00 30,403.00	001117/10/22 17/10/22	CR 3,934,086.65	15:03\nTransfer -  EFTICE / SCBL / SCB / EFT PMNT \nBatch- TFE1999926\n 0.00 200,000.00	001118/10/22 18/10/22	CR 4,134,086.65	14:47\nTransfer -  EFTICE / SCBL / SCB / EFT PMNT \nBatch- TFE1999926\n 0.00 200,000.00	001118/10/22 18/10/22	CR 4,334,086.65	14:47\nTransfer -  EFTICE / SCBL / SCB / EFT PMNT \nBatch- TFE1999926\n 0.00 200,000.00	001118/10/22 18/10/22	CR 4,534,086.65	14:47\nTransfer -  EFTICE / SCBL / SCB / EFT PMNT \nBatch- TFE1999926\n 0.00 200,000.00	001118/10/22 18/10/22	CR 4,734,086.65	14:47\nTransfer -  EFTICE / SCBL / SCB / EFT PMNT \nBatch- TFE1999926\n 0.00 200,000.00	001118/10/22 18/10/22	CR 4,934,086.65	14:47\nTransfer -  EFTICE / SCBL / SCB / EFT PMNT \nBatch- TFE1999926\n 0.00 200,000.00	001118/10/22 18/10/22	CR 5,134,086.65	14:47\nTransfer -  EFTICE / SCBL / SCB / EFT PMNT \nBatch- TFE1999926\n 0.00 200,000.00	001118/10/22 18/10/22	CR 5,334,086.65	14:47\nTransfer -  EFTICE / SCBL / SCB / EFT PMNT \nBatch- TFE1999926\n 0.00 129,920.00	001118/10/22 18/10/22	CR 5,464,006.65	14:47\nCLG -  RV / RUPALI BANK LTD. / TOTAIL / \n1115526 / RV CLG CHQ#1115526 Batch- \nCLGP10011239\n 0.00 29,100.00	002519/10/22 19/10/22	CR 5,493,106.65	12:33\nCash - ca1749455 cash Monthly Value \nexceeded TP. Amount exceeded TP.\n 1,300,000.00 0.00	001120/10/22 20/10/22	CR 4,193,106.65	12:29\nCash - ca1749456 mohammad ali Monthly Value \nexceeded TP. Amount exceeded TP.\n 3,554,266.00 0.00	001127/10/22 27/10/22	CR 638,840.65	12:54\nCharge -  Cheque Book Issue Charge Debited \nby A/C No. 902934 Batch- CHQ10011379\n 402.50 0.00	001127/10/22 27/10/22	CR 638,438.15	13:45\nCharge -  Cheque Book Issue Charge Debited \nby A/C No. 902934 Batch- CHQ10011380\n 402.50 0.00	001127/10/22 27/10/22	CR 638,035.65	13:45\nTransfer -  EFTICE / CIBL / INTERCLOUD LIMIT / \nFUND TRANX Batch- TFE1999913\n 0.00 32,340.00	001131/10/22 31/10/22	CR 670,375.65	14:22\nPage 15 of 47\n 4:22:19PM\nPrinting Date : 19/01/25\n\nHead Office\nN. B Tower (Level 6-9), 40/7, North Avenue, \nGulshan - 2, Dhaka-1212\nContact Centre :16596, 09617016596, \n09611016596\nFAX	:880-2-55052214\nSWIFT	:MDBLBDDH\nDate Value \nDate\nBranch\nCode\nParticular	Withdrawal(Dr)	BalanceDeposit(Cr)	Trn.\nTime\nBatchNo\nTransfer -  SECURITY SERVICE BILL FOR THE \nM/O SEP-2022-16 Batch- HSA1999935\n 0.00 2,176,547.00	999901/11/22 01/11/22	CR 2,846,922.65	17:24\nTransfer -  EFTICE / CCEY / FRENCH EMBASSY \n/ TRANSFER Batch- TFE1999931\n 0.00 33,222.00	001106/11/22 06/11/22	CR 2,880,144.65	14:19\nTransfer -  EFTICE / IBBL / iBanking / iBanking \nBatch- TFE1999932\n 0.00 13,000.00	001106/11/22 06/11/22	CR 2,893,144.65	14:20\nTransfer -  EFTICE / SCBL / SCB / EFT PMNT \nBatch- TFE1999932\n 0.00 200,000.00	001106/11/22 06/11/22	CR 3,093,144.65	14:20\nTransfer -  EFTICE / SCBL / SCB / EFT PMNT \nBatch- TFE1999932\n 0.00 200,000.00	001106/11/22 06/11/22	CR 3,293,144.65	14:20\nTransfer -  EFTICE / SCBL / SCB / EFT PMNT \nBatch- TFE1999932\n 0.00 29,166.00	001106/11/22 06/11/22	CR 3,322,310.65	14:20\nTransfer -  EFTICE / SCBL / SCB / EFT PMNT \nBatch- TFE1999932\n 0.00 200,000.00	001106/11/22 06/11/22	CR 3,522,310.65	14:20\nCLG- Inward - CA1749458 HV / DUTCH \nBANGLA BANK LTD. / TRUNCATION POINT / \n1749458 / Pay To : bir sreenath Batch- \nCLGI10011324\n 1,660,021.00 0.00	001110/11/22 10/11/22	CR 1,862,289.65	13:07\nCLG- Inward - CA1749459 HV / DUTCH \nBANGLA BANK LTD. / TRUNCATION POINT / \n1749459 / Pay To : rahadul islam Batch- \nCLGI10011338\n 1,824,372.00 0.00	001110/11/22 10/11/22	CR 37,917.65	13:12\nTransfer -  EFTICE / SCBL / STS / STS EFT PM \nBatch- TFE1999923\n 0.00 1,420,695.16	001110/11/22 10/11/22	CR 1,458,612.81	14:51\nOn-Line Cash -  kabir Batch- OnL1002644 0.00 290,000.00	002613/11/22 13/11/22	CR 1,748,612.81	10:10\nCLG- Inward - CA1749460 HV / UNITED \nCOMMERCIAL BANK LTD. / TRUNCATION POINT \n/ 1749460 / Pay To : elite security Batch- \nCLGI10011213\n 1,740,000.00 0.00	001114/11/22 14/11/22	CR 8,612.81	12:42\nTransfer -  EFTICE / BRAK / BBL/JAAGO / \nSalary sec Batch- TFE1999932\n 0.00 28,950.00	001114/11/22 14/11/22	CR 37,562.81	14:34\nTransfer -  EFTICE / HSBC / HSBCNET_2022/11/ \n/ GPS Batch- TFE1999932\n 0.00 77,420.00	001114/11/22 14/11/22	CR 114,982.81	14:34\nTransfer -  EFTICE / HSBC / HSBCNET_2022/11/ \n/ GPS Batch- TFE199991\n 0.00 77,420.00	001122/11/22 22/11/22	CR 192,402.81	10:37\nTransfer -  EFTICE / EBLD / EBLSHAKTI / EBL \nCon Batch- TFE1999922\n 0.00 191,100.00	001122/11/22 22/11/22	CR 383,502.81	14:14\nTransfer -  EFTICE / SCBL / STS / STS EFT PM \nBatch- TFE1999968\n 0.00 110,170.00	001124/11/22 24/11/22	CR 493,672.81	14:16\nTransfer -  EFTICE / SCBL / STS / STS EFT PM \nBatch- TFE1999968\n 0.00 200,000.00	001124/11/22 24/11/22	CR 693,672.81	14:16\nCLG -  RV / RUPALI BANK LTD. / TOTAIL / \n1115530 / RV CLG CHQ#1115530 Batch- \nCLGP10011296\n 0.00 29,100.00	002528/11/22 28/11/22	CR 722,772.81	12:49\nTransfer -  CASH CARRING BILL JUNE 22 TO \nSEP 22 FROM MIDLAND BANK LTD -23 Batch- \nHSA1999914\n 0.00 940,717.00	999901/12/22 01/12/22	CR 1,663,489.81	14:14\nTransfer -  SECURITY SERVICE BILL FOR THE \nM/O OCT-2022-16 Batch- HSA1999924\n 0.00 2,207,891.00	999901/12/22 01/12/22	CR 3,871,380.81	15:20\nTransfer -  EFTICE / CIBL / INTERCLOUD LIMIT / \nFUND TRANX Batch- TFE199993\n 0.00 32,340.00	001104/12/22 04/12/22	CR 3,903,720.81	10:24\nCharge -  ACCOUNT STATEMENT CHARGE \nFROM A/C: 0011-1050002714 Batch- 10011725\n 115.00 0.00	001104/12/22 04/12/22	CR 3,903,605.81	17:25\nTransfer -  EFTICE / CCEY / FRENCH EMBASSY \n/ TRANSFER Batch- TFE1999913\n 0.00 33,222.00	001106/12/22 06/12/22	CR 3,936,827.81	15:11\nPage 16 of 47\n 4:22:19PM\nPrinting Date : 19/01/25\n\nHead Office\nN. B Tower (Level 6-9), 40/7, North Avenue, \nGulshan - 2, Dhaka-1212\nContact Centre :16596, 09617016596, \n09611016596\nFAX	:880-2-55052214\nSWIFT	:MDBLBDDH\nDate Value \nDate\nBranch\nCode\nParticular	Withdrawal(Dr)	BalanceDeposit(Cr)	Trn.\nTime\nBatchNo\nTransfer -  EFTICE / CCEY / FRENCH EMBASSY \n/ TRANSFER Batch- TFE1999913\n 0.00 33,222.00	001106/12/22 06/12/22	CR 3,970,049.81	15:11\nCash - ca2254607 mr omar faruk 423,103.00 0.00	001107/12/22 07/12/22	CR 3,546,946.81	12:20\nCash - ca2254606 mohammad ali Monthly Value \nexceeded TP. Amount exceeded TP.\n 3,194,057.00 0.00	001107/12/22 07/12/22	CR 352,889.81	12:25\nTransfer -  EFTICE / PUBA / SMC ENTERPRISE / \nSUPPLIERS Batch- TFE199998\n 0.00 34,280.00	001107/12/22 07/12/22	CR 387,169.81	14:19\nCash - ca2254608 ali Monthly Value exceeded \nTP.\n 236,631.00 0.00	001108/12/22 08/12/22	CR 150,538.81	12:34\nTransfer -  EFTICE / SCBL / SCB / EFT PAYMEN \nBatch- TFE1999925\n 0.00 1,420,585.40	001112/12/22 12/12/22	CR 1,571,124.21	10:23\nTransfer -  EFTICE / IBBL / iBanking / iBanking \nBatch- TFE1999938\n 0.00 13,000.00	001113/12/22 13/12/22	CR 1,584,124.21	16:10\nOn-Line Cash -  md. kobir hossain Batch- \nOnL10026176\n 0.00 290,000.00	002614/12/22 14/12/22	CR 1,874,124.21	10:57\nTransfer -  EFTICE / HSBC / HSBCNET_2022/12/ \n/ GPS Batch- TFE1999939\n 0.00 83,872.00	001114/12/22 14/12/22	CR 1,957,996.21	15:42\nCLG- Inward - CA2254609 HV / UNITED \nCOMMERCIAL BANK LTD. / TRUNCATION POINT \n/ 2254609 / Pay To : elite Batch- CLGI10011280\n 1,850,000.00 0.00	001115/12/22 15/12/22	CR 107,996.21	13:42\nTransfer -  EFTICE / BRAK / BBL/JAAGO / \nMonthly se Batch- TFE1001177\n 0.00 29,400.00	001120/12/22 20/12/22	CR 137,396.21	11:09\nTransfer -  EFTICE / EBLD / EBLSHAKTI / EBL \nCon Batch- TFE10011466\n 0.00 148,470.00	001121/12/22 21/12/22	CR 285,866.21	14:53\nTransfer -  CASH CARRING BILL OCTOBER \n2022 TO NOVEMBER 2022 FROM MIDLAND \nBANK LTD -21 Batch- HSA19999150\n 0.00 496,370.00	999927/12/22 27/12/22	CR 782,236.21	19:06\nTransfer -  EFTICE / CIBL / INTERCLOUD LIMIT / \nFUND TRANX Batch- TFE1999961\n 0.00 32,340.00	001129/12/22 29/12/22	CR 814,576.21	15:10\nTransfer -  EFTICE / SCBL / SCB / EFT PMNT \nBatch- TFE1999961\n 0.00 200,000.00	001129/12/22 29/12/22	CR 1,014,576.21	15:10\nTransfer -  EFTICE / SCBL / SCB / EFT PMNT \nBatch- TFE1999961\n 0.00 200,000.00	001129/12/22 29/12/22	CR 1,214,576.21	15:10\nTransfer -  EFTICE / SCBL / SCB / EFT PMNT \nBatch- TFE1999961\n 0.00 200,000.00	001129/12/22 29/12/22	CR 1,414,576.21	15:10\nTransfer -  EFTICE / SCBL / SCB / EFT PMNT \nBatch- TFE1999961\n 0.00 49,873.00	001129/12/22 29/12/22	CR 1,464,449.21	15:10\nTransfer -  EFTICE / SCBL / SCB / EFT PMNT \nBatch- TFE1999961\n 0.00 200,000.00	001129/12/22 29/12/22	CR 1,664,449.21	15:10\nTransfer -  EFTICE / SCBL / SCB / EFT PMNT \nBatch- TFE1999961\n 0.00 149,301.00	001129/12/22 29/12/22	CR 1,813,750.21	15:10\nCharge -  Service Charge Batch- SC121050 345.00 0.00	001129/12/22 29/12/22	CR 1,813,405.21	04:14\nExcise Duty -  Excise Duty Batch- XD121050 3,000.00 0.00	001129/12/22 29/12/22	CR 1,810,405.21	04:17\nCharge -  Bank statement charge From A/C \n0011-1050002714 Batch- 10011359\n 115.00 0.00	001101/01/23 01/01/23	CR 1,810,290.21	15:03\nCLG -  RV / RUPALI BANK LTD. / TOTAIL / \n1115532 / RV CLG CHQ#1115532 Batch- \nCLGP10011572\n 0.00 29,100.00	002501/01/23 01/01/23	CR 1,839,390.21	16:50\nTransfer -  SECURITY SERVICE BILL FOR THE \nM/O NOV-2022-16 Batch- HSA19999189\n 0.00 2,263,947.00	999901/01/23 01/01/23	CR 4,103,337.21	17:34\nTransfer -  EFTICE / HSBC / HSBCNET_2023/01/ \n/ GPS Batch- TFE10011650\n 0.00 58,016.00	001104/01/23 04/01/23	CR 4,161,353.21	16:25\nTransfer -  EFTICE / PUBA / SMC ENTERPRISE / \nSMC ENT LT Batch- TFE1999917\n 0.00 34,280.00	001105/01/23 05/01/23	CR 4,195,633.21	16:05\nPage 17 of 47\n 4:22:19PM\nPrinting Date : 19/01/25\n\nHead Office\nN. B Tower (Level 6-9), 40/7, North Avenue, \nGulshan - 2, Dhaka-1212\nContact Centre :16596, 09617016596, \n09611016596\nFAX	:880-2-55052214\nSWIFT	:MDBLBDDH\nDate Value \nDate\nBranch\nCode\nParticular	Withdrawal(Dr)	BalanceDeposit(Cr)	Trn.\nTime\nBatchNo\nTransfer -  EFTICE / IBBL / iBanking / iBanking \nBatch- TFE10011470\n 0.00 13,000.00	001108/01/23 08/01/23	CR 4,208,633.21	15:34\nCLG- Inward - CA2254610 HV / UNITED \nCOMMERCIAL BANK LTD. / TRUNCATION POINT \n/ 2254610 / Pay To : elit security ser Batch- \nCLGI10011263\n 4,200,000.00 0.00	001110/01/23 10/01/23	CR 8,633.21	13:08\nTransfer -  EFTICE / EBLD / EBLSHAKTI / EBL \nCon Batch- TFE1999958\n 0.00 42,630.00	001111/01/23 11/01/23	CR 51,263.21	15:21\nRTGS -  RTGS INWARD /ISMARTU \nTECHNOLOGY BD LIMITED/BDHONGKONG AND \nSANGHAI BANKING \nCORPORATION00701950801/HONGKONG AND \nSANGHAI BANKING \n 0.00 154,840.00	001112/01/23 12/01/23	CR 206,103.21	15:09\nTransfer -  EFTICE / SCBL / SCB / EFT PMNT \nBatch- TFE10011600\n 0.00 1,419,414.83	001112/01/23 12/01/23	CR 1,625,518.04	15:26\nCLG- Inward - CA2254611 HV / UNITED \nCOMMERCIAL BANK LTD. / TRUNCATION POINT \n/ 2254611 / Pay To : elite sec Batch- \nCLGI10011246\n 1,000,000.00 0.00	001115/01/23 15/01/23	CR 625,518.04	12:40\nCLG- Inward - CA2254612 HV / UNITED \nCOMMERCIAL BANK LTD. / TRUNCATION POINT \n/ 2254612 / Pay To : elite secu Batch- \nCLGI10011250\n 600,000.00 0.00	001115/01/23 15/01/23	CR 25,518.04	12:40\nTransfer -  EFTICE / EBLD / EBLSHAKTI / EBL \nCon Batch- TFE1999950\n 0.00 202,101.00	001116/01/23 16/01/23	CR 227,619.04	15:56\nOn-Line Cash -  md. kobir hossain Batch- \nOnL1002691\n 0.00 290,000.00	002617/01/23 17/01/23	CR 517,619.04	10:36\nTransfer -  EFTICE / HSBC / HSBCNET_2023/01/ \n/ GPS Batch- TFE1001166\n 0.00 23,520.00	001118/01/23 18/01/23	CR 541,139.04	10:49\nTransfer -  EFTICE / BRAK / BBL/JAAGO / \nMonthly Se Batch- TFE10011585\n 0.00 29,400.00	001123/01/23 23/01/23	CR 570,539.04	15:38\nCLG- Inward - CA1749457 RV / PRIME BANK \nLTD. / TRUNCATION POINT / 1749457 / Pay To : \njapan bangladesh Batch- CLGI10011282\n 50,000.00 0.00	001124/01/23 24/01/23	CR 520,539.04	14:03\nCLG -  RV / RUPALI BANK LTD. / TOTAIL / \n1115533 / RV CLG CHQ#1115533 Batch- \nCLGP10011279\n 0.00 29,100.00	002525/01/23 25/01/23	CR 549,639.04	13:09\nTransfer -  SECURITY SERVICE BILL FOR THE \nM/O DEC-2022-16 Batch- HSA19999153\n 0.00 2,243,899.00	999901/02/23 01/02/23	CR 2,793,538.04	18:13\nTransfer -  STATEMENT GIVEN CHARGE Batch- \n10011501\n 115.00 0.00	001102/02/23 02/02/23	CR 2,793,423.04	15:02\nTransfer -  EFTICE / PUBA / SMC ENTERPRISE / \nSMC ENT LT Batch- TFE19999133\n 0.00 34,280.00	001106/02/23 06/02/23	CR 2,827,703.04	16:00\nCLG- Inward - CA2254613 HV / UNITED \nCOMMERCIAL BANK LTD. / TRUNCATION POINT \n/ 2254613 / Pay To : elite security Batch- \nCLGI10011189\n 2,750,000.00 0.00	001107/02/23 07/02/23	CR 77,703.04	11:43\nTransfer -  CASH CARRING BILL DECEMBER \n2022 FROM MIDLAND BANK LTD -18 Batch- \nHSA19999129\n 0.00 240,100.00	999908/02/23 08/02/23	CR 317,803.04	18:57\nTransfer -  EFTICE / SCBL / SCB / EFT PMNT \nBatch- TFE1999991\n 0.00 1,326,339.00	001109/02/23 09/02/23	CR 1,644,142.04	16:16\nTransfer -  EFTICE / IBBL / iBanking / iBanking \nBatch- TFE1999960\n 0.00 13,000.00	001112/02/23 12/02/23	CR 1,657,142.04	15:40\nPage 18 of 47\n 4:22:19PM\nPrinting Date : 19/01/25\n\nHead Office\nN. B Tower (Level 6-9), 40/7, North Avenue, \nGulshan - 2, Dhaka-1212\nContact Centre :16596, 09617016596, \n09611016596\nFAX	:880-2-55052214\nSWIFT	:MDBLBDDH\nDate Value \nDate\nBranch\nCode\nParticular	Withdrawal(Dr)	BalanceDeposit(Cr)	Trn.\nTime\nBatchNo\nCLG- Inward - CA2254614 HV / UNITED \nCOMMERCIAL BANK LTD. / TRUNCATION POINT \n/ 2254614 / Pay To : elite security Batch- \nCLGI10011267\n 1,600,000.00 0.00	001114/02/23 14/02/23	CR 57,142.04	13:19\nTransfer -  EFTICE / SCBL / SCB / EFT PMNT \nBatch- TFE1999957\n 0.00 1,421,975.48	001114/02/23 14/02/23	CR 1,479,117.52	15:38\nTransfer -  EFTICE / CIBL / CBL / Payment \nBatch- TFE10011562\n 0.00 32,340.00	001116/02/23 16/02/23	CR 1,511,457.52	15:11\nOn-Line Cash -  babul hossain Batch- \nOnL10026110\n 0.00 290,000.00	002619/02/23 19/02/23	CR 1,801,457.52	10:58\nTransfer -  EFTICE / EBLD / EBLSHAKTI / EBL \nCon Batch- TFE1999976\n 0.00 191,100.00	001122/02/23 22/02/23	CR 1,992,557.52	15:31\nRTGS -  RTGS INWARD /ISMARTU \nTECHNOLOGY BD LIMITED/BDHONGKONG AND \nSANGHAI BANKING \nCORPORATION00701950801/HONGKONG AND \nSANGHAI BANKING \n 0.00 154,840.00	001123/02/23 23/02/23	CR 2,147,397.52	10:39\nTransfer -  EFTICE / HSBC / HSBCNET_2023/02/ \n/ GPS Batch- TFE1999995\n 0.00 23,520.00	001128/02/23 28/02/23	CR 2,170,917.52	15:30\nTransfer -  SECURITY SERVICE BILL FOR THE \nM/O JAN 23-16 Batch- HSA1999960\n 0.00 2,649,508.00	999901/03/23 01/03/23	CR 4,820,425.52	15:18\nTransfer -  EFTICE / IBBL / iBanking / iBanking \nBatch- TFE1001169\n 0.00 13,000.00	001105/03/23 05/03/23	CR 4,833,425.52	10:46\nCLG- Inward - CA2254615 HV / UNITED \nCOMMERCIAL BANK LTD. / TRUNCATION POINT \n/ 2254615 / Pay To : elite sec Batch- \nCLGI10011173\n 2,150,000.00 0.00	001106/03/23 06/03/23	CR 2,683,425.52	12:08\nTransfer -  STATEMENT GIVEN CHARGE Batch- \n100111003\n 115.00 0.00	001106/03/23 06/03/23	CR 2,683,310.52	18:31\nTransfer -  EFTICE / PUBA / SMC ENTERPRISE / \nSMC ENT LT Batch- TFE1999954\n 0.00 34,280.00	001109/03/23 09/03/23	CR 2,717,590.52	15:32\nCLG- Inward - CA2254616 HV / UNITED \nCOMMERCIAL BANK LTD. / TRUNCATION POINT \n/ 2254616 / Pay To : elit security Batch- \nCLGI10011209\n 2,700,000.00 0.00	001113/03/23 13/03/23	CR 17,590.52	12:49\nTransfer -  EFTICE / BRAK / BBL/JAAGO / \nSecurity B Batch- TFE1999948\n 0.00 29,400.00	001116/03/23 16/03/23	CR 46,990.52	10:58\nOn-Line Cash -  kabir Batch- OnL10026103 0.00 290,000.00	002620/03/23 20/03/23	CR 336,990.52	10:48\nTransfer -  EFTICE / EBLD / EBLSHAKTI / EBL \nCon Batch- TFE19999117\n 0.00 191,861.00	001121/03/23 21/03/23	CR 528,851.52	15:36\nTransfer -  SECURITY SERVICE BILL FOR THE \nM/O FEB 23-16 Batch- HSA1999994\n 0.00 2,672,460.00	999902/04/23 02/04/23	CR 3,201,311.52	15:17\nCLG- Inward - CA2254617 HV / UNITED \nCOMMERCIAL BANK LTD. / TRUNCATION POINT \n/ 2254617 / Pay To : elite Batch- CLGI10011244\n 3,200,000.00 0.00	001105/04/23 05/04/23	CR 1,311.52	12:00\nTransfer -  EFTICE / IBBL / iBanking / iBanking \nBatch- TFE1999982\n 0.00 13,000.00	001105/04/23 05/04/23	CR 14,311.52	15:25\nTransfer -  EFTICE / PUBA / SMC ENTERPRISE / \nSMC ENT LT Batch- TFE1999959\n 0.00 45,707.00	001109/04/23 09/04/23	CR 60,018.52	15:14\nTransfer -  EFTICE / SCBL / SCB / EFT PMNT \nBatch- TFE1999980\n 0.00 1,420,201.30	001112/04/23 12/04/23	CR 1,480,219.82	15:42\nTransfer -  EFTICE / SCBL / SCB / EFT PMNT \nBatch- TFE1999980\n 0.00 1,418,134.51	001112/04/23 12/04/23	CR 2,898,354.33	15:42\nTransfer -  EFTICE / SCBL / SCB / EFT PMNT \nBatch- TFE1001157\n 0.00 1,076,037.00	001113/04/23 13/04/23	CR 3,974,391.33	09:51\nPage 19 of 47\n 4:22:19PM\nPrinting Date : 19/01/25\n\nHead Office\nN. B Tower (Level 6-9), 40/7, North Avenue, \nGulshan - 2, Dhaka-1212\nContact Centre :16596, 09617016596, \n09611016596\nFAX	:880-2-55052214\nSWIFT	:MDBLBDDH\nDate Value \nDate\nBranch\nCode\nParticular	Withdrawal(Dr)	BalanceDeposit(Cr)	Trn.\nTime\nBatchNo\nCLG- Inward - CA2254618 HV / UNITED \nCOMMERCIAL BANK LTD. / TRUNCATION POINT \n/ 2254618 / Pay To : ucbl Batch- CLGI10011446\n 3,900,000.00 0.00	001116/04/23 16/04/23	CR 74,391.33	12:33\nTransfer -  EFTICE / EBLD / EBLSHAKTI / EBL \nCon Batch- TFE1999961\n 0.00 299,714.00	001116/04/23 16/04/23	CR 374,105.33	15:06\nTransfer -  EFTICE / SCBL / SCB / EFT PMNT \nBatch- TFE1999961\n 0.00 1,419,131.28	001116/04/23 16/04/23	CR 1,793,236.61	15:06\nCLG -  RV / RUPALI BANK LTD. / TOTAIL / \n1115536 / RV CLG CHQ#1115536 Batch- \nCLGP100111087\n 0.00 29,100.00	002517/04/23 17/04/23	CR 1,822,336.61	15:52\nCLG -  RV / RUPALI BANK LTD. / TOTAIL / \n1115534 / RV CLG CHQ#1115534 Batch- \nCLGP100111088\n 0.00 29,100.00	002517/04/23 17/04/23	CR 1,851,436.61	15:52\nCLG -  RV / RUPALI BANK LTD. / TOTAIL / \n1115535 / RV CLG CHQ#1115535 Batch- \nCLGP100111089\n 0.00 29,100.00	002517/04/23 17/04/23	CR 1,880,536.61	15:52\nTransfer -  EFTICE / HSBC / HSBCNET_2023/04/ \n/ GPS Batch- TFE19999108\n 0.00 43,912.00	001117/04/23 17/04/23	CR 1,924,448.61	16:02\nTransfer -  EFTICE / BRAK / BBL/JAAGO / Eid \nBonus Batch- TFE199994\n 0.00 16,500.00	001118/04/23 18/04/23	CR 1,940,948.61	10:00\nRTGS -  RTGS INWARD /ISMARTU \nTECHNOLOGY BD LIMITED/BDHONGKONG AND \nSANGHAI BANKING \nCORPORATION00701950801/HONGKONG AND \nSANGHAI BANKING \n 0.00 232,197.00	001118/04/23 18/04/23	CR 2,173,145.61	13:43\nTransfer -  SECURITY SERVICE BILL FOR THE \nM/O MAR 23-16 Batch- HSA1999942\n 0.00 2,684,220.00	999902/05/23 02/05/23	CR 4,857,365.61	15:09\nTransfer -  CASH CARRING BILL JANUARY \n2023 FROM MIDLAND BANK LTD -21 Batch- \nHSA1999943\n 0.00 282,240.00	999902/05/23 02/05/23	CR 5,139,605.61	15:34\nCash - CA2254619 MOHAMMAD ALI Monthly \nValue exceeded TP. Amount exceeded TP.\n 5,000,000.00 0.00	001107/05/23 07/05/23	CR 139,605.61	12:18\nTransfer -  EFTICE / HSBC / HSBCNET_2023/05/ \n/ GPS Batch- TFE1999956\n 0.00 59,701.00	001107/05/23 07/05/23	CR 199,306.61	15:38\nTransfer -  EFTICE / PUBA / SMC ENTERPRISE / \nSMC ENT LT Batch- TFE1999970\n 0.00 45,707.00	001108/05/23 08/05/23	CR 245,013.61	14:50\nTransfer -  EFTICE / CCEY / GERMAN \nCULTURAL / PAY MASTER Batch- TFE1999931\n 0.00 52,250.00	001110/05/23 10/05/23	CR 297,263.61	14:39\nTransfer -  EFTICE / IBBL / iBanking / iBanking \nBatch- TFE1999993\n 0.00 19,500.00	001114/05/23 14/05/23	CR 316,763.61	14:34\nCash -  md ali 0.00 802,763.00	001114/05/23 14/05/23	CR 1,119,526.61	16:23\nCLG- Inward - CA2254620 HV / UNITED \nCOMMERCIAL BANK LTD. / TRUNCATION POINT \n/ 2254620 / Pay To : elite security Batch- \nCLGI10011184\n 1,100,000.00 0.00	001115/05/23 15/05/23	CR 19,526.61	11:54\nTransfer -  EFTICE / EBLD / EBLSHAKTI / EBL \nCon Batch- TFE1999954\n 0.00 194,889.00	001115/05/23 15/05/23	CR 214,415.61	14:26\nTransfer -  EFTICE / BRAK / BBL/JAAGO / \nSecurity S Batch- TFE1999954\n 0.00 58,800.00	001115/05/23 15/05/23	CR 273,215.61	14:26\nOn-Line Cash -  MD. KABIR  HOSSAIN Monthly \nValue exceeded TP. Batch- OnL1002625\n 0.00 290,000.00	002622/05/23 22/05/23	CR 563,215.61	10:15\nRTGS -  RTGS INWARD /ISMARTU \nTECHNOLOGY BD LIMITED/BDHONGKONG AND \nSANGHAI BANKING \nCORPORATION00701950801/HONGKONG AND \nSANGHAI BANKING \n 0.00 385,546.00	001123/05/23 23/05/23	CR 948,761.61	10:20\nPage 20 of 47\n 4:22:19PM\nPrinting Date : 19/01/25\n\nHead Office\nN. B Tower (Level 6-9), 40/7, North Avenue, \nGulshan - 2, Dhaka-1212\nContact Centre :16596, 09617016596, \n09611016596\nFAX	:880-2-55052214\nSWIFT	:MDBLBDDH\nDate Value \nDate\nBranch\nCode\nParticular	Withdrawal(Dr)	BalanceDeposit(Cr)	Trn.\nTime\nBatchNo\nCLG -  RV / RUPALI BANK LTD. / TOTAIL / \n1115538 / RV CLG CHQ#1115538 Batch- \nCLGP10011295\n 0.00 29,100.00	002525/05/23 25/05/23	CR 977,861.61	13:06\nTransfer -  EFTICE / BRAK / BBL/JAAGO / \nSecurity S Batch- TFE1999970\n 0.00 29,400.00	001129/05/23 29/05/23	CR 1,007,261.61	14:33\nTransfer -  EFTICE / HSBC / HSBCNET_2023/05/ \n/ GPS Batch- TFE1999970\n 0.00 60,981.00	001129/05/23 29/05/23	CR 1,068,242.61	14:33\nCLG- Inward - CA2254621 HV / UTTARA BANK \nLTD. / TRUNCATION POINT / 2254621 / Pay To : \nm/s m b ent Batch- CLGI10011112\n 960,428.00 0.00	001130/05/23 30/05/23	CR 107,814.61	11:24\nTransfer -  SECURITY SERVICE BILL FOR THE \nM/O APR 23-16 Batch- HSA1999978\n 0.00 2,759,060.00	999901/06/23 01/06/23	CR 2,866,874.61	15:16\nTransfer -  EFTICE / PUBA / SMC ENTERPRISE / \nSUPPLIERS Batch- TFE199998\n 0.00 45,707.00	001106/06/23 06/06/23	CR 2,912,581.61	10:28\nTransfer -  EFTICE / IBBL / iBanking / iBanking \nBatch- TFE1999946\n 0.00 13,000.00	001107/06/23 07/06/23	CR 2,925,581.61	14:52\nCash -  md.ali Monthly Value exceeded TP. \nAmount exceeded TP.\n 0.00 1,070,350.00	001107/06/23 07/06/23	CR 3,995,931.61	16:32\nCash - ca2254622 md ashraful 724,547.00 0.00	001108/06/23 08/06/23	CR 3,271,384.61	15:30\nCash - ca2254623 nur hossain Monthly Value \nexceeded TP.\n 362,705.00 0.00	001108/06/23 08/06/23	CR 2,908,679.61	16:12\nCLG- Inward - CA2254625 HV / UNITED \nCOMMERCIAL BANK LTD. / TRUNCATION POINT \n/ 2254625 / Pay To : elite Batch- CLGI10011239\n 2,900,000.00 0.00	001112/06/23 12/06/23	CR 8,679.61	12:55\nCLG -  RV / RUPALI BANK LTD. / TOTAIL / \n1115540 / RV CLG CHQ#1115540 Batch- \nCLGP10011388\n 0.00 29,100.00	002512/06/23 12/06/23	CR 37,779.61	14:47\nCLG- Inward - CA2254624 RV / PUBALI BANK \nLTD. / TRUNCATION POINT / 2254624 / Pay To : \nbanglade Batch- CLGI10011361\n 2,668.00 0.00	001113/06/23 13/06/23	CR 35,111.61	14:34\nTransfer -  EFTICE / SCBL / SCB / EFT PMNT \nBatch- TFE1999954\n 0.00 1,386,126.44	001113/06/23 13/06/23	CR 1,421,238.05	15:45\nTransfer -  EFTICE / CCEY / GERMAN \nCULTURAL / TRANSFER Batch- TFE1999960\n 0.00 82,610.00	001114/06/23 14/06/23	CR 1,503,848.05	15:31\nTransfer -  EFTICE / SCBL / SCB / EFT PMNT \nBatch- TFE1999960\n 0.00 1,338,175.30	001114/06/23 14/06/23	CR 2,842,023.35	15:31\nOn-Line Cash -  kabir hossain Monthly Value \nexceeded TP. Batch- OnL1002646\n 0.00 290,000.00	002618/06/23 18/06/23	CR 3,132,023.35	10:14\nCash - ca2254626 majharul Monthly Value \nexceeded TP. Amount exceeded TP.\n 2,294,616.00 0.00	001118/06/23 18/06/23	CR 837,407.35	13:06\nCash - ca2254627 farhad Monthly Value \nexceeded TP.\n 534,992.00 0.00	001118/06/23 18/06/23	CR 302,415.35	14:11\nTransfer -  EFTICE / EBLD / EBLSHAKTI / EBL \nCon Batch- TFE199997\n 0.00 286,650.00	001119/06/23 19/06/23	CR 589,065.35	10:39\nTransfer -  EFTICE / SCBL / SCB / EFT PMNT \nBatch- TFE1999964\n 0.00 445,173.00	001119/06/23 19/06/23	CR 1,034,238.35	15:19\nTransfer -  CASH CARRING BILL FEBRUARY \nTO MARCH 2023 FROM MIDLAND BANK LTD \n-21 Batch- HSA1999995\n 0.00 546,350.00	999919/06/23 19/06/23	CR 1,580,588.35	16:03\nTransfer -  EFTICE / BRAK / BBL/JAAGO / Eid \nBonus Batch- TFE1999913\n 0.00 16,500.00	001120/06/23 20/06/23	CR 1,597,088.35	10:37\nCLG -  RV / AL-ARAFAH ISLAMI BANK LTD. / \nGULSHAN / 0458404 / Batch- CLGP10011677\n 0.00 37,500.00	001121/06/23 21/06/23	CR 1,634,588.35	15:34\nCLG -  RV / CITI BANK N A / MOTIJHEEL / \n0563720 / Batch- CLGP10011678\n 0.00 495,606.49	001121/06/23 21/06/23	CR 2,130,194.84	15:34\nPage 21 of 47\n 4:22:19PM\nPrinting Date : 19/01/25\n\nHead Office\nN. B Tower (Level 6-9), 40/7, North Avenue, \nGulshan - 2, Dhaka-1212\nContact Centre :16596, 09617016596, \n09611016596\nFAX	:880-2-55052214\nSWIFT	:MDBLBDDH\nDate Value \nDate\nBranch\nCode\nParticular	Withdrawal(Dr)	BalanceDeposit(Cr)	Trn.\nTime\nBatchNo\nCLG -  RV / EATERN BANK LTD. / GULSHAN / \n1915212 / Batch- CLGP10011679\n 0.00 38,880.00	001121/06/23 21/06/23	CR 2,169,074.84	15:34\nCLG -  RV / AL-ARAFAH ISLAMI BANK LTD. / \nGULSHAN / 0458403 / Batch- CLGP10011680\n 0.00 75,000.00	001121/06/23 21/06/23	CR 2,244,074.84	15:34\nCLG -  RV / THE PREMIER BANK LTD. / \nDILKUSHA / 3284512 / Batch- CLGP10011681\n 0.00 28,000.00	001121/06/23 21/06/23	CR 2,272,074.84	15:34\nCLG -  RV / UNITED COMMERCIAL BANK LTD. / \nCORPORATE / 2196450 / Batch- \nCLGP10011682\n 0.00 294,800.00	001121/06/23 21/06/23	CR 2,566,874.84	15:34\nCLG -  RV / ONE BANK LTD. / MIRPUR / \n1311662 / Batch- CLGP10011683\n 0.00 32,340.00	001121/06/23 21/06/23	CR 2,599,214.84	15:34\nCLG -  RV / UNION BANK LTD / DHANMONDI / \n2538299 / Batch- CLGP10011684\n 0.00 12,031.00	001121/06/23 21/06/23	CR 2,611,245.84	15:34\nCLG -  RV / DHAKA BANK LTD. / BARIDHARA / \n1188658 / Batch- CLGP10011685\n 0.00 115,652.00	001121/06/23 21/06/23	CR 2,726,897.84	15:34\nCLG -  RV / AL-ARAFAH ISLAMI BANK LTD. / \nDHANMONDI / 7194787 / Batch- CLGP10011686\n 0.00 37,500.00	001121/06/23 21/06/23	CR 2,764,397.84	15:34\nCLG -  RV / PUBALI BANK LTD. / MOHAKHALI / \n7265513 / Batch- CLGP10011687\n 0.00 93,100.00	001121/06/23 21/06/23	CR 2,857,497.84	15:34\nCLG -  RV / BANK ASIA LTD. / ELEPHANT \nROAD / 6588103 / Batch- CLGP10011688\n 0.00 33,810.00	001121/06/23 21/06/23	CR 2,891,307.84	15:34\nCLG -  RV / TRUST BANK LTD. / GULSHAN \nCORPORATE / 6476926 / Batch- \nCLGP10011689\n 0.00 218,736.00	001121/06/23 21/06/23	CR 3,110,043.84	15:34\nCLG -  RV / DUTCH BANGLA BANK LTD. / \nBASHUNDHARA / 8589766 / Batch- \nCLGP10011690\n 0.00 70,560.00	001121/06/23 21/06/23	CR 3,180,603.84	15:34\nCLG -  RV / COMMERCIAL BANK OF CEYLON / \nMIRPUR / 0287233 / Batch- CLGP10011691\n 0.00 37,113.00	001121/06/23 21/06/23	CR 3,217,716.84	15:34\nCharge -  BACH Clearing Charge & Vat / RV / \nCITI BANK N A / MOTIJHEEL / 0563720 / Batch- \nCCS10011916\n 10.00 0.00	001121/06/23 21/06/23	CR 3,217,706.84	17:38\nCharge -  BACH Clearing Charge & Vat / RV / \nAL-ARAFAH ISLAMI BANK LTD. / GULSHAN / \n0458403 / Batch- CCS10011918\n 10.00 0.00	001121/06/23 21/06/23	CR 3,217,696.84	17:38\nCharge -  BACH Clearing Charge & Vat / RV / \nUNITED COMMERCIAL BANK LTD. / \nCORPORATE / 2196450 / Batch- CCS10011920\n 10.00 0.00	001121/06/23 21/06/23	CR 3,217,686.84	17:38\nCharge -  BACH Clearing Charge & Vat / RV / \nDHAKA BANK LTD. / BARIDHARA / 1188658 / \nBatch- CCS10011923\n 10.00 0.00	001121/06/23 21/06/23	CR 3,217,676.84	17:38\nCharge -  BACH Clearing Charge & Vat / RV / \nPUBALI BANK LTD. / MOHAKHALI / 7265513 / \nBatch- CCS10011925\n 10.00 0.00	001121/06/23 21/06/23	CR 3,217,666.84	17:38\nCharge -  BACH Clearing Charge & Vat / RV / \nTRUST BANK LTD. / GULSHAN CORPORATE / \n6476926 / Batch- CCS10011927\n 10.00 0.00	001121/06/23 21/06/23	CR 3,217,656.84	17:38\nCharge -  BACH Clearing Charge & Vat / RV / \nDUTCH BANGLA BANK LTD. / BASHUNDHARA \n/ 8589766 / Batch- CCS10011928\n 10.00 0.00	001121/06/23 21/06/23	CR 3,217,646.84	17:38\nCash - ca2254653 robiul Monthly Value \nexceeded TP. Amount exceeded TP.\n 2,100,000.00 0.00	001125/06/23 25/06/23	CR 1,117,646.84	13:27\nCLG- Inward - CA2254650 RV / BRAC BANK \nLTD.\n / TRUNCATION POINT / 2254650 / Pay To : r \nBatch- CLGI10011680\n 128,040.00 0.00	001125/06/23 25/06/23	CR 989,606.84	14:49\nPage 22 of 47\n 4:22:19PM\nPrinting Date : 19/01/25\n\nHead Office\nN. B Tower (Level 6-9), 40/7, North Avenue, \nGulshan - 2, Dhaka-1212\nContact Centre :16596, 09617016596, \n09611016596\nFAX	:880-2-55052214\nSWIFT	:MDBLBDDH\nDate Value \nDate\nBranch\nCode\nParticular	Withdrawal(Dr)	BalanceDeposit(Cr)	Trn.\nTime\nBatchNo\nCLG- Inward - CA2254635 RV / ISLAMI BANK \nBANGLADESH LTD. / TRUNCATION POINT / \n2254635 / Pay To : u Batch- CLGI10011747\n 45,435.00 0.00	001125/06/23 25/06/23	CR 944,171.84	15:02\nCLG- Inward - CA2254631 RV / NRB BANK \nLIMITED / TRUNCATION POINT / 2254631 / Pay \nTo : l Batch- CLGI10011870\n 58,443.00 0.00	001125/06/23 25/06/23	CR 885,728.84	15:10\nCLG- Inward - CA2254645 RV / AB BANK LTD. \n/ TRUNCATION POINT / 2254645 / Pay To : sara \nBatch- CLGI10011349\n 29,343.00 0.00	001126/06/23 26/06/23	CR 856,385.84	11:54\nCLG- Inward - CA2254642 RV / AB BANK LTD. \n/ TRUNCATION POINT / 2254642 / Pay To : \ntoyata Batch- CLGI10011351\n 14,647.00 0.00	001126/06/23 26/06/23	CR 841,738.84	11:54\nCLG- Inward - CA2254651 RV / ISLAMI BANK \nBANGLADESH LTD. / TRUNCATION POINT / \n2254651 / Pay To : baraka Batch- \nCLGI10011548\n 27,470.00 0.00	001126/06/23 26/06/23	CR 814,268.84	13:05\nCLG- Inward - CA2254638 RV / ISLAMI BANK \nBANGLADESH LTD. / TRUNCATION POINT / \n2254638 / Pay To : m m Batch- CLGI10011552\n 86,019.00 0.00	001126/06/23 26/06/23	CR 728,249.84	13:05\nCLG- Inward - CA2254640 RV / PUBALI BANK \nLTD. / TRUNCATION POINT / 2254640 / Pay To : \ns b r Batch- CLGI10011566\n 242,461.00 0.00	001126/06/23 26/06/23	CR 485,788.84	13:08\nTransfer -  SECURITY SERVICE BILL FOR THE \nM/O MAY 23-16 Batch- HSA1999920\n 0.00 2,761,481.00	999926/06/23 26/06/23	CR 3,247,269.84	13:09\nCLG- Inward - CA2254641 RV / STANDARD \nBANK LTD. / TRUNCATION POINT / 2254641 / \nPay To : new Batch- CLGI10011574\n 61,789.00 0.00	001126/06/23 26/06/23	CR 3,185,480.84	13:10\nCLG- Inward - CA2254647 RV / TRUST BANK \nLTD. / TRUNCATION POINT / 2254647 / Pay To : \nnwe Batch- CLGI10011619\n 38,800.00 0.00	001126/06/23 26/06/23	CR 3,146,680.84	13:23\nCLG- Inward - CA2254646 RV / GLOBAL Islami \nBANK LIMITED / TRUNCATION POINT / 2254646 / \nPay To : c m Batch- CLGI10011628\n 13,095.00 0.00	001126/06/23 26/06/23	CR 3,133,585.84	13:25\nCLG- Inward - CA2254648 RV / BRAC BANK \nLTD.\n / TRUNCATION POINT / 2254648 / Pay To : al \nBatch- CLGI10011640\n 6,790.00 0.00	001126/06/23 26/06/23	CR 3,126,795.84	13:28\nCLG- Inward - CA2254644 RV / BRAC BANK \nLTD.\n / TRUNCATION POINT / 2254644 / Pay To : islam \nBatch- CLGI10011653\n 7,178.00 0.00	001126/06/23 26/06/23	CR 3,119,617.84	13:30\nCharge -  Cheque Book Issue Charge and Vat \nDebited by A/C No. 902934 Batch- \nCHQ10011675\n 402.50 0.00	001126/06/23 26/06/23	CR 3,119,215.34	13:34\nCharge -  Cheque Book Issue Charge and Vat \nDebited by A/C No. 902934 Batch- \nCHQ10011676\n 402.50 0.00	001126/06/23 26/06/23	CR 3,118,812.84	13:34\nCash - ca2254649 sohel Monthly Value \nexceeded TP.\n 6,790.00 0.00	001126/06/23 26/06/23	CR 3,112,022.84	14:13\nTransfer -  EFTICE / HSBC / HSBCNET_2023/06/ \n/ GPS Batch- TFE1999935\n 0.00 15,608.00	001126/06/23 26/06/23	CR 3,127,630.84	14:37\nTransfer -  EFTICE / BRAK / BBL/JAAGO / \nSecurity S Batch- TFE199993\n 0.00 29,400.00	001127/06/23 27/06/23	CR 3,157,030.84	10:30\nCharge -  Service Charge Batch- SC061050 345.00 0.00	001128/06/23 28/06/23	CR 3,156,685.84	19:56\nPage 23 of 47\n 4:22:19PM\nPrinting Date : 19/01/25\n\nHead Office\nN. B Tower (Level 6-9), 40/7, North Avenue, \nGulshan - 2, Dhaka-1212\nContact Centre :16596, 09617016596, \n09611016596\nFAX	:880-2-55052214\nSWIFT	:MDBLBDDH\nDate Value \nDate\nBranch\nCode\nParticular	Withdrawal(Dr)	BalanceDeposit(Cr)	Trn.\nTime\nBatchNo\nCLG- Inward - CA2254643 RV / DUTCH \nBANGLA BANK LTD. / TRUNCATION POINT / \n2254643 / Pay To : intraco cng Batch- \nCLGI10011200\n 14,550.00 0.00	001102/07/23 02/07/23	CR 3,142,135.84	12:57\nCLG- Inward - CA2254628 RV / EXIM BANK \nLTD.\n / TRUNCATION POINT / 2254628 / Pay To : \ntelnet Batch- CLGI10011354\n 8,245.00 0.00	001103/07/23 03/07/23	CR 3,133,890.84	13:57\nOn-Line Transfer - ca2254639 TRF TO \n0009-1460001612 TRF FROM \n0009-1460001612 Batch- OnL1000294\n 49,121.00 0.00	000206/07/23 06/07/23	CR 3,084,769.84	11:15\nCLG- Inward - CA2254629 RV / SOUTHEAST \nBANK LTD. / TRUNCATION POINT / 2254629 / \nPay To : systems solutions Batch- \nCLGI10011372\n 45,359.00 0.00	001106/07/23 06/07/23	CR 3,039,410.84	13:51\nTransfer -  EFTICE / HSBC / HSBCNET_2023/07/ \n/ GPS Batch- TFE1999985\n 0.00 61,204.30	001106/07/23 06/07/23	CR 3,100,615.14	15:14\nTransfer -  EFTICE / PUBA / SMC ENTERPRISE / \nSUPPLIERS Batch- TFE10011411\n 0.00 45,707.00	001109/07/23 09/07/23	CR 3,146,322.14	14:29\nCLG- Inward - CA2254654 HV / UNITED \nCOMMERCIAL BANK LTD. / TRUNCATION POINT \n/ 2254654 / Pay To : elite SECURITY SERVICES \nLIMITED Batch- CLGI10011207\n 2,900,000.00 0.00	001112/07/23 12/07/23	CR 246,322.14	13:07\nTransfer -  EFTICE / IBBL / iBanking / iBanking \nBatch- TFE1999923\n 0.00 19,500.00	001116/07/23 16/07/23	CR 265,822.14	11:05\nCLG- Inward - CA2254633 RV / HONGKONG \nAND SANGHAI BANKING CORPORATION / \nTRUNCATION POINT / 2254633 / Pay To : smart \nprintin Batch- CLGI10011230\n 99,185.00 0.00	001116/07/23 16/07/23	CR 166,637.14	12:50\nCash - ca2254655 forhad 119,818.00 0.00	001116/07/23 16/07/23	CR 46,819.14	15:35\nTransfer -  EFTICE / EBLD / EBLSHAKTI / EBL \nCon Batch- TFE10011105\n 0.00 191,100.00	001117/07/23 17/07/23	CR 237,919.14	14:59\nCLG- Inward - CA2254636 RV / EATERN BANK \nLTD. / TRUNCATION POINT / 2254636 / Pay To : \nVIVASOFT Batch- CLGI10011244\n 24,000.00 0.00	001119/07/23 19/07/23	CR 213,919.14	12:40\nCLG- Inward - CA2254637 RV / SHAHJALAL \nISLAMI BANK LTD. / TRUNCATION POINT / \n2254637 / Pay To : OFFICE & TECHNOLOGY \nBatch- CLGI10011267\n 13,724.00 0.00	001119/07/23 19/07/23	CR 200,195.14	12:49\nCLG- Inward - CA2254634 RV / BASIC BANK \nLTD. / TRUNCATION POINT / 2254634 / Pay To : \nrootfive Batch- CLGI10011235\n 6,993.00 0.00	001124/07/23 24/07/23	CR 193,202.14	12:48\nCLG -  RV / RUPALI BANK LTD. / TOTAIL / \n1115544 / RV CLG CHQ#1115544 Batch- \nCLGP10011247\n 0.00 29,100.00	002524/07/23 24/07/23	CR 222,302.14	12:53\nCLG- Inward - CA2254630 RV / PRIME BANK \nLTD. / TRUNCATION POINT / 2254630 / Pay To : \nmonico technologies Batch- CLGI10011389\n 12,125.00 0.00	001125/07/23 25/07/23	CR 210,177.14	14:14\nRTGS -  RTGS INWARD /ISMARTU \nTECHNOLOGY BD LIMITED/BDHONGKONG AND \nSANGHAI BANKING \nCORPORATION00701950801/HONGKONG AND \nSANGHAI BANKING \n 0.00 388,788.00	001126/07/23 26/07/23	CR 598,965.14	15:01\nCLG- Inward - CA2254632 RV / PRIME BANK \nLTD. / TRUNCATION POINT / 2254632 / Pay To : \nagni systems ltd Batch- CLGI10011299\n 32,980.00 0.00	001127/07/23 27/07/23	CR 565,985.14	13:23\nPage 24 of 47\n 4:22:19PM\nPrinting Date : 19/01/25\n\nHead Office\nN. B Tower (Level 6-9), 40/7, North Avenue, \nGulshan - 2, Dhaka-1212\nContact Centre :16596, 09617016596, \n09611016596\nFAX	:880-2-55052214\nSWIFT	:MDBLBDDH\nDate Value \nDate\nBranch\nCode\nParticular	Withdrawal(Dr)	BalanceDeposit(Cr)	Trn.\nTime\nBatchNo\nCLG- Inward - CA2254652 RV / ISLAMI BANK \nBANGLADESH LTD. / TRUNCATION POINT / \n2254652 / Pay To : barakha Batch- \nCLGI10011251\n 41,206.00 0.00	001130/07/23 30/07/23	CR 524,779.14	12:49\nTransfer -  SECURITY SERVICE BILL FOR THE \nM/O JUN 23-16 Batch- HSA1999935\n 0.00 2,796,920.00	999901/08/23 01/08/23	CR 3,321,699.14	15:20\nCLG- Inward - CA2449886 HV / UNITED \nCOMMERCIAL BANK LTD. / TRUNCATION POINT \n/ 2449886 / Pay To : elite Batch- CLGI10011269\n 3,300,000.00 0.00	001106/08/23 06/08/23	CR 21,699.14	12:46\nTransfer -  EFTICE / PUBA / SMC ENTERPRISE / \nSUPPLIERS Batch- TFE1999938\n 0.00 45,707.00	001106/08/23 06/08/23	CR 67,406.14	16:20\nTransfer -  CASH CARRING BILL APRIL TO \nMAY 2023 FROM MIDLAND BANK LTD -25 \nBatch- HSA1999957\n 0.00 546,840.00	999906/08/23 06/08/23	CR 614,246.14	17:09\nRTGS -  RTGS INWARD /ISMARTU \nTECHNOLOGY BD LIMITED/BDHONGKONG AND \nSANGHAI BANKING \nCORPORATION00701950801/HONGKONG AND \nSANGHAI BANKING \n 0.00 154,840.00	001107/08/23 07/08/23	CR 769,086.14	11:16\nCLG- Inward - CA2449887 RV / UNITED \nCOMMERCIAL BANK LTD. / TRUNCATION POINT \n/ 2449887 / Pay To : elite Batch- CLGI10011311\n 760,000.00 0.00	001110/08/23 10/08/23	CR 9,086.14	13:24\nTransfer -  EFTICE / BRAK / BBL/JAAGO / \nSecurity B Batch- TFE1999939\n 0.00 29,400.00	001113/08/23 13/08/23	CR 38,486.14	15:59\nTransfer -  EFTICE / EBLD / EBLSHAKTI / EBL \nCon Batch- TFE1999939\n 0.00 203,614.00	001113/08/23 13/08/23	CR 242,100.14	15:59\nOn-Line Cash -  kabir hossain Batch- \nOnL10026432\n 0.00 290,000.00	002614/08/23 14/08/23	CR 532,100.14	12:48\nTransfer -  EFTICE / SCBL / SCB / EFTPAYMENT \nBatch- TFE1999958\n 0.00 1,341,315.16	001116/08/23 16/08/23	CR 1,873,415.30	15:28\nTransfer -  EFTICE / HSBC / HSBCNET_2023/08/ \n/ GPS Batch- TFE1999966\n 0.00 59,773.59	001117/08/23 17/08/23	CR 1,933,188.89	15:09\nTransfer -  EFTICE / HSBC / HSBCNET_2023/08/ \n/ GPS Batch- TFE1999966\n 0.00 60,389.67	001117/08/23 17/08/23	CR 1,993,578.56	15:09\nTransfer -  EFTICE / SCBL / SCB / EFTPAYMENT \nBatch- TFE199995\n 0.00 58,476.00	001120/08/23 20/08/23	CR 2,052,054.56	10:48\nTransfer -  EFTICE / SCBL / SCB / EFTPAYMENT \nBatch- TFE199995\n 0.00 30,498.00	001120/08/23 20/08/23	CR 2,082,552.56	10:48\nTransfer -  EFTICE / SCBL / SCB / EFTPAYMENT \nBatch- TFE199995\n 0.00 58,378.00	001120/08/23 20/08/23	CR 2,140,930.56	10:48\nTransfer -  EFTICE / SCBL / SCB / EFTPAYMENT \nBatch- TFE199995\n 0.00 42,797.00	001120/08/23 20/08/23	CR 2,183,727.56	10:48\nTransfer -  EFTICE / SCBL / SCB / EFTPAYMENT \nBatch- TFE199995\n 0.00 167,902.00	001120/08/23 20/08/23	CR 2,351,629.56	10:48\nTransfer -  EFTICE / SCBL / SCB / EFTPAYMENT \nBatch- TFE199995\n 0.00 47,728.00	001120/08/23 20/08/23	CR 2,399,357.56	10:48\nCLG -  RV / RUPALI BANK LTD. / TOTAIL / \n1115545 / RV CLG  CHQ#1115545 Batch- \nCLGP10011607\n 0.00 29,100.00	002520/08/23 20/08/23	CR 2,428,457.56	16:20\nRTGS -  RTGS INWARD /ISMARTU \nTECHNOLOGY BD LIMITED/BDHONGKONG AND \nSANGHAI BANKING \nCORPORATION00701950801/HONGKONG AND \nSANGHAI BANKING \n 0.00 441,699.00	001121/08/23 21/08/23	CR 2,870,156.56	10:22\nPage 25 of 47\n 4:22:19PM\nPrinting Date : 19/01/25\n\nHead Office\nN. B Tower (Level 6-9), 40/7, North Avenue, \nGulshan - 2, Dhaka-1212\nContact Centre :16596, 09617016596, \n09611016596\nFAX	:880-2-55052214\nSWIFT	:MDBLBDDH\nDate Value \nDate\nBranch\nCode\nParticular	Withdrawal(Dr)	BalanceDeposit(Cr)	Trn.\nTime\nBatchNo\nRTGS -  RTGS INWARD /ISMARTU \nTECHNOLOGY BD LIMITED/BDHONGKONG AND \nSANGHAI BANKING \nCORPORATION00701950801/HONGKONG AND \nSANGHAI BANKING \n 0.00 403,878.00	001121/08/23 21/08/23	CR 3,274,034.56	13:36\nTransfer -  EFTICE / HSBC / HSBCNET_2023/08/ \n/ GPS Batch- TFE1999971\n 0.00 45,645.00	001122/08/23 22/08/23	CR 3,319,679.56	16:48\nOn-Line Cash -  KABIR Batch- OnL1002623 0.00 290,000.00	002623/08/23 23/08/23	CR 3,609,679.56	10:11\nCash - ca2449888 mohammad ali Monthly Value \nexceeded TP. Amount exceeded TP.\n 1,705,381.00 0.00	001123/08/23 23/08/23	CR 1,904,298.56	13:08\nTransfer -  EFTICE / CCEY / GERMAN \nCULTURAL / PAY MASTER Batch- TFE1999915\n 0.00 153,450.00	001127/08/23 27/08/23	CR 2,057,748.56	10:32\nTransfer -  EFTICE / HSBC / HSBCNET_2023/08/ \n/ GPS Batch- TFE199994\n 0.00 45,057.00	001129/08/23 29/08/23	CR 2,102,805.56	10:27\nTransfer -  SECURITY SERVICE BILL FOR THE \nM/O JUL 23-16 Batch- HSA1999957\n 0.00 2,791,040.00	999903/09/23 03/09/23	CR 4,893,845.56	15:45\nTransfer -  EFTICE / TTBL / ANIQUA NUS / EFTN \n23199 Batch- TFE1999959\n 0.00 28,226.00	001107/09/23 07/09/23	CR 4,922,071.56	14:27\nTransfer -  EFTICE / PUBA / SMC ENTERPRISE / \nSUPPLIERS Batch- TFE1999959\n 0.00 45,707.00	001107/09/23 07/09/23	CR 4,967,778.56	14:27\nCash - ca2449890 foisal 400,000.00 0.00	001107/09/23 07/09/23	CR 4,567,778.56	14:47\nCash - ca2449889 foisal Monthly Value \nexceeded TP. Amount exceeded TP.\n 2,865,517.00 0.00	001107/09/23 07/09/23	CR 1,702,261.56	14:55\nCash - ca2449892 foisal Monthly Value \nexceeded TP.\n 441,140.00 0.00	001107/09/23 07/09/23	CR 1,261,121.56	14:56\nCash - ca2449891 foisal Monthly Value \nexceeded TP.\n 1,000,000.00 0.00	001107/09/23 07/09/23	CR 261,121.56	14:56\nTransfer -  EFTICE / SCBL / SCB / EFTPAYMENT \nBatch- TFE1999999\n 0.00 1,341,315.16	001113/09/23 13/09/23	CR 1,602,436.72	15:11\nTransfer -  EFTICE / BRAK / BBL/JAAGO / \nSecurity B Batch- TFE1999943\n 0.00 29,400.00	001117/09/23 17/09/23	CR 1,631,836.72	14:16\nOn-Line Cash -  md kabir hossain Batch- \nOnL10026109\n 0.00 290,000.00	002621/09/23 21/09/23	CR 1,921,836.72	10:35\nCLG -  RV / RUPALI BANK LTD. / TOTAIL / \n1115546 / RV CLG CHQ#1115546 Batch- \nCLGP10011712\n 0.00 29,100.00	002521/09/23 21/09/23	CR 1,950,936.72	16:28\nTransfer -  EFTICE / HSBC / HSBCNET_2023/09/ \n/ GPS Batch- TFE1999911\n 0.00 60,086.00	001127/09/23 27/09/23	CR 2,011,022.72	10:25\nTransfer -  SECURITY SERVICE BILL FOR THE \nM/O AUG 23-16 Batch- HSA1999947\n 0.00 2,791,040.00	999901/10/23 01/10/23	CR 4,802,062.72	16:43\nCLG -  RV / RUPALI BANK LTD. / TOTAIL / \n1115547 / RV CLG CHQ#1115547 Batch- \nCLGP10011675\n 0.00 29,100.00	002504/10/23 04/10/23	CR 4,831,162.72	16:49\nRTGS -  RTGS INWARD /Ismartu Technology BD \nLimited/01329054801/STANDARD CHARTERED \nBANK LTD./DHAKA(MAIN)/2852310081000037 \nBatch- RTGI10011121\n 0.00 504,028.00	001108/10/23 08/10/23	CR 5,335,190.72	11:37\nTransfer -  EFTICE / PUBA / SMC ENTERPRISE / \nSUPPLIERS Batch- TFE1999947\n 0.00 45,707.00	001108/10/23 08/10/23	CR 5,380,897.72	14:25\nCLG- Inward - CA2449893 HV / UNITED \nCOMMERCIAL BANK LTD. / TRUNCATION POINT \n/ 2449893 / Pay To : elite securities Batch- \nCLGI10011186\n 4,800,000.00 0.00	001109/10/23 09/10/23	CR 580,897.72	11:38\nTransfer -  EFTICE / TTBL / ANIQUA NUS / EFTN \n24224 Batch- TFE19999111\n 0.00 39,083.00	001109/10/23 09/10/23	CR 619,980.72	19:50\nPage 26 of 47\n 4:22:19PM\nPrinting Date : 19/01/25\n\nHead Office\nN. B Tower (Level 6-9), 40/7, North Avenue, \nGulshan - 2, Dhaka-1212\nContact Centre :16596, 09617016596, \n09611016596\nFAX	:880-2-55052214\nSWIFT	:MDBLBDDH\nDate Value \nDate\nBranch\nCode\nParticular	Withdrawal(Dr)	BalanceDeposit(Cr)	Trn.\nTime\nBatchNo\nCash - ca2449894 md.abdul helim 191,194.00 0.00	001110/10/23 10/10/23	CR 428,786.72	12:09\nOn-Line Cash - CA2449895 md.tanveer Batch- \nOnL1000926\n 340,502.00 0.00	000910/10/23 10/10/23	CR 88,284.72	14:08\nTransfer -  EFTICE / CCEY / GERMAN \nCULTURAL / PAY MASTER Batch- TFE199992\n 0.00 155,100.00	001111/10/23 11/10/23	CR 243,384.72	10:14\nTransfer -  EFTICE / SCBL / SCB / EFTPMT \nBatch- TFE1999957\n 0.00 1,336,852.30	001111/10/23 11/10/23	CR 1,580,237.02	15:06\nTransfer -  EFTICE / SCBL / SCB / EFTPMT \nBatch- TFE199993\n 0.00 1,500,000.00	001115/10/23 15/10/23	CR 3,080,237.02	10:19\nCLG- Inward - CA2449896 HV / UNITED \nCOMMERCIAL BANK LTD. / TRUNCATION POINT \n/ 2449896 / Pay To : elite Batch- CLGI10011188\n 1,550,000.00 0.00	001115/10/23 15/10/23	CR 1,530,237.02	12:00\nCLG -  RV / EXIM BANK LTD.\n / KANCHAN / 0440921 / Batch- CLGP10011522\n 0.00 33,283.64	001117/10/23 17/10/23	CR 1,563,520.66	15:29\nCash - CA2449897 MOHAMMAD ALI 1,550,000.00 0.00	001118/10/23 18/10/23	CR 13,520.66	12:59\nRTGS -  RTGS INWARD /ISMARTU \nTECHNOLOGY BD LIMITED/BDHONGKONG AND \nSANGHAI BANKING \nCORPORATION00701950801/HONGKONG AND \nSANGHAI BANKING \n 0.00 499,998.20	001119/10/23 19/10/23	CR 513,518.86	14:04\nTransfer -  EFTICE / EBLD / EBLSHAKTI / EBL \nCon Batch- TFE1999944\n 0.00 260,729.00	001125/10/23 25/10/23	CR 774,247.86	15:26\nOn-Line Cash -  MD. KABIR  HOSSAIN Batch- \nOnL1002640\n 0.00 290,000.00	002630/10/23 30/10/23	CR 1,064,247.86	10:12\nCash - CA2449898 S. M. FOISAL 700,000.00 0.00	001130/10/23 30/10/23	CR 364,247.86	12:14\nTransfer -  EFTICE / BRAK / BBL/JAAGO / \nSecurity B Batch- TFE1999922\n 0.00 45,000.00	001101/11/23 01/11/23	CR 409,247.86	14:59\nTransfer -  SECURITY SERVICE BILL FOR THE \nM/O SEP 23-16 Batch- HSA1999946\n 0.00 2,791,040.00	999901/11/23 01/11/23	CR 3,200,287.86	16:10\nTransfer -  EFTICE / TTBL / ANIQUA NUS / EFTN \n25020 Batch- TFE1999994\n 0.00 35,000.00	001106/11/23 06/11/23	CR 3,235,287.86	14:52\nTransfer -  CASH CARRING BILL JUNE 23 TO \nAUG 23 FROM MIDLAND BANK LTD -24 Batch- \nHSA19999141\n 0.00 656,110.00	999906/11/23 06/11/23	CR 3,891,397.86	17:48\nCLG- Inward - CA2449899 HV / UNITED \nCOMMERCIAL BANK LTD. / TRUNCATION POINT \n/ 2449899 / Pay To : elite Batch- CLGI10011169\n 3,200,000.00 0.00	001107/11/23 07/11/23	CR 691,397.86	11:41\nTransfer -  EFTICE / SCBL / SCB / EFTPMT \nBatch- TFE1999961\n 0.00 1,341,315.16	001107/11/23 07/11/23	CR 2,032,713.02	14:41\nTransfer -  EFTICE / SCBL / SCB / EFTPMT \nBatch- TFE1999920\n 0.00 1,777,737.00	001108/11/23 08/11/23	CR 3,810,450.02	10:49\nCLG- Inward - CA2449900 HV / UNITED \nCOMMERCIAL BANK LTD. / TRUNCATION POINT \n/ 2449900 / Pay To : elite Batch- CLGI10011319\n 3,800,000.00 0.00	001109/11/23 09/11/23	CR 10,450.02	13:43\nTransfer -  EFTICE / PUBA / SMC ENTERPRISE / \nSUPPLIERS Batch- TFE1999932\n 0.00 45,707.00	001112/11/23 12/11/23	CR 56,157.02	15:44\nCLG -  RV / RUPALI BANK LTD. / TOTAIL / \n1115548 / RV CLG CHQ#1115548 Batch- \nCLGP10011669\n 0.00 29,100.00	002514/11/23 14/11/23	CR 85,257.02	17:10\nTransfer -  EFTICE / EBLD / EBLSHAKTI / EBL \nCon Batch- TFE1999923\n 0.00 338,930.00	001121/11/23 21/11/23	CR 424,187.02	13:46\nTransfer -  EFTICE / EBLD / EBLSHAKTI / EBL \nCon Batch- TFE1999923\n 0.00 204,851.00	001121/11/23 21/11/23	CR 629,038.02	13:46\nOn-Line Cash -  kabir hossain Batch- \nOnL1002617\n 0.00 270,000.00	002626/11/23 26/11/23	CR 899,038.02	10:13\nPage 27 of 47\n 4:22:19PM\nPrinting Date : 19/01/25\n\nHead Office\nN. B Tower (Level 6-9), 40/7, North Avenue, \nGulshan - 2, Dhaka-1212\nContact Centre :16596, 09617016596, \n09611016596\nFAX	:880-2-55052214\nSWIFT	:MDBLBDDH\nDate Value \nDate\nBranch\nCode\nParticular	Withdrawal(Dr)	BalanceDeposit(Cr)	Trn.\nTime\nBatchNo\nCLG- Inward - CA2449904 RV / SOUTHEAST \nBANK LTD. / TRUNCATION POINT / 2449904 / \nPay To : brohter Batch- CLGI10011478\n 21,095.00 0.00	001130/11/23 30/11/23	CR 877,943.02	14:09\nCLG- Inward - CA2449909 RV / NRB BANK \nLIMITED / TRUNCATION POINT / 2449909 / Pay \nTo : lamya Batch- CLGI10011481\n 57,472.00 0.00	001130/11/23 30/11/23	CR 820,471.02	14:09\nCLG- Inward - CA2449903 RV / PRIME BANK \nLTD. / TRUNCATION POINT / 2449903 / Pay To : \nuniversal Batch- CLGI10011490\n 50,450.00 0.00	001130/11/23 30/11/23	CR 770,021.02	14:14\nCLG- Inward - CA2449906 RV / EXIM BANK \nLTD.\n / TRUNCATION POINT / 2449906 / Pay To : \ntelnet Batch- CLGI10011493\n 8,245.00 0.00	001130/11/23 30/11/23	CR 761,776.02	14:15\nCLG- Inward - CA2449905 RV / JAMUNA BANK \nLTD. / TRUNCATION POINT / 2449905 / Pay To : \noriginal Batch- CLGI10011607\n 121,814.00 0.00	001130/11/23 30/11/23	CR 639,962.02	14:56\nCLG- Inward - CA2449901 RV / UNITED \nCOMMERCIAL BANK LTD. / TRUNCATION POINT \n/ 2449901 / Pay To : k s ent Batch- \nCLGI10011442\n 211,460.00 0.00	001103/12/23 03/12/23	CR 428,502.02	14:13\nCLG- Inward - CA2449917 RV / DUTCH \nBANGLA BANK LTD. / TRUNCATION POINT / \n2449917 / Pay To : new promise Batch- \nCLGI10011486\n 5,820.00 0.00	001103/12/23 03/12/23	CR 422,682.02	14:30\nTransfer -  SECURITY SERVICE BILL FOR THE \nM/O OCT 23-16 Batch- HSA1999930\n 0.00 2,794,170.00	999903/12/23 03/12/23	CR 3,216,852.02	14:40\nCLG- Inward - CA2449913 RV / BASIC BANK \nLTD. / TRUNCATION POINT / 2449913 / Pay To : \nrootfive Batch- CLGI10011569\n 121,540.00 0.00	001103/12/23 03/12/23	CR 3,095,312.02	14:47\nTransfer -  EFTICE / BRAK / BBL JAAGO / \nSecurity b Batch- TFE1999932\n 0.00 45,000.00	001103/12/23 03/12/23	CR 3,140,312.02	15:15\nTransfer -  EFTICE / CIBL / CBL / Payment \nBatch- TFE1999933\n 0.00 32,340.00	001103/12/23 03/12/23	CR 3,172,652.02	15:15\nTransfer -  EFTICE / CIBL / CBL / Payment \nBatch- TFE199992\n 0.00 32,340.00	001104/12/23 04/12/23	CR 3,204,992.02	10:09\nCLG- Inward - CA2449910 RV / PRIME BANK \nLTD. / TRUNCATION POINT / 2449910 / Pay To : \nagni systems Batch- CLGI10011228\n 32,980.00 0.00	001104/12/23 04/12/23	CR 3,172,012.02	12:25\nCLG- Inward - CA2449916 RV / BRAC BANK \nLTD.\n / TRUNCATION POINT / 2449916 / Pay To : al \nmugni Batch- CLGI10011466\n 14,744.00 0.00	001104/12/23 04/12/23	CR 3,157,268.02	14:21\nCLG- Inward - CA2449919 RV / GLOBAL Islami \nBANK LIMITED / TRUNCATION POINT / 2449919 / \nPay To : c m motors Batch- CLGI10011485\n 9,215.00 0.00	001104/12/23 04/12/23	CR 3,148,053.02	14:27\nCLG- Inward - CA2449918 RV / BRAC BANK \nLTD.\n / TRUNCATION POINT / 2449918 / Pay To : islam \nauto Batch- CLGI10011240\n 18,818.00 0.00	001105/12/23 05/12/23	CR 3,129,235.02	12:35\nCLG- Inward - CA2449907 RV / SOUTHEAST \nBANK LTD. / TRUNCATION POINT / 2449907 / \nPay To : systems solutions Batch- \nCLGI10011455\n 45,359.00 0.00	001105/12/23 05/12/23	CR 3,083,876.02	14:19\nTransfer -  EFTICE / CIBL / CBL / Payment \nBatch- TFE1999945\n 0.00 32,340.00	001105/12/23 05/12/23	CR 3,116,216.02	15:32\nPage 28 of 47\n 4:22:19PM\nPrinting Date : 19/01/25\n\nHead Office\nN. B Tower (Level 6-9), 40/7, North Avenue, \nGulshan - 2, Dhaka-1212\nContact Centre :16596, 09617016596, \n09611016596\nFAX	:880-2-55052214\nSWIFT	:MDBLBDDH\nDate Value \nDate\nBranch\nCode\nParticular	Withdrawal(Dr)	BalanceDeposit(Cr)	Trn.\nTime\nBatchNo\nTransfer -  CASH CARRING BILL SEPTEMBER \n2023 FROM MIDLAND BANK LTD -16 Batch- \nHSA1999937\n 0.00 203,350.00	999906/12/23 06/12/23	CR 3,319,566.02	14:20\nCLG- Inward - CA2449920 HV / UNITED \nCOMMERCIAL BANK LTD. / TRUNCATION POINT \n/ 2449920 / Pay To : ELITE SECURITY SER \nBatch- CLGI10011263\n 3,150,000.00 0.00	001110/12/23 10/12/23	CR 169,566.02	12:55\nTransfer -  EFTICE / TTBL / ANIQUA NUS / EFTN \n26052 Batch- TFE1999958\n 0.00 35,000.00	001110/12/23 10/12/23	CR 204,566.02	12:58\nCLG- Inward - CA2449914 RV / The City Bank \nLtd / TRUNCATION POINT / 2449914 / Pay To : IB \nBatch- CLGI10011497\n 27,160.00 0.00	001110/12/23 10/12/23	CR 177,406.02	14:45\nCLG- Inward - CA2449912 RV / EASTERN \nBANK LTD. / TRUNCATION POINT / 2449912 / \nPay To : vivasoft Batch- CLGI10011564\n 12,000.00 0.00	001110/12/23 10/12/23	CR 165,406.02	15:07\nCLG- Inward - CA2449908 RV / PRIME BANK \nLTD. / TRUNCATION POINT / 2449908 / Pay To : \nmonico t Batch- CLGI10011180\n 17,218.00 0.00	001111/12/23 11/12/23	CR 148,188.02	11:53\nOn-Line Transfer - ca2449902 Transfer to A/C: \n0009-1460001612 Batch- OnL10002217\n 23,280.00 0.00	000211/12/23 11/12/23	CR 124,908.02	12:17\nRTGS -  RTGS INWARD /ISMARTU \nTECHNOLOGY BD LIMITED/BDHONGKONG AND \nSANGHAI BANKING \nCORPORATION00701950801/HONGKONG AND \nSANGHAI BANKING \n 0.00 448,278.29	001112/12/23 12/12/23	CR 573,186.31	10:35\nTransfer -  EFTICE / SCBL / SCB / EFTPMT \nBatch- TFE1999948\n 0.00 1,342,144.30	001112/12/23 12/12/23	CR 1,915,330.61	15:25\nCLG- Inward - CA2449921 HV / UNITED \nCOMMERCIAL BANK LTD. / TRUNCATION POINT \n/ 2449921 / Pay To : ELITE SECURITY SERVICES \nLIMITED Batch- CLGI10011266\n 1,800,000.00 0.00	001113/12/23 13/12/23	CR 115,330.61	12:46\nCLG -  RV / RUPALI BANK LTD. / TOTAIL / \n1115549 / RV CLG CHQ#1115549 Batch- \nCLGP10011535\n 0.00 29,100.00	002514/12/23 14/12/23	CR 144,430.61	14:36\nTransfer -  EFTICE / PUBA / SMC ENT LTD / \nSUPPLIER Batch- TFE1999954\n 0.00 45,707.00	001117/12/23 17/12/23	CR 190,137.61	15:13\nTransfer -  EFTICE / EBLD / EBLSHAKTI / EBL \nCon Batch- TFE1999918\n 0.00 340,305.00	001120/12/23 20/12/23	CR 530,442.61	12:22\nTransfer -  CASH CARRING BILL OCT 2023 TO \nNOV 2023 FROM MIDLAND BANK LTD -19 \nBatch- HSA1999944\n 0.00 366,030.00	999920/12/23 20/12/23	CR 896,472.61	16:12\nOn-Line Transfer -  Payment for security guard \nbill for the month of October 2023 (Zon Ron \nSweater Ltd) Batch- MONL19999102\n 0.00 61,645.00	999921/12/23 21/12/23	CR 958,117.61	17:49\nCLG- Inward - CA2449915 RV / SHAHJALAL \nISLAMI BANK LTD. / TRUNCATION POINT / \n2449915 / Pay To : office Batch- CLGI10011413\n 5,541.00 0.00	001124/12/23 24/12/23	CR 952,576.61	14:14\nRTGS -  RTGS INWARD /ISMARTU \nTECHNOLOGY BD LIMITED/BDHONGKONG AND \nSANGHAI BANKING \nCORPORATION00701950801/HONGKONG AND \nSANGHAI BANKING \n 0.00 511,095.60	001127/12/23 27/12/23	CR 1,463,672.21	10:18\nTransfer -  EFTICE / CCEY / GERMAN \nCULTURAL / TRANSFER Batch- TFE19999116\n 0.00 72,490.00	001127/12/23 27/12/23	CR 1,536,162.21	15:08\nTransfer -  EFTICE / CCEY / GERMAN \nCULTURAL / TRANSFER Batch- TFE19999116\n 0.00 165,220.00	001127/12/23 27/12/23	CR 1,701,382.21	15:08\nPage 29 of 47\n 4:22:19PM\nPrinting Date : 19/01/25\n\nHead Office\nN. B Tower (Level 6-9), 40/7, North Avenue, \nGulshan - 2, Dhaka-1212\nContact Centre :16596, 09617016596, \n09611016596\nFAX	:880-2-55052214\nSWIFT	:MDBLBDDH\nDate Value \nDate\nBranch\nCode\nParticular	Withdrawal(Dr)	BalanceDeposit(Cr)	Trn.\nTime\nBatchNo\nCharge -  Service Charge Batch- SC121050 345.00 0.00	001128/12/23 28/12/23	CR 1,701,037.21	01:01\nExcise Duty -  Excise Duty Batch- XD121050 3,000.00 0.00	001130/12/23 30/12/23	CR 1,698,037.21	23:01\nOn-Line Cash -  Md. Kabir Hossain Batch- \nOnL1002628\n 0.00 270,000.00	002601/01/24 01/01/24	CR 1,968,037.21	10:10\nTransfer -  SECURITY SERVICE BILL FOR THE \nM/O NOV 23-16 Batch- HSA1999934\n 0.00 2,826,614.00	999901/01/24 01/01/24	CR 4,794,651.21	17:34\nTransfer -  EFTICE / CIBL / NOVOCOMLIMITED / \nFUNDTRANX Batch- TFE199993\n 0.00 32,340.00	001102/01/24 02/01/24	CR 4,826,991.21	10:48\nTransfer -  EFTICE / CIBL / CBL / Payment \nBatch- TFE199994\n 0.00 32,340.00	001102/01/24 02/01/24	CR 4,859,331.21	10:48\nTransfer -  EFTICE / CIBL / CBL / Payment \nBatch- TFE199994\n 0.00 32,340.00	001102/01/24 02/01/24	CR 4,891,671.21	10:48\nCLG- Inward - CA2449926 RV / PUBALI BANK \nLTD. / TRUNCATION POINT / 2449926 / Pay To : \noriginal Batch- CLGI10011443\n 80,307.00 0.00	001103/01/24 03/01/24	CR 4,811,364.21	14:13\nCLG- Inward - CA2449930 RV / NRB BANK \nLIMITED / TRUNCATION POINT / 2449930 / Pay \nTo : lamya Batch- CLGI10011476\n 69,258.00 0.00	001103/01/24 03/01/24	CR 4,742,106.21	14:35\nCLG- Inward - CA2449924 RV / PRIME BANK \nLTD. / TRUNCATION POINT / 2449924 / Pay To : \nuniversal Batch- CLGI10011482\n 53,529.00 0.00	001103/01/24 03/01/24	CR 4,688,577.21	14:37\nCLG- Inward - CA2254660 RV / AB BANK LTD. \n/ TRUNCATION POINT / 2254660 / Pay To : sara \nBatch- CLGI10011211\n 9,652.00 0.00	001104/01/24 04/01/24	CR 4,678,925.21	12:11\nCLG- Inward - CA2449923 HV / NATIONAL \nCREDIT AND COMMERCE BANK LTD. / \nTRUNCATION POINT / 2449923 / Pay To : new \nhossain Batch- CLGI10011251\n 974,086.00 0.00	001104/01/24 04/01/24	CR 3,704,839.21	12:29\nCLG- Inward - CA2449925 RV / SOUTHEAST \nBANK LTD. / TRUNCATION POINT / 2449925 / \nPay To : brohter Batch- CLGI10011444\n 59,274.00 0.00	001104/01/24 04/01/24	CR 3,645,565.21	13:53\nCLG- Inward - CA2254658 RV / AB BANK LTD. \n/ TRUNCATION POINT / 2254658 / Pay To : \ntoyota Batch- CLGI10011480\n 25,172.00 0.00	001104/01/24 04/01/24	CR 3,620,393.21	13:59\nCLG- Inward - CA2254657 RV / STANDARD \nBANK LTD. / TRUNCATION POINT / 2254657 / \nPay To : new Batch- CLGI10011482\n 104,294.00 0.00	001104/01/24 04/01/24	CR 3,516,099.21	13:59\nTransfer -  EFTICE / BRAK / BBL JAAGO / \nSecurity S Batch- TFE199997\n 0.00 45,000.00	001108/01/24 08/01/24	CR 3,561,099.21	12:31\nTransfer -  EFTICE / TTBL / ANIQUA NUS / EFTN \n26961 Batch- TFE199997\n 0.00 35,000.00	001108/01/24 08/01/24	CR 3,596,099.21	12:31\nCLG- Inward - CA2449922 RV / UNITED \nCOMMERCIAL BANK LTD. / TRUNCATION POINT \n/ 2449922 / Pay To : k s Batch- CLGI10011292\n 207,580.00 0.00	001108/01/24 08/01/24	CR 3,388,519.21	12:49\nCLG- Inward - CA2449927 RV / EXIM BANK \nLTD.\n / TRUNCATION POINT / 2449927 / Pay To : \ntelnet Batch- CLGI10011305\n 8,245.00 0.00	001108/01/24 08/01/24	CR 3,380,274.21	12:54\nCLG- Inward - CA2254661 HV / UNITED \nCOMMERCIAL BANK LTD. / TRUNCATION POINT \n/ 2254661 / Pay To : elite Batch- CLGI10011116\n 2,950,000.00 0.00	001109/01/24 09/01/24	CR 430,274.21	11:30\nCLG- Inward - CA2449929 RV / PRIME BANK \nLTD. / TRUNCATION POINT / 2449929 / Pay To : \nmonico Batch- CLGI10011379\n 22,068.00 0.00	001109/01/24 09/01/24	CR 408,206.21	13:05\nPage 30 of 47\n 4:22:19PM\nPrinting Date : 19/01/25\n\nHead Office\nN. B Tower (Level 6-9), 40/7, North Avenue, \nGulshan - 2, Dhaka-1212\nContact Centre :16596, 09617016596, \n09611016596\nFAX	:880-2-55052214\nSWIFT	:MDBLBDDH\nDate Value \nDate\nBranch\nCode\nParticular	Withdrawal(Dr)	BalanceDeposit(Cr)	Trn.\nTime\nBatchNo\nTransfer -  EFTICE / PUBA / SMC ENT LTD / \nSUPPLIER Batch- TFE199991\n 0.00 45,707.00	001110/01/24 10/01/24	CR 453,913.21	10:19\nCLG- Inward - CA2449935 RV / BASIC BANK \nLTD. / TRUNCATION POINT / 2449935 / Pay To : \nroof Batch- CLGI10011420\n 14,986.00 0.00	001110/01/24 10/01/24	CR 438,927.21	14:02\nCLG- Inward - CA2254656 RV / SHAHJALAL \nISLAMI BANK LTD. / TRUNCATION POINT / \n2254656 / Pay To : office Batch- CLGI10011430\n 23,443.00 0.00	001110/01/24 10/01/24	CR 415,484.21	14:05\nCLG- Inward - CA2449928 RV / SOUTHEAST \nBANK LTD. / TRUNCATION POINT / 2449928 / \nPay To : systems Batch- CLGI10011432\n 45,359.00 0.00	001110/01/24 10/01/24	CR 370,125.21	14:05\nTransfer -  EFTICE / SCBL / SCB / EFTPMT \nBatch- TFE1999915\n 0.00 1,012,691.02	001110/01/24 10/01/24	CR 1,382,816.23	15:23\nCLG -  RV / RUPALI BANK LTD. / TOTAIL / \n1115550 / RV CLG CHQ#1115550 Batch- \nCLGP10011447\n 0.00 29,100.00	002511/01/24 11/01/24	CR 1,411,916.23	13:49\nTransfer -  EFTICE / SCBL / SCB / EFTPMT \nBatch- TFE1999920\n 0.00 1,337,474.19	001114/01/24 14/01/24	CR 2,749,390.42	15:25\nOn-Line Cash -  Kabir Batch- OnL10026190 0.00 290,000.00	002615/01/24 15/01/24	CR 3,039,390.42	10:50\nCLG- Inward - CA2254662 HV / UNITED \nCOMMERCIAL BANK LTD. / TRUNCATION POINT \n/ 2254662 / Pay To : elit Batch- CLGI10011275\n 1,110,000.00 0.00	001115/01/24 15/01/24	CR 1,929,390.42	12:37\nOn-Line Transfer -  Payment for security guard \nbill for the month of November 2023 (Zon Ron \nSweater Ltd.)) Batch- MONL1999960\n 0.00 147,000.00	999915/01/24 15/01/24	CR 2,076,390.42	18:10\nTransfer -  EFTICE / HSBC / HSBCNET202401 / \nGPS Batch- TFE199991\n 0.00 41,398.00	001116/01/24 16/01/24	CR 2,117,788.42	10:05\nTransfer -  EFTICE / EBLD / EBLSSL TCSA / EBL \nCon Batch- TFE1999915\n 0.00 149,205.00	001116/01/24 16/01/24	CR 2,266,993.42	12:10\nTransfer -  EFTICE / EBLD / EBLSSL TCSA / EBL \nCon Batch- TFE1999915\n 0.00 191,100.00	001116/01/24 16/01/24	CR 2,458,093.42	12:10\nCash - CA2254664 HABIB 447,560.00 0.00	001116/01/24 16/01/24	CR 2,010,533.42	12:18\nOn-Line Cash - ca2254665 md. fasiar Batch- \nOnL10006172\n 930,542.00 0.00	000616/01/24 16/01/24	CR 1,079,991.42	12:21\nCash - CA2254663 SAMSUZZOHA 544,024.00 0.00	001116/01/24 16/01/24	CR 535,967.42	12:51\nCLG- Inward - CA2449931 RV / PRIME BANK \nLTD. / TRUNCATION POINT / 2449931 / Pay To : \nagni Batch- CLGI10011427\n 32,980.00 0.00	001117/01/24 17/01/24	CR 502,987.42	14:35\nRTGS -  RTGS INWARD /ISMARTU \nTECHNOLOGY BD LIMITED/BDHONGKONG AND \nSANGHAI BANKING \nCORPORATION00701950801/HONGKONG AND \nSANGHAI BANKING \n 0.00 529,449.51	001117/01/24 17/01/24	CR 1,032,436.93	15:06\nCash - CA2254666 MONAWAR 665,480.00 0.00	001118/01/24 18/01/24	CR 366,956.93	13:24\nCLG- Inward - CA2449911 RV / HONGKONG \nAND SANGHAI BANKING CORPORATION / \nTRUNCATION POINT / 2449911 / Pay To : smart \nBatch- CLGI10011520\n 79,327.00 0.00	001118/01/24 18/01/24	CR 287,629.93	14:06\nCLG- Inward - CA2449932 RV / HONGKONG \nAND SANGHAI BANKING CORPORATION / \nTRUNCATION POINT / 2449932 / Pay To : smart \nBatch- CLGI10011521\n 143,808.00 0.00	001118/01/24 18/01/24	CR 143,821.93	14:07\nTransfer -  EFTICE / HSBC / HSBCNET202401 / \nGPS Batch- TFE1999920\n 0.00 40,947.00	001129/01/24 29/01/24	CR 184,768.93	15:07\nPage 31 of 47\n 4:22:19PM\nPrinting Date : 19/01/25\n\nHead Office\nN. B Tower (Level 6-9), 40/7, North Avenue, \nGulshan - 2, Dhaka-1212\nContact Centre :16596, 09617016596, \n09611016596\nFAX	:880-2-55052214\nSWIFT	:MDBLBDDH\nDate Value \nDate\nBranch\nCode\nParticular	Withdrawal(Dr)	BalanceDeposit(Cr)	Trn.\nTime\nBatchNo\nCLG- Inward - CA2254659 RV / BRAC BANK \nLTD.\n / TRUNCATION POINT / 2254659 / Pay To : \nJAMAL Batch- CLGI10011547\n 4,899.00 0.00	001130/01/24 30/01/24	CR 179,869.93	14:00\nTransfer -  SECURITY SERVICE BILL FOR THE \nM/O DEC 23-16 Batch- HSA1999947\n 0.00 2,866,500.00	999901/02/24 01/02/24	CR 3,046,369.93	15:04\nTransfer -  EFTICE / HSBC / HSBCNET202402 / \nGPS Batch- TFE1999952\n 0.00 43,576.00	001101/02/24 01/02/24	CR 3,089,945.93	15:39\nTransfer -  EFTICE / HSBC / HSBCNET202402 / \nGPS Batch- TFE1999914\n 0.00 42,872.00	001104/02/24 04/02/24	CR 3,132,817.93	12:30\nTransfer -  EFTICE / SCBL / SCB / EFTPMT \nBatch- TFE199993\n 0.00 2,046,963.42	001105/02/24 05/02/24	CR 5,179,781.35	10:09\nTransfer -  EFTICE / CIBL / NOVOCOMLIMITED / \nFUNDTRANX Batch- TFE199991\n 0.00 32,340.00	001106/02/24 06/02/24	CR 5,212,121.35	10:08\nTransfer -  EFTICE / CIBL / CBL / Payment \nBatch- TFE199992\n 0.00 32,340.00	001106/02/24 06/02/24	CR 5,244,461.35	10:08\nTransfer -  EFTICE / CIBL / CBL / Payment \nBatch- TFE199992\n 0.00 32,340.00	001106/02/24 06/02/24	CR 5,276,801.35	10:08\nCLG- Inward - CA2254667 HV / UNITED \nCOMMERCIAL BANK LTD. / TRUNCATION POINT \n/ 2254667 / Pay To : elite security Batch- \nCLGI10011191\n 5,100,000.00 0.00	001106/02/24 06/02/24	CR 176,801.35	11:56\nTransfer -  EFTICE / TTBL / ANIQUA NUS / EFTN \n27924 Batch- TFE1999910\n 0.00 35,000.00	001107/02/24 07/02/24	CR 211,801.35	13:34\nCLG- Inward - CA2449933 RV / EASTERN \nBANK LTD. / TRUNCATION POINT / 2449933 / \nPay To : viv Batch- CLGI10011390\n 12,000.00 0.00	001108/02/24 08/02/24	CR 199,801.35	13:11\nTransfer -  EFTICE / BRAK / BBL JAAGO / \nSecurity b Batch- TFE1999910\n 0.00 45,000.00	001111/02/24 11/02/24	CR 244,801.35	12:39\nTransfer -  EFTICE / PUBA / SMC ENTERPRISE / \nSUPPLIERS Batch- TFE199992\n 0.00 45,707.00	001112/02/24 12/02/24	CR 290,508.35	10:11\nOn-Line Transfer -  Payment for security guard \nbill for the month of December 2023 (Zon Ron \nSweater Ltd.) Batch- MONL1999928\n 0.00 147,000.00	999912/02/24 12/02/24	CR 437,508.35	13:48\nTransfer -  CASH CARRING BILL DECEMBER \n2023 FROM MIDLAND BANK LTD -19 Batch- \nHSA1999929\n 0.00 163,660.00	999912/02/24 12/02/24	CR 601,168.35	13:48\nCLG- Inward - CA2254668 RV / UNITED \nCOMMERCIAL BANK LTD. / TRUNCATION POINT \n/ 2254668 / Pay To : elit Batch- CLGI10011415\n 600,000.00 0.00	001113/02/24 13/02/24	CR 1,168.35	14:12\nTransfer -  EFTICE / SCBL / SCB / EFTPMT \nBatch- TFE1999919\n 0.00 1,342,595.48	001114/02/24 14/02/24	CR 1,343,763.83	13:04\nOn-Line Cash - ca2254674 md bulbul Batch- \nOnL155197\n 158,673.00 0.00	551915/02/24 15/02/24	CR 1,185,090.83	13:10\nOn-Line Cash - ca2254671 Asif Batch- \nOnL10001219\n 188,480.00 0.00	000115/02/24 15/02/24	CR 996,610.83	13:55\nCash - CA2254672 UMAR FARUQUE 220,360.00 0.00	001115/02/24 15/02/24	CR 776,250.83	15:12\nCash - CA2254675 UMAR FARUQUE 225,428.00 0.00	001115/02/24 15/02/24	CR 550,822.83	15:13\nOn-Line Cash - CA2254669 akramul Batch- \nOnL1003560\n 297,603.00 0.00	003515/02/24 15/02/24	CR 253,219.83	15:14\nOn-Line Cash - CA2254673 akramul Batch- \nOnL1003562\n 118,430.00 0.00	003515/02/24 15/02/24	CR 134,789.83	15:15\nOn-Line Cash - CA2254670 akramul Batch- \nOnL1003564\n 125,981.00 0.00	003515/02/24 15/02/24	CR 8,808.83	15:16\nPage 32 of 47\n 4:22:19PM\nPrinting Date : 19/01/25\n\nHead Office\nN. B Tower (Level 6-9), 40/7, North Avenue, \nGulshan - 2, Dhaka-1212\nContact Centre :16596, 09617016596, \n09611016596\nFAX	:880-2-55052214\nSWIFT	:MDBLBDDH\nDate Value \nDate\nBranch\nCode\nParticular	Withdrawal(Dr)	BalanceDeposit(Cr)	Trn.\nTime\nBatchNo\nRTGS -  RTGS INWARD /ISMARTU \nTECHNOLOGY BD LIMITED/BDHONGKONG AND \nSANGHAI BANKING \nCORPORATION00701950801/HONGKONG AND \nSANGHAI BANKING \n 0.00 532,172.00	001119/02/24 19/02/24	CR 540,980.83	11:59\nTransfer -  EFTICE / EBLD / EBLSHAKTI / EBL \nCon Batch- TFE1999930\n 0.00 149,205.00	001120/02/24 20/02/24	CR 690,185.83	15:54\nTransfer -  EFTICE / EBLD / EBLSHAKTI / EBL \nCon Batch- TFE1999930\n 0.00 193,392.00	001120/02/24 20/02/24	CR 883,577.83	15:54\nTransfer -  EFTICE / SCBL / SCB / EFTPMT \nBatch- TFE199997\n 0.00 8,328,447.15	001122/02/24 22/02/24	CR 9,212,024.98	12:27\nOn-Line Cash - ca2254676 TUFAYEL Batch- \nOnL15519137\n 500,000.00 0.00	551922/02/24 22/02/24	CR 8,712,024.98	15:09\nCLG -  RV / RUPALI BANK LTD. / TOTAIL / \n1115551 / RV CLG CHQ#1115551 Batch- \nCLGP10011816\n 0.00 29,100.00	002522/02/24 22/02/24	CR 8,741,124.98	15:20\nOn-Line Cash -  kabir Batch- OnL1002637 0.00 290,000.00	002625/02/24 25/02/24	CR 9,031,124.98	10:15\nCash - ca2254677 mohammad ali 3,000,000.00 0.00	001125/02/24 25/02/24	CR 6,031,124.98	14:33\nCash - ca2254678 mohammad ali Monthly Value \nexceeded TP.\n 3,000,000.00 0.00	001125/02/24 25/02/24	CR 3,031,124.98	14:34\nCLG- Inward - CA2254679 HV / UTTARA BANK \nLTD. / TRUNCATION POINT / 2254679 / Pay To : \nm/s naim t Batch- CLGI10011383\n 1,049,280.00 0.00	001103/03/24 03/03/24	CR 1,981,844.98	12:55\nTransfer -  EFTICE / CIBL / CBL / Payment \nBatch- TFE1999940\n 0.00 32,340.00	001103/03/24 03/03/24	CR 2,014,184.98	15:21\nTransfer -  SECURITY SERVICE BILL FOR THE \nM/O JAN 24-16 Batch- HSA1999983\n 0.00 2,866,500.00	999903/03/24 03/03/24	CR 4,880,684.98	17:53\nTransfer -  EFTICE / CIBL / NOVOCOMLIMITED / \nFUNDTRANX Batch- TFE1999930\n 0.00 32,340.00	001104/03/24 04/03/24	CR 4,913,024.98	13:09\nTransfer -  EFTICE / CIBL / CBL / Payment \nBatch- TFE1999910\n 0.00 32,340.00	001106/03/24 06/03/24	CR 4,945,364.98	11:22\nCLG- Inward - CA2254680 HV / UNITED \nCOMMERCIAL BANK LTD. / TRUNCATION POINT \n/ 2254680 / Pay To : elite Batch- CLGI10011248\n 4,900,000.00 0.00	001107/03/24 07/03/24	CR 45,364.98	12:19\nTransfer -  EFTICE / TTBL / ANIQUA NUS / EFTN \n28943 Batch- TFE199995\n 0.00 17,500.00	001110/03/24 10/03/24	CR 62,864.98	12:14\nTransfer -  EFTICE / PUBA / SMC ENTERPRISE / \nSUPPLIERS Batch- TFE1999932\n 0.00 45,707.00	001110/03/24 10/03/24	CR 108,571.98	15:14\nTransfer -  EFTICE / HSBC / HSBCNET202403 / \nGPS Batch- TFE1999912\n 0.00 41,155.00	001113/03/24 13/03/24	CR 149,726.98	12:11\nRTGS -  RTGS INWARD /ISMARTU \nTECHNOLOGY BD LIMITED/BDHONGKONG AND \nSANGHAI BANKING \nCORPORATION00701950801/HONGKONG AND \nSANGHAI BANKING \n 0.00 552,595.70	001114/03/24 14/03/24	CR 702,322.68	11:08\nTransfer -  EFTICE / BRAK / BBL JAAGO / \nSecurity S Batch- TFE1999920\n 0.00 45,000.00	001114/03/24 14/03/24	CR 747,322.68	12:19\nTransfer -  EFTICE / SCBL / SCB / EFTPMT \nBatch- TFE199997\n 0.00 1,338,333.78	001118/03/24 18/03/24	CR 2,085,656.46	12:01\nTransfer -  EFTICE / EBLD / EBLPATHAO / EBL \nCon Batch- TFE1999940\n 0.00 148,470.00	001119/03/24 19/03/24	CR 2,234,126.46	15:10\nTransfer -  EFTICE / EBLD / EBLPATHAO / EBL \nCon Batch- TFE1999940\n 0.00 42,630.00	001119/03/24 19/03/24	CR 2,276,756.46	15:10\nTransfer -  EFTICE / EBLD / EBLSHAKTI / EBL \nCon Batch- TFE1999928\n 0.00 149,205.00	001120/03/24 20/03/24	CR 2,425,961.46	12:19\nPage 33 of 47\n 4:22:19PM\nPrinting Date : 19/01/25\n\nHead Office\nN. B Tower (Level 6-9), 40/7, North Avenue, \nGulshan - 2, Dhaka-1212\nContact Centre :16596, 09617016596, \n09611016596\nFAX	:880-2-55052214\nSWIFT	:MDBLBDDH\nDate Value \nDate\nBranch\nCode\nParticular	Withdrawal(Dr)	BalanceDeposit(Cr)	Trn.\nTime\nBatchNo\nTransfer -  EFTICE / SCBL / SCB / EFTPMT \nBatch- TFE1999954\n 0.00 117,726.51	001120/03/24 20/03/24	CR 2,543,687.97	15:07\nTransfer -  EFTICE / SCBL / SCB / EFTPMT \nBatch- TFE1999954\n 0.00 206,976.00	001120/03/24 20/03/24	CR 2,750,663.97	15:07\nOn-Line Transfer -  Payment for security guard \nbill for the month of January 2024 (Zon Ron \nSweater Ltd.) Batch- MONL199997\n 0.00 157,290.00	999925/03/24 25/03/24	CR 2,907,953.97	11:39\nCLG- Inward - CA2254694 RV / ISLAMI BANK \nBANGLADESH LTD. / TRUNCATION POINT / \n2254694 / Pay To : m m Batch- CLGI10011383\n 162,076.00 0.00	001131/03/24 31/03/24	CR 2,745,877.97	12:25\nCLG- Inward - CA2254681 RV / UNITED \nCOMMERCIAL BANK LTD. / TRUNCATION POINT \n/ 2254681 / Pay To : k s Batch- CLGI10011417\n 178,626.00 0.00	001131/03/24 31/03/24	CR 2,567,251.97	12:34\nCLG- Inward - CA2254686 RV / PUBALI BANK \nLTD. / TRUNCATION POINT / 2254686 / Pay To : \noriginal Batch- CLGI10011436\n 142,567.00 0.00	001131/03/24 31/03/24	CR 2,424,684.97	12:39\nCLG- Inward - CA2254692 RV / HONGKONG \nAND SANGHAI BANKING CORPORATION / \nTRUNCATION POINT / 2254692 / Pay To : smart \nBatch- CLGI10011451\n 77,520.00 0.00	001131/03/24 31/03/24	CR 2,347,164.97	12:42\nCLG- Inward - CA2254690 RV / NRB BANK \nLIMITED / TRUNCATION POINT / 2254690 / Pay \nTo : layma Batch- CLGI10011458\n 129,252.00 0.00	001131/03/24 31/03/24	CR 2,217,912.97	12:43\nCLG- Inward - CA2254682 RV / UTTARA BANK \nLTD. / TRUNCATION POINT / 2254682 / Pay To : \nm/s naim Batch- CLGI10011481\n 485,210.00 0.00	001131/03/24 31/03/24	CR 1,732,702.97	12:44\nCLG- Inward - CA2254698 RV / FIRST \nSECURITY BANK LTD. / TRUNCATION POINT / \n2254698 / Pay To : moon Batch- CLGI10011733\n 187,210.00 0.00	001131/03/24 31/03/24	CR 1,545,492.97	14:06\nCLG- Inward - CA2254684 RV / PRIME BANK \nLTD. / TRUNCATION POINT / 2254684 / Pay To : \nu Batch- CLGI10011734\n 48,039.00 0.00	001131/03/24 31/03/24	CR 1,497,453.97	14:07\nCLG- Inward - CA2449836 RV / AB BANK LTD. \n/ TRUNCATION POINT / 2449836 / Pay To : \nfahad Batch- CLGI10011369\n 27,450.00 0.00	001101/04/24 01/04/24	CR 1,470,003.97	12:08\nCLG- Inward - CA2254693 RV / EASTERN \nBANK LTD. / TRUNCATION POINT / 2254693 / \nPay To : vivaoft Batch- CLGI10011428\n 22,000.00 0.00	001101/04/24 01/04/24	CR 1,448,003.97	12:28\nCLG- Inward - CA2449837 RV / BRAC BANK \nLTD.\n / TRUNCATION POINT / 2449837 / Pay To : al \nmugni Batch- CLGI10011429\n 8,730.00 0.00	001101/04/24 01/04/24	CR 1,439,273.97	12:28\nCLG- Inward - CA2254700 RV / STANDARD \nBANK LTD. / TRUNCATION POINT / 2254700 / \nPay To : bashar Batch- CLGI10011433\n 410,448.00 0.00	001101/04/24 01/04/24	CR 1,028,825.97	12:29\nCLG- Inward - CA2254685 RV / SOUTHEAST \nBANK LTD. / TRUNCATION POINT / 2254685 / \nPay To : brothers Batch- CLGI10011460\n 24,118.00 0.00	001101/04/24 01/04/24	CR 1,004,707.97	12:34\nCLG- Inward - CA2254702 RV / AB BANK LTD. \n/ TRUNCATION POINT / 2254702 / Pay To : t \nBatch- CLGI10011715\n 41,050.00 0.00	001101/04/24 01/04/24	CR 963,657.97	14:08\nTransfer -  EFTICE / CIBL / CBL / Payment \nBatch- TFE1999984\n 0.00 32,340.00	001101/04/24 01/04/24	CR 995,997.97	15:25\nTransfer -  EFTICE / CIBL / CBL / Payment \nBatch- TFE1999984\n 0.00 32,340.00	001101/04/24 01/04/24	CR 1,028,337.97	15:25\nPage 34 of 47\n 4:22:19PM\nPrinting Date : 19/01/25\n\nHead Office\nN. B Tower (Level 6-9), 40/7, North Avenue, \nGulshan - 2, Dhaka-1212\nContact Centre :16596, 09617016596, \n09611016596\nFAX	:880-2-55052214\nSWIFT	:MDBLBDDH\nDate Value \nDate\nBranch\nCode\nParticular	Withdrawal(Dr)	BalanceDeposit(Cr)	Trn.\nTime\nBatchNo\nTransfer -  EFTICE / CIBL / NOVOCOMLIMITED / \nFUNDTRANX Batch- TFE1999986\n 0.00 32,340.00	001101/04/24 01/04/24	CR 1,060,677.97	15:31\nCLG- Inward - CA2254703 RV / BRAC BANK \nLTD.\n / TRUNCATION POINT / 2254703 / Pay To : islam \nBatch- CLGI10011267\n 17,460.00 0.00	001102/04/24 02/04/24	CR 1,043,217.97	11:40\nTransfer -  EFTICE / TTBL / ANIQUA NUS / EFTN \n29985 Batch- TFE1999914\n 0.00 26,250.00	001102/04/24 02/04/24	CR 1,069,467.97	12:34\nCLG- Inward - CA2254695 RV / SHAHJALAL \nISLAMI BANK LTD. / TRUNCATION POINT / \n2254695 / Pay To : office Batch- CLGI10011408\n 9,192.00 0.00	001102/04/24 02/04/24	CR 1,060,275.97	12:40\nCLG- Inward - CA2254687 RV / EXIM BANK \nLTD.\n / TRUNCATION POINT / 2254687 / Pay To : \ntelnet Batch- CLGI10011454\n 8,245.00 0.00	001102/04/24 02/04/24	CR 1,052,030.97	12:54\nCLG- Inward - CA2254697 RV / THE PREMIER \nBANK LTD. / TRUNCATION POINT / 2254697 / \nPay To : karim engineering Batch- \nCLGI10011584\n 17,460.00 0.00	001102/04/24 02/04/24	CR 1,034,570.97	13:39\nOn-Line Cash - ca2449838 MD ARIFUL Batch- \nOnL1551924\n 9,215.00 0.00	551902/04/24 02/04/24	CR 1,025,355.97	14:13\nTransfer -  SECURITY SERVICE BILL FOR THE \nM/O FEB 24-16 Batch- HSA1999968\n 0.00 2,866,500.00	999902/04/24 02/04/24	CR 3,891,855.97	15:26\nCLG- Inward - CA2449840 RV / AB BANK LTD. \n/ TRUNCATION POINT / 2449840 / Pay To : \ndhaka  auto Batch- CLGI10011300\n 8,245.00 0.00	001103/04/24 03/04/24	CR 3,883,610.97	11:40\nCLG- Inward - CA2254691 RV / PRIME BANK \nLTD. / TRUNCATION POINT / 2254691 / Pay To : \nagni Batch- CLGI10011303\n 32,980.00 0.00	001103/04/24 03/04/24	CR 3,850,630.97	11:41\nCLG- Inward - CA2254701 RV / STANDARD \nBANK LTD. / TRUNCATION POINT / 2254701 / \nPay To : new Batch- CLGI10011334\n 65,194.00 0.00	001103/04/24 03/04/24	CR 3,785,436.97	11:51\nCLG- Inward - CA2449839 RV / MUTUAL \nTRUST BANK LTD. / TRUNCATION POINT / \n2449839 / Pay To : new Batch- CLGI10011767\n 14,065.00 0.00	001103/04/24 03/04/24	CR 3,771,371.97	14:04\nTransfer -  EFTICE / SCBL / SCB / EFTPMT \nBatch- TFE19999124\n 0.00 1,344,353.16	001103/04/24 03/04/24	CR 5,115,725.13	14:14\nTransfer -  EFTICE / SCBL / SCB / EFTPMT \nBatch- TFE1999920\n 0.00 2,271,406.66	001104/04/24 04/04/24	CR 7,387,131.79	10:04\nCLG- Inward - CA2254699 HV / BANK ASIA \nLTD. / TRUNCATION POINT / 2254699 / Pay To : \npinnacle power Batch- CLGI10011253\n 512,438.00 0.00	001104/04/24 04/04/24	CR 6,874,693.79	11:21\nCLG- Inward - CA2254683 RV / DUTCH \nBANGLA BANK LTD. / TRUNCATION POINT / \n2254683 / Pay To : asha trade Batch- \nCLGI10011381\n 187,210.00 0.00	001104/04/24 04/04/24	CR 6,687,483.79	12:04\nOn-Line Cash - ca2449843 Bachu Batch- \nOnL10001173\n 1,039,757.00 0.00	000104/04/24 04/04/24	CR 5,647,726.79	12:53\nCash - CA2449842 TANVEER 1,049,947.00 0.00	001104/04/24 04/04/24	CR 4,597,779.79	13:17\nOn-Line Cash - CA2449841 nahid Batch- \nOnL1551771\n 1,819,535.00 0.00	551704/04/24 04/04/24	CR 2,778,244.79	13:54\nTransfer -  EFTICE / PUBA / SMC ENTERPRISE L \n/ SUPPLIER Batch- TFE1999985\n 0.00 45,707.00	001104/04/24 04/04/24	CR 2,823,951.79	15:04\nOn-Line Transfer -  Payment for security guard \nbill for the month of February 2024 (Zon Ron \nSweater Ltd.) Batch- MONL1999988\n 0.00 147,000.00	999904/04/24 04/04/24	CR 2,970,951.79	16:02\nPage 35 of 47\n 4:22:19PM\nPrinting Date : 19/01/25\n\nHead Office\nN. B Tower (Level 6-9), 40/7, North Avenue, \nGulshan - 2, Dhaka-1212\nContact Centre :16596, 09617016596, \n09611016596\nFAX	:880-2-55052214\nSWIFT	:MDBLBDDH\nDate Value \nDate\nBranch\nCode\nParticular	Withdrawal(Dr)	BalanceDeposit(Cr)	Trn.\nTime\nBatchNo\nTransfer -  EFTICE / BRAK / BBL JAAGO / \nSecurity S Batch- TFE1999976\n 0.00 67,500.00	001105/04/24 05/04/24	CR 3,038,451.79	12:20\nCLG- Inward - CA2254704 RV / GLOBAL Islami \nBANK LIMITED / TRUNCATION POINT / 2254704 / \nPay To : cm Batch- CLGI10011362\n 27,645.00 0.00	001108/04/24 08/04/24	CR 3,010,806.79	11:37\nCLG- Inward - CA2254689 RV / PRIME BANK \nLTD. / TRUNCATION POINT / 2254689 / Pay To : \nm Batch- CLGI10011390\n 19,158.00 0.00	001108/04/24 08/04/24	CR 2,991,648.79	11:44\nCLG- Inward - CA2449845 RV / UNITED \nCOMMERCIAL BANK LTD. / TRUNCATION POINT \n/ 2449845 / Pay To : e Batch- CLGI10011500\n 250,000.00 0.00	001108/04/24 08/04/24	CR 2,741,648.79	12:14\nTransfer -  EFTICE / EBLD / EBLSHAKTI / EBL \nCon Batch- TFE1999916\n 0.00 63,945.00	001108/04/24 08/04/24	CR 2,805,593.79	12:33\nTransfer -  EFTICE / EBLD / EBLSHAKTI / EBL \nCon Batch- TFE1999916\n 0.00 222,705.00	001108/04/24 08/04/24	CR 3,028,298.79	12:33\nCash - ca2449844 faisal Monthly Value \nexceeded TP.\n 2,271,406.00 0.00	001108/04/24 08/04/24	CR 756,892.79	13:05\nRTGS -  RTGS INWARD /ISMARTU \nTECHNOLOGY BD LIMITED/BDHONGKONG AND \nSANGHAI BANKING \nCORPORATION00701950801/HONGKONG AND \nSANGHAI BANKING \n 0.00 255,351.00	001108/04/24 08/04/24	CR 1,012,243.79	14:11\nOn-Line Cash -  md kabir hossain Batch- \nOnL10026111\n 0.00 290,000.00	002609/04/24 09/04/24	CR 1,302,243.79	10:16\nCLG- Inward - CA2254688 RV / SOUTHEAST \nBANK LTD. / TRUNCATION POINT / 2254688 / \nPay To : s Batch- CLGI10011374\n 34,273.00 0.00	001109/04/24 09/04/24	CR 1,267,970.79	12:08\nTransfer -  EFTICE / EBLD / EBLPATHAO / EBL \nCon Batch- TFE1999929\n 0.00 223,807.00	001109/04/24 09/04/24	CR 1,491,777.79	12:09\nTransfer -  EFTICE / SCBL / SCB / EFTPMT \nBatch- TFE1999961\n 0.00 1,069,481.84	001109/04/24 09/04/24	CR 2,561,259.63	15:17\nCLG- Inward - CA2254696 RV / BANK ASIA \nLTD. / TRUNCATION POINT / 2254696 / Pay To : \nreve Batch- CLGI10011217\n 8,282.00 0.00	001117/04/24 17/04/24	CR 2,552,977.63	12:02\nTransfer -  CASH CARRING BILL JANUARY \n2024 FROM MIDLAND BANK LTD -18 Batch- \nHSA1999947\n 0.00 237,650.00	999921/04/24 21/04/24	CR 2,790,627.63	16:00\nCharge -  Cheque Book Issue Charge and Vat \nDebited by A/C No. 902934 Batch- \nCHQ10011827\n 402.50 0.00	001124/04/24 24/04/24	CR 2,790,225.13	17:55\nCharge -  Cheque Book Issue Charge and Vat \nDebited by A/C No. 902934 Batch- \nCHQ10011828\n 402.50 0.00	001124/04/24 24/04/24	CR 2,789,822.63	17:55\nCash - CA2449846 ROBIUL ISLAM Monthly \nValue exceeded TP.\n 2,743,980.00 0.00	001125/04/24 25/04/24	CR 45,842.63	15:18\nTransfer -  EFTICE / BRAK / BBL JAAGO / \nSecurity s Batch- TFE1999910\n 0.00 45,000.00	001102/05/24 02/05/24	CR 90,842.63	12:02\nTransfer -  SECURITY SERVICE BILL FOR THE \nM/O MAR 24-16 Batch- HSA1999928\n 0.00 2,866,500.00	999902/05/24 02/05/24	CR 2,957,342.63	14:17\nTransfer -  EFTICE / CIBL / NOVOCOMLIMITED / \nFUNDTRANX Batch- TFE1999943\n 0.00 38,808.00	001105/05/24 05/05/24	CR 2,996,150.63	15:26\nTransfer -  EFTICE / CIBL / INTERCLOUDLIMIT / \nFUNDTRANX Batch- TFE1999943\n 0.00 35,574.00	001105/05/24 05/05/24	CR 3,031,724.63	15:26\nTransfer -  EFTICE / CIBL / INTERCLOUDLIMIT / \nFUNDTRANX Batch- TFE1999943\n 0.00 3,234.00	001105/05/24 05/05/24	CR 3,034,958.63	15:26\nPage 36 of 47\n 4:22:19PM\nPrinting Date : 19/01/25\n\nHead Office\nN. B Tower (Level 6-9), 40/7, North Avenue, \nGulshan - 2, Dhaka-1212\nContact Centre :16596, 09617016596, \n09611016596\nFAX	:880-2-55052214\nSWIFT	:MDBLBDDH\nDate Value \nDate\nBranch\nCode\nParticular	Withdrawal(Dr)	BalanceDeposit(Cr)	Trn.\nTime\nBatchNo\nTransfer -  EFTICE / CIBL / CBL / Payment \nBatch- TFE1999945\n 0.00 38,808.00	001105/05/24 05/05/24	CR 3,073,766.63	15:26\nCLG- Inward - CA2449847 HV / UNITED \nCOMMERCIAL BANK LTD. / TRUNCATION POINT \n/ 2449847 / Pay To : elite Batch- CLGI10011192\n 2,900,000.00 0.00	001106/05/24 06/05/24	CR 173,766.63	11:32\nTransfer -  EFTICE / SCBL / SCB / EFTPMT \nBatch- TFE1999973\n 0.00 2,209,009.98	001106/05/24 06/05/24	CR 2,382,776.61	15:23\nTransfer -  EFTICE / PUBA / SMC ENTERPRISE L \n/ SUPPLIER Batch- TFE1999936\n 0.00 45,707.00	001107/05/24 07/05/24	CR 2,428,483.61	15:43\nTransfer -  EFTICE / TTBL / ANIQUA NUS / EFTN \n31268 Batch- TFE1999911\n 0.00 17,500.00	001108/05/24 08/05/24	CR 2,445,983.61	12:34\nTransfer -  EFTICE / SCBL / SCB / TESTTXN \nBatch- TFE1999911\n 0.00 267,370.46	001108/05/24 08/05/24	CR 2,713,354.07	12:34\nOn-Line Transfer -  Payment for security guard \nbill for the month of Mar 2024 (Zon Ron \nSweater Ltd.) Batch- MONL199998\n 0.00 147,000.00	999908/05/24 08/05/24	CR 2,860,354.07	13:26\nCLG- Inward - CA2449848 HV / UNITED \nCOMMERCIAL BANK LTD. / TRUNCATION POINT \n/ 2449848 / Pay To : elite Batch- CLGI10011170\n 1,000,000.00 0.00	001112/05/24 12/05/24	CR 1,860,354.07	11:25\nCLG- Inward - CA2449849 HV / BRAC BANK \nLTD.\n / TRUNCATION POINT / 2449849 / Pay To : elite \nBatch- CLGI10011223\n 1,800,000.00 0.00	001112/05/24 12/05/24	CR 60,354.07	11:50\nCLG -  RV / RUPALI BANK LTD. / TOTAIL / \n1115552 / RV CLG CHQ#1115552 Batch- \nCLGP10011805\n 0.00 29,100.00	002513/05/24 13/05/24	CR 89,454.07	16:59\nCLG -  RV / RUPALI BANK LTD. / TOTAIL / \n1115554 / RV CLG CHQ#1115554 Batch- \nCLGP10011806\n 0.00 29,100.00	002513/05/24 13/05/24	CR 118,554.07	16:59\nOn-Line Cash -  Md. Kabir Hossain Batch- \nOnL1002680\n 0.00 290,000.00	002621/05/24 21/05/24	CR 408,554.07	10:28\nTransfer -  EFTICE / EBLD / EBLSHAKTI / EBL \nCon Batch- TFE1999911\n 0.00 165,546.00	001121/05/24 21/05/24	CR 574,100.07	12:10\nTransfer -  EFTICE / EBLD / EBLSHAKTI / EBL \nCon Batch- TFE1999911\n 0.00 151,785.00	001121/05/24 21/05/24	CR 725,885.07	12:10\nTransfer -  EFTICE / EBLD / EBLSHAKTI / EBL \nCon Batch- TFE1999911\n 0.00 42,630.00	001121/05/24 21/05/24	CR 768,515.07	12:10\nTransfer -  BEFTN Inward / BRAK / BBL JAAGO \n/ Security B Batch- TFE1999912\n 0.00 29,400.00	999927/05/24 27/05/24	CR 797,915.07	12:58\nTransfer -  SECURITY SERVICE BILL FOR THE \nM/O APR 24-20 Batch- HSA1999958\n 0.00 2,866,500.00	999902/06/24 02/06/24	CR 3,664,415.07	16:57\nTransfer -  BEFTN Inward / SCBL / SCB / \nEFTPMT Batch- TFE1999937\n 0.00 3,056,419.55	999903/06/24 03/06/24	CR 6,720,834.62	15:11\nTransfer -  BEFTN Inward / CIBL / \nNOVOCOMLIMITED / FUNDTRANX Batch- \nTFE1999937\n 0.00 35,574.00	999903/06/24 03/06/24	CR 6,756,408.62	15:11\nTransfer -  BEFTN Inward / CIBL / CBL / \nPayment Batch- TFE1999937\n 0.00 35,574.00	999903/06/24 03/06/24	CR 6,791,982.62	15:11\nCLG- Inward - CA2449850 HV / UNITED \nCOMMERCIAL BANK LTD. / TRUNCATION POINT \n/ 2449850 / Pay To : elite Batch- CLGI10011264\n 3,600,000.00 0.00	001104/06/24 04/06/24	CR 3,191,982.62	12:35\nCLG -  RV / RUPALI BANK LTD. / TOTAIL / \n1115553 / RV CLG CHQ#1115553 Batch- \nCLGP10011468\n 0.00 29,100.00	002504/06/24 04/06/24	CR 3,221,082.62	13:54\nOn-Line Cash - ca2449851 Cash Batch- \nOnL1551938\n 2,365,829.00 0.00	551904/06/24 04/06/24	CR 855,253.62	15:45\nPage 37 of 47\n 4:22:19PM\nPrinting Date : 19/01/25\n\nHead Office\nN. B Tower (Level 6-9), 40/7, North Avenue, \nGulshan - 2, Dhaka-1212\nContact Centre :16596, 09617016596, \n09611016596\nFAX	:880-2-55052214\nSWIFT	:MDBLBDDH\nDate Value \nDate\nBranch\nCode\nParticular	Withdrawal(Dr)	BalanceDeposit(Cr)	Trn.\nTime\nBatchNo\nCLG -  RV / RUPALI BANK LTD. / TOTAIL / \n1115555 / RV CLG CHQ#1115555 Batch- \nCLGP10011624\n 0.00 29,100.00	002505/06/24 05/06/24	CR 884,353.62	14:42\nTransfer -  BEFTN Inward / PUBA / SMC \nENTERPRISE  / SUPPLIER Batch- TFE1999926\n 0.00 45,707.00	999905/06/24 05/06/24	CR 930,060.62	15:04\nTransfer -  BEFTN Inward / CCEY / GERMAN \nCULTURAL / transfer Batch- TFE199991\n 0.00 298,530.00	999909/06/24 09/06/24	CR 1,228,590.62	10:09\nTransfer -  BEFTN Inward / TTBL / ANIQUA NUS \n/ EFTN 32534 Batch- TFE1999934\n 0.00 26,250.00	999909/06/24 09/06/24	CR 1,254,840.62	15:31\nOn-Line Transfer -  Payment for security guard \nbill for the month of Apr 2024 (Zon Ron \nSweater Ltd.) Batch- MONL199996\n 0.00 147,000.00	999909/06/24 09/06/24	CR 1,401,840.62	16:02\nTransfer -  BEFTN Inward / EBLD / EBLCD / EBL \nCon Batch- TFE1999927\n 0.00 223,807.00	999910/06/24 10/06/24	CR 1,625,647.62	12:14\nTransfer -  BEFTN Inward / EBLD / EBLCD / EBL \nCon Batch- TFE1999927\n 0.00 222,705.00	999910/06/24 10/06/24	CR 1,848,352.62	12:14\nTransfer -  BEFTN Inward / EBLD / EBLCD / EBL \nCon Batch- TFE1999927\n 0.00 63,945.00	999910/06/24 10/06/24	CR 1,912,297.62	12:14\nRTGS -  RTGS INWARD /ISMARTU \nTECHNOLOGY BD LIMITED/BDHONGKONG AND \nSANGHAI BANKING \nCORPORATION00701950801/HONGKONG AND \nSANGHAI BANKING \n 0.00 556,736.00	001111/06/24 11/06/24	CR 2,469,033.62	10:25\nTransfer -  BEFTN Inward / SCBL / SCB / \nEFTPMT Batch- TFE1999922\n 0.00 2,817,374.38	999911/06/24 11/06/24	CR 5,286,408.00	12:22\nCash - ca2449852 alamgir 92,749.00 0.00	001111/06/24 11/06/24	CR 5,193,659.00	12:46\nRTGS -  RTGS INWARD /ISMARTU \nTECHNOLOGY BD LIMITED/BDHONGKONG AND \nSANGHAI BANKING \nCORPORATION00701950801/HONGKONG AND \nSANGHAI BANKING \n 0.00 368,538.00	001111/06/24 11/06/24	CR 5,562,197.00	12:51\nOn-Line Cash - ca2449853 nowshed Batch- \nOnL10001263\n 794,306.00 0.00	000111/06/24 11/06/24	CR 4,767,891.00	14:19\nTransfer -  BEFTN Inward / CIBL / CBL / \nPayment Batch- TFE19999101\n 0.00 35,574.00	999911/06/24 11/06/24	CR 4,803,465.00	15:27\nCash - ca2449854 imran Monthly Value \nexceeded TP.\n 2,200,000.00 0.00	001112/06/24 12/06/24	CR 2,603,465.00	10:40\nCash - CA2449855 ROBIUL ISLAM Monthly \nValue exceeded TP.\n 2,600,000.00 0.00	001112/06/24 12/06/24	CR 3,465.00	11:29\nTransfer -  CASH CARRING BILL FEBRUARY \n2024 FROM MIDLAND BANK LTD -18 Batch- \nHSA1999973\n 0.00 217,560.00	999912/06/24 12/06/24	CR 221,025.00	18:06\nTransfer -  BEFTN Inward / SCBL / SCB / \nEFTPMT Batch- TFE1999911\n 0.00 1,338,754.51	999913/06/24 13/06/24	CR 1,559,779.51	12:40\nTransfer -  BEFTN Inward / SCBL / SCB / \nEFTPMT Batch- TFE1999911\n 0.00 1,336,852.30	999913/06/24 13/06/24	CR 2,896,631.81	12:40\nATM -  NPSB IBFT / DUTCH-BANGLA BANK \nLTD. / 90001000 / 370108 / 137 / Batch- \nNPIB10011435\n 0.00 25,300.00	001113/06/24 13/06/24	CR 2,921,931.81	12:56\nOn-Line Cash -  babul hossain Batch- \nOnL10026603\n 0.00 290,000.00	002613/06/24 13/06/24	CR 3,211,931.81	15:35\nTransfer -  BEFTN Inward / BALB / \nMISCELENEOUS AC / Bill Batch- TFE199991\n 0.00 53,130.00	999920/06/24 20/06/24	CR 3,265,061.81	10:08\nCash - CA2449856 SHEKH ROBIUL ISLAM \nMonthly Value exceeded TP.\n 3,200,000.00 0.00	001124/06/24 24/06/24	CR 65,061.81	10:58\nPage 38 of 47\n 4:22:19PM\nPrinting Date : 19/01/25\n\nHead Office\nN. B Tower (Level 6-9), 40/7, North Avenue, \nGulshan - 2, Dhaka-1212\nContact Centre :16596, 09617016596, \n09611016596\nFAX	:880-2-55052214\nSWIFT	:MDBLBDDH\nDate Value \nDate\nBranch\nCode\nParticular	Withdrawal(Dr)	BalanceDeposit(Cr)	Trn.\nTime\nBatchNo\nTransfer -  BEFTN Inward / SCBL / SCB / \nEFTPMT Batch- TFE1999938\n 0.00 1,537,040.52	999925/06/24 25/06/24	CR 1,602,102.33	15:10\nCharge -  Service Charge Batch- SC061050 345.00 0.00	001130/06/24 30/06/24	CR 1,601,757.33	00:43\nCash - CA2449857 FOISAL 1,025,540.00 0.00	001102/07/24 02/07/24	CR 576,217.33	11:55\nTransfer -  SECURITY SERVICE BILL FOR THE \nM/O MAY 24-20 Batch- HSA1999956\n 0.00 2,866,500.00	999902/07/24 02/07/24	CR 3,442,717.33	17:10\nTransfer -  BEFTN Inward / TTBL / ANIQUA NUS \n/ EFTN 33491 Batch- TFE199998\n 0.00 17,500.00	999907/07/24 07/07/24	CR 3,460,217.33	12:33\nCLG- Inward - CA2449859 HV / FIRST \nSECURITY BANK LTD. / TRUNCATION POINT / \n2449859 / Pay To : m/s m b ent Batch- \nCLGI10011449\n 1,022,263.00 0.00	001107/07/24 07/07/24	CR 2,437,954.33	13:35\nCLG- Inward - CA2449871 RV / UNITED \nCOMMERCIAL BANK LTD. / TRUNCATION POINT \n/ 2449871 / Pay To : axios Batch- \nCLGI10011574\n 221,636.00 0.00	001107/07/24 07/07/24	CR 2,216,318.33	14:45\nCLG- Inward - CA2449876 RV / STANDARD \nBANK LTD. / TRUNCATION POINT / 2449876 / \nPay To : bashar mot Batch- CLGI10011595\n 293,018.00 0.00	001107/07/24 07/07/24	CR 1,923,300.33	14:53\nCLG- Inward - CA2449864 RV / BRAC BANK \nLTD.\n / TRUNCATION POINT / 2449864 / Pay To : \noriginal Batch- CLGI10011600\n 121,814.00 0.00	001107/07/24 07/07/24	CR 1,801,486.33	14:54\nCLG- Inward - CA2449863 RV / UNITED \nCOMMERCIAL BANK LTD. / TRUNCATION POINT \n/ 2449863 / Pay To : dhaka Batch- \nCLGI10011601\n 17,460.00 0.00	001107/07/24 07/07/24	CR 1,784,026.33	14:55\nCLG- Inward - CA2449860 RV / UTTARA BANK \nLTD. / TRUNCATION POINT / 2449860 / Pay To : \nm/s naim tailors Batch- CLGI10011605\n 157,080.00 0.00	001107/07/24 07/07/24	CR 1,626,946.33	14:56\nTransfer -  BEFTN Inward / PUBA / SMC \nENTERPRISE  / SUPPLIER Batch- TFE1999935\n 0.00 45,707.00	999907/07/24 07/07/24	CR 1,672,653.33	15:18\nCLG- Inward - CA2449873 HV / PUBALI BANK \nLTD. / TRUNCATION POINT / 2449873 / Pay To : \npinnacle power Batch- CLGI1001194\n 701,279.00 0.00	001108/07/24 08/07/24	CR 971,374.33	10:51\nCLG- Inward - CA2449877 RV / STANDARD \nBANK LTD. / TRUNCATION POINT / 2449877 / \nPay To : new Batch- CLGI10011466\n 44,077.00 0.00	001108/07/24 08/07/24	CR 927,297.33	14:56\nCLG- Inward - CA2449858 RV / UNITED \nCOMMERCIAL BANK LTD. / TRUNCATION POINT \n/ 2449858 / Pay To : k s Batch- CLGI10011467\n 153,260.00 0.00	001108/07/24 08/07/24	CR 774,037.33	14:56\nCLG- Inward - CA2449861 RV / DUTCH \nBANGLA BANK LTD. / TRUNCATION POINT / \n2449861 / Pay To : asha trade Batch- \nCLGI10011481\n 163,930.00 0.00	001108/07/24 08/07/24	CR 610,107.33	15:00\nCLG- Inward - CA2449865 RV / EXIM BANK \nLTD.\n / TRUNCATION POINT / 2449865 / Pay To : \ntejnet Batch- CLGI10011482\n 8,245.00 0.00	001108/07/24 08/07/24	CR 601,862.33	15:01\nCLG- Inward - CA2449872 RV / NRB BANK \nLIMITED / TRUNCATION POINT / 2449872 / Pay \nTo : LAYMA PRINTERS Batch- CLGI10011290\n 45,105.00 0.00	001109/07/24 09/07/24	CR 556,757.33	12:44\nTransfer -  BEFTN Inward / BALB / \nMISCELENEOUS AC / Bill Batch- TFE1999913\n 0.00 55,545.00	999909/07/24 09/07/24	CR 612,302.33	12:50\nPage 39 of 47\n 4:22:19PM\nPrinting Date : 19/01/25\n\nHead Office\nN. B Tower (Level 6-9), 40/7, North Avenue, \nGulshan - 2, Dhaka-1212\nContact Centre :16596, 09617016596, \n09611016596\nFAX	:880-2-55052214\nSWIFT	:MDBLBDDH\nDate Value \nDate\nBranch\nCode\nParticular	Withdrawal(Dr)	BalanceDeposit(Cr)	Trn.\nTime\nBatchNo\nCLG- Inward - CA2449866 RV / SOUTHEAST \nBANK LTD. / TRUNCATION POINT / 2449866 / \nPay To : systems solutions Batch- \nCLGI10011489\n 34,273.00 0.00	001109/07/24 09/07/24	CR 578,029.33	14:08\nCLG- Inward - CA2449875 RV / DUTCH \nBANGLA BANK LTD. / TRUNCATION POINT / \n2449875 / Pay To : ariful Batch- CLGI10011133\n 9,215.00 0.00	001111/07/24 11/07/24	CR 568,814.33	11:23\nCLG- Inward - CA2449881 RV / UNITED \nCOMMERCIAL BANK LTD. / TRUNCATION POINT \n/ 2449881 / Pay To : elite security ser Batch- \nCLGI10011310\n 250,000.00 0.00	001111/07/24 11/07/24	CR 318,814.33	13:05\nOn-Line Transfer -  Payment for security guard \nbill for the month of May 2024 (Zon Ron \nSweater Ltd.) Batch- MONL1999917\n 0.00 147,000.00	999911/07/24 11/07/24	CR 465,814.33	15:02\nCLG- Inward - CA2449880 RV / AB BANK LTD. \n/ TRUNCATION POINT / 2449880 / Pay To : islam \nauto Batch- CLGI10011115\n 11,446.00 0.00	001114/07/24 14/07/24	CR 454,368.33	11:05\nCLG- Inward - CA2449870 RV / EASTERN \nBANK LTD. / TRUNCATION POINT / 2449870 / \nPay To : pihr Batch- CLGI10011378\n 22,000.00 0.00	001114/07/24 14/07/24	CR 432,368.33	12:57\nRTGS -  RTGS INWARD /ISMARTU \nTECHNOLOGY BD LIMITED/BDHONGKONG AND \nSANGHAI BANKING \nCORPORATION00701950801/HONGKONG AND \nSANGHAI BANKING \n 0.00 220,138.00	001115/07/24 15/07/24	CR 652,506.33	13:37\nCLG- Inward - CA2449867 RV / PRIME BANK \nLTD. / TRUNCATION POINT / 2449867 / Pay To : \nMONICO Batch- CLGI10011490\n 15,035.00 0.00	001115/07/24 15/07/24	CR 637,471.33	14:54\nCLG- Inward - CA2449874 RV / BRAC BANK \nLTD.\n / TRUNCATION POINT / 2449874 / Pay To : AL \nMUGNI Batch- CLGI10011503\n 9,021.00 0.00	001115/07/24 15/07/24	CR 628,450.33	15:01\nRTGS -  RTGS INWARD /ISMARTU \nTECHNOLOGY BD LIMITED/BDHONGKONG AND \nSANGHAI BANKING \nCORPORATION00701950801/HONGKONG AND \nSANGHAI BANKING \n 0.00 552,118.00	001115/07/24 15/07/24	CR 1,180,568.33	15:30\nRTGS -  RTGS INWARD /ISMARTU \nTECHNOLOGY BD LIMITED/BDHONGKONG AND \nSANGHAI BANKING \nCORPORATION00701950801/HONGKONG AND \nSANGHAI BANKING \n 0.00 526,790.00	001115/07/24 15/07/24	CR 1,707,358.33	15:46\nCLG -  RV / RUPALI BANK LTD. / TOTAIL / \n1115556 / RV CLG CHQ#1115556 Batch- \nCLGP10011754\n 0.00 29,100.00	002515/07/24 15/07/24	CR 1,736,458.33	17:44\nOn-Line Cash -  kabir Batch- OnL1002630 0.00 290,000.00	002616/07/24 16/07/24	CR 2,026,458.33	10:15\nTransfer -  BEFTN Inward / SCBL / SCB / \nEFTPMT Batch- TFE199999\n 0.00 1,332,408.00	999918/07/24 18/07/24	CR 3,358,866.33	12:10\nCLG- Inward - CA2449878 RV / AB BANK LTD. \n/ TRUNCATION POINT / 2449878 / Pay To : \ntoyota Batch- CLGI10011374\n 12,756.00 0.00	001118/07/24 18/07/24	CR 3,346,110.33	13:58\nTransfer -  BEFTN Inward / EBLD / \nEBLSSL-TCSA / EBL Con Batch- TFE1999929\n 0.00 42,630.00	999918/07/24 18/07/24	CR 3,388,740.33	15:18\nTransfer -  BEFTN Inward / EBLD / \nEBLSSL-TCSA / EBL Con Batch- TFE1999929\n 0.00 167,678.00	999918/07/24 18/07/24	CR 3,556,418.33	15:18\nPage 40 of 47\n 4:22:19PM\nPrinting Date : 19/01/25\n\nHead Office\nN. B Tower (Level 6-9), 40/7, North Avenue, \nGulshan - 2, Dhaka-1212\nContact Centre :16596, 09617016596, \n09611016596\nFAX	:880-2-55052214\nSWIFT	:MDBLBDDH\nDate Value \nDate\nBranch\nCode\nParticular	Withdrawal(Dr)	BalanceDeposit(Cr)	Trn.\nTime\nBatchNo\nTransfer -  BEFTN Inward / EBLD / EBLSHAKTI / \nEBL Con Batch- TFE1999929\n 0.00 148,470.00	999918/07/24 18/07/24	CR 3,704,888.33	15:18\nCLG- Inward - CA2449868 RV / PRIME BANK \nLTD. / TRUNCATION POINT / 2449868 / Pay To : \nagni systems Batch- CLGI10011243\n 39,770.00 0.00	001124/07/24 24/07/24	CR 3,665,118.33	13:18\nCLG- Inward - CA2449869 RV / HONGKONG \nAND SANGHAI BANKING CORPORATION / \nTRUNCATION POINT / 2449869 / Pay To : s \nBatch- CLGI10011436\n 117,576.00 0.00	001125/07/24 25/07/24	CR 3,547,542.33	13:46\nOn-Line Cash - ca2449882 halim Batch- \nOnL1551916\n 500,000.00 0.00	551925/07/24 25/07/24	CR 3,047,542.33	15:00\nOn-Line Cash - ca2449883 halim Batch- \nOnL1551917\n 500,000.00 0.00	551925/07/24 25/07/24	CR 2,547,542.33	15:01\nTransfer -  BEFTN Inward / CIBL / CBL / \nPayment Batch- TFE1999961\n 0.00 35,574.00	999928/07/24 28/07/24	CR 2,583,116.33	15:03\nTransfer -  BEFTN Inward / CIBL / CBL / \nPayment Batch- TFE1999961\n 0.00 35,574.00	999928/07/24 28/07/24	CR 2,618,690.33	15:03\nTransfer -  SECURITY SERVICE BILL FOR THE \nM/O JUNE 24-23 Batch- HSA1999969\n 0.00 2,866,500.00	999901/08/24 01/08/24	CR 5,485,190.33	17:35\nCLG- Inward - CA2449879 RV / TRUST BANK \nLTD. / TRUNCATION POINT / 2449879 / Pay To : \nnew rajib Batch- CLGI1001163\n 7,275.00 0.00	001106/08/24 06/08/24	CR 5,477,915.33	11:21\nTransfer -  BEFTN Inward / TTBL / ANIQUA NUS \n/ EFTN 34329 Batch- TFE1999928\n 0.00 17,500.00	999906/08/24 06/08/24	CR 5,495,415.33	12:01\nTransfer -  BEFTN Inward / BALB / \nMISCELENEOUS AC / Bill Batch- TFE1999940\n 0.00 55,545.00	999908/08/24 08/08/24	CR 5,550,960.33	15:05\nTransfer -  BEFTN Inward / CCEY / GERMAN \nCULTURAL / transfer Batch- TFE1999940\n 0.00 91,655.00	999908/08/24 08/08/24	CR 5,642,615.33	15:05\nTransfer -  BEFTN Inward / CIBL / \nINTERCLOUDLIMIT / FUNDTRANX Batch- \nTFE1999926\n 0.00 35,574.00	999911/08/24 11/08/24	CR 5,678,189.33	15:01\nTransfer -  BEFTN Inward / CIBL / \nINTERCLOUDLIMIT / FUNDTRANX Batch- \nTFE1999926\n 0.00 35,574.00	999911/08/24 11/08/24	CR 5,713,763.33	15:01\nTransfer -  BEFTN Inward / PUBA / SMC \nENTERPRISE  / SUPPLIER Batch- TFE1999926\n 0.00 45,707.00	999911/08/24 11/08/24	CR 5,759,470.33	15:01\nTransfer -  BEFTN Inward / CIBL / CBL / \nPayment Batch- TFE1999926\n 0.00 35,574.00	999911/08/24 11/08/24	CR 5,795,044.33	15:01\nTransfer -  EFTICE / CIBL / NOVOCOMLIMITED / \nFUNDTRANX Batch- TFE10011671\n 0.00 35,574.00	001111/08/24 11/08/24	CR 5,830,618.33	15:02\nCash - CA2449884 ABDUL HALIM 200,000.00 0.00	001111/08/24 11/08/24	CR 5,630,618.33	15:09\nOn-Line Cash - ca2449885 cash Batch- \nOnL1551949\n 200,000.00 0.00	551912/08/24 12/08/24	CR 5,430,618.33	12:00\nCLG- Inward - CA2675906 HV / UNITED \nCOMMERCIAL BANK LTD. / TRUNCATION POINT \n/ 2675906 / Pay To : elit Batch- CLGI10011312\n 5,000,000.00 0.00	001112/08/24 12/08/24	CR 430,618.33	12:07\nTransfer -  BEFTN Inward / EBLD / EBLSHAKTI / \nEBL Con Batch- TFE1999930\n 0.00 42,630.00	999913/08/24 13/08/24	CR 473,248.33	12:05\nTransfer -  BEFTN Inward / EBLD / EBLSHAKTI / \nEBL Con Batch- TFE1999930\n 0.00 148,470.00	999913/08/24 13/08/24	CR 621,718.33	12:05\nTransfer -  BEFTN Inward / EBLD / EBLSHAKTI / \nEBL Con Batch- TFE1999930\n 0.00 149,205.00	999913/08/24 13/08/24	CR 770,923.33	12:05\nCLG- Inward - CA2449862 RV / AGRANI BANK \nLTD. / TRUNCATION POINT / 2449862 / Pay To : \narman Batch- CLGI10011514\n 165,628.00 0.00	001113/08/24 13/08/24	CR 605,295.33	13:50\nPage 41 of 47\n 4:22:19PM\nPrinting Date : 19/01/25\n\nHead Office\nN. B Tower (Level 6-9), 40/7, North Avenue, \nGulshan - 2, Dhaka-1212\nContact Centre :16596, 09617016596, \n09611016596\nFAX	:880-2-55052214\nSWIFT	:MDBLBDDH\nDate Value \nDate\nBranch\nCode\nParticular	Withdrawal(Dr)	BalanceDeposit(Cr)	Trn.\nTime\nBatchNo\nCLG- Inward - CA2675907 RV / UNITED \nCOMMERCIAL BANK LTD. / TRUNCATION POINT \n/ 2675907 / Pay To : elit Batch- CLGI10011655\n 450,000.00 0.00	001115/08/24 15/08/24	CR 155,295.33	14:29\nRTGS -  RTGS INWARD /ISMARTU \nTECHNOLOGY BD LIMITED/BDHONGKONG AND \nSANGHAI BANKING \nCORPORATION00701950801/HONGKONG AND \nSANGHAI BANKING \n 0.00 469,834.00	001119/08/24 19/08/24	CR 625,129.33	11:01\nOn-Line Cash -  kabir Batch- OnL1002668 0.00 290,000.00	002622/08/24 22/08/24	CR 915,129.33	10:29\nOn-Line Cash - ca2675908 Mohammad Ali \nBatch- OnL1551913\n 400,000.00 0.00	551928/08/24 28/08/24	CR 515,129.33	11:35\nCLG -  RV / RUPALI BANK LTD. / TOTAIL / \n1115557 / RV CLG CHQ#1115557 Batch- \nCLGP10011822\n 0.00 29,100.00	002529/08/24 29/08/24	CR 544,229.33	14:55\nCash - ca2675909 zahidul 400,000.00 0.00	001101/09/24 01/09/24	CR 144,229.33	11:53\nTransfer -  BEFTN Inward / BRAK / BBL \nLIMITDSS / Elite Sec Batch- TFE199999\n 0.00 37,044.00	999901/09/24 01/09/24	CR 181,273.33	12:11\nTransfer -  SECURITY SERVICE BILL FOR THE \nM/O JUL 24-23 Batch- HSA1999939\n 0.00 2,910,600.00	999901/09/24 01/09/24	CR 3,091,873.33	16:04\nTransfer -  BEFTN Inward / CCEY / GERMAN \nCULTURAL / TRANSFER Batch- TFE199991\n 0.00 75,785.00	999903/09/24 03/09/24	CR 3,167,658.33	10:24\nTransfer -  CASH CARRING BILL MARCH 2024 \nFROM MIDLAND BANK PLC -28 Batch- \nHSA19999125\n 0.00 298,410.00	999903/09/24 03/09/24	CR 3,466,068.33	15:56\nTransfer -  BEFTN Inward / TTBL / ANIQUA NUS \n/ EFTN 35492 Batch- TFE1999917\n 0.00 17,500.00	999904/09/24 04/09/24	CR 3,483,568.33	12:25\nTransfer -  BEFTN Inward / CIBL / CBL / \nPayment Batch- TFE1999932\n 0.00 35,574.00	999904/09/24 04/09/24	CR 3,519,142.33	15:06\nTransfer -  BEFTN Inward / CIBL / CBL / \nPayment Batch- TFE1999932\n 0.00 35,574.00	999904/09/24 04/09/24	CR 3,554,716.33	15:06\nTransfer -  BEFTN Inward / CIBL / \nNOVOCOMLIMITED / FUNDTRANX Batch- \nTFE1999932\n 0.00 35,574.00	999904/09/24 04/09/24	CR 3,590,290.33	15:06\nCLG- Inward - CA2675910 HV / UNITED \nCOMMERCIAL BANK LTD. / TRUNCATION POINT \n/ 2675910 / Pay To : elite Batch- CLGI10011592\n 3,450,000.00 0.00	001108/09/24 08/09/24	CR 140,290.33	14:02\nTransfer -  BEFTN Inward / PUBA / SMC \nENTERPRISE  / SUPPLIER Batch- TFE1999935\n 0.00 45,707.00	999908/09/24 08/09/24	CR 185,997.33	15:29\nTransfer -  BEFTN Inward / HSBC / \nHSBCNET202409 / GPS Batch- TFE1999928\n 0.00 4,790,295.59	999909/09/24 09/09/24	CR 4,976,292.92	13:42\nTransfer -  BEFTN Inward / CCEY / GERMAN \nCULTURAL / transfer Batch- TFE1999942\n 0.00 75,785.00	999909/09/24 09/09/24	CR 5,052,077.92	15:05\nRTGS -  RTGS INWARD /ISMARTU \nTECHNOLOGY BD LIMITED/BDHONGKONG AND \nSANGHAI BANKING \nCORPORATION00701950801/HONGKONG AND \nSANGHAI BANKING \n 0.00 470,672.00	001110/09/24 10/09/24	CR 5,522,749.92	10:36\nTransfer -  BEFTN Inward / EBLD / EBLSFCL / \nEBL Con Batch- TFE1999940\n 0.00 148,470.00	999910/09/24 10/09/24	CR 5,671,219.92	15:10\nTransfer -  BEFTN Inward / EBLD / EBLSFCL / \nEBL Con Batch- TFE1999940\n 0.00 83,197.00	999910/09/24 10/09/24	CR 5,754,416.92	15:10\nTransfer -  BEFTN Inward / EBLD / EBLSFCL / \nEBL Con Batch- TFE1999940\n 0.00 151,955.00	999910/09/24 10/09/24	CR 5,906,371.92	15:10\nTransfer -  BEFTN Inward / BALB / \nMISCELENEOUS AC / Bill Batch- TFE199992\n 0.00 55,545.00	999911/09/24 11/09/24	CR 5,961,916.92	10:06\nPage 42 of 47\n 4:22:19PM\nPrinting Date : 19/01/25\n\nHead Office\nN. B Tower (Level 6-9), 40/7, North Avenue, \nGulshan - 2, Dhaka-1212\nContact Centre :16596, 09617016596, \n09611016596\nFAX	:880-2-55052214\nSWIFT	:MDBLBDDH\nDate Value \nDate\nBranch\nCode\nParticular	Withdrawal(Dr)	BalanceDeposit(Cr)	Trn.\nTime\nBatchNo\nCLG- Inward - CA2675911 HV / DUTCH \nBANGLA BANK LTD. / TRUNCATION POINT / \n2675911 / Pay To : elit Batch- CLGI10011465\n 3,000,000.00 0.00	001111/09/24 11/09/24	CR 2,961,916.92	13:30\nCLG- Inward - CA2675912 HV / DUTCH \nBANGLA BANK LTD. / TRUNCATION POINT / \n2675912 / Pay To : elit Batch- CLGI10011466\n 2,200,000.00 0.00	001111/09/24 11/09/24	CR 761,916.92	13:30\nTransfer -  BEFTN Inward / SCBL / SCB / \nEFTPMT Batch- TFE1999934\n 0.00 747,094.90	999911/09/24 11/09/24	CR 1,509,011.82	15:07\nTransfer -  CASH CARRING BILL APRIL TO \nMAY 2024 FROM MIDLAND BANK PLC -30 \nBatch- HSA1999960\n 0.00 408,170.00	999911/09/24 11/09/24	CR 1,917,181.82	17:40\nOn-Line Cash - ca2675913 Shekch Robiul Islam \nBatch- OnL1551928\n 1,900,000.00 0.00	551912/09/24 12/09/24	CR 17,181.82	10:56\nOn-Line Cash -  kabir Batch- OnL1002677 0.00 290,000.00	002615/09/24 15/09/24	CR 307,181.82	10:32\nTransfer -  EFTICE / TTBL / EFS FACILITIES / \nFUND TRNSF Batch- TFE1001158\n 0.00 1,341,315.16	001118/09/24 18/09/24	CR 1,648,496.98	10:42\nOn-Line Cash - CA2675914 Hamidul Batch- \nOnL1000718\n 247,567.00 0.00	000718/09/24 18/09/24	CR 1,400,929.98	10:43\nCLG- Inward - CA2675915 RV / The City Bank \nLtd / TRUNCATION POINT / 2675915 / Pay To : \nphoenix Batch- CLGI10011359\n 50,519.00 0.00	001119/09/24 19/09/24	CR 1,350,410.98	12:57\nTransfer -  Cheque Book Destroy Charge \nDebited by A/C No. 902934 Batch- \nCHQD10011995\n 460.00 0.00	001119/09/24 19/09/24	CR 1,349,950.98	18:23\nTransfer -  Cheque Book Destroy Charge \nDebited by A/C No. 902934 Batch- \nCHQD100111040\n 460.00 0.00	001119/09/24 19/09/24	CR 1,349,490.98	18:38\nOn-Line Cash - ca2675917 Sheikh Robiul Islam \nBatch- OnL1551916\n 400,000.00 0.00	551924/09/24 24/09/24	CR 949,490.98	11:26\nTransfer -  BEFTN Inward / EBLD / EBLSHAKTI / \nEBL Con Batch- TFE199999\n 0.00 102,900.00	999924/09/24 24/09/24	CR 1,052,390.98	12:07\nTransfer -  BEFTN Inward / HSBC / \nHSBCNET202409 / GPS Batch- TFE1999919\n 0.00 3,971,482.38	999924/09/24 24/09/24	CR 5,023,873.36	15:02\nCLG- Inward - CA2675916 RV / UTTARA BANK \nLTD. / TRUNCATION POINT / 2675916 / Pay To : \nnaim Batch- CLGI10011973\n 930,000.00 0.00	001125/09/24 25/09/24	CR 4,093,873.36	16:31\nCash - CA2675918 ROBIUL ISLAM Monthly \nValue exceeded TP. Amount exceeded TP.\n 4,059,775.00 0.00	001129/09/24 29/09/24	CR 34,098.36	12:13\nTransfer -  SECURITY SERVICE BILL FOR THE \nM/O AUG 24-23 Batch- HSA1999916\n 0.00 2,866,500.00	999901/10/24 01/10/24	CR 2,900,598.36	15:26\nTransfer -  BEFTN Inward / CIBL / \nINTERCLOUDLIMIT / FUNDTRANX Batch- \nTFE199991\n 0.00 35,574.00	999907/10/24 07/10/24	CR 2,936,172.36	10:08\nTransfer -  BEFTN Inward / CIBL / \nINTERCLOUDLIMIT / FUNDTRANX Batch- \nTFE199991\n 0.00 35,574.00	999907/10/24 07/10/24	CR 2,971,746.36	10:08\nTransfer -  BEFTN Inward / CIBL / \nINTERCLOUDLIMIT / FUNDTRANX Batch- \nTFE199991\n 0.00 35,574.00	999907/10/24 07/10/24	CR 3,007,320.36	10:08\nTransfer -  BEFTN Inward / CIBL / \nINTERCLOUDLIMIT / FUNDTRANX Batch- \nTFE199991\n 0.00 35,574.00	999907/10/24 07/10/24	CR 3,042,894.36	10:08\nTransfer -  BEFTN Inward / CIBL / \nNOVOCOMLIMITED / FUNDTRANX Batch- \nTFE199991\n 0.00 35,574.00	999907/10/24 07/10/24	CR 3,078,468.36	10:08\nPage 43 of 47\n 4:22:19PM\nPrinting Date : 19/01/25\n\nHead Office\nN. B Tower (Level 6-9), 40/7, North Avenue, \nGulshan - 2, Dhaka-1212\nContact Centre :16596, 09617016596, \n09611016596\nFAX	:880-2-55052214\nSWIFT	:MDBLBDDH\nDate Value \nDate\nBranch\nCode\nParticular	Withdrawal(Dr)	BalanceDeposit(Cr)	Trn.\nTime\nBatchNo\nTransfer -  BEFTN Inward / PUBA / SMC \nENTERPRISE  / SUPPLIER Batch- TFE1999927\n 0.00 45,707.00	999907/10/24 07/10/24	CR 3,124,175.36	15:10\nCLG- Inward - CA2675919 HV / UNITED \nCOMMERCIAL BANK LTD. / TRUNCATION POINT \n/ 2675919 / Pay To : elite Batch- CLGI10011298\n 3,050,000.00 0.00	001108/10/24 08/10/24	CR 74,175.36	12:14\nTransfer -  BEFTN Inward / BRAK / BBL \nLIMITDSS / Elite Sec Batch- TFE1999950\n 0.00 35,280.00	999908/10/24 08/10/24	CR 109,455.36	15:08\nCLG -  RV / RUPALI BANK LTD. / TOTAIL / \n1115558 / RV CLG CHQ#1115558 Batch- \nCLGP10011643\n 0.00 29,100.00	002509/10/24 09/10/24	CR 138,555.36	14:23\nCLG -  RV / RUPALI BANK LTD. / TOTAIL / \n1115559 / RV CLG CHQ#1115559 Batch- \nCLGP10011644\n 0.00 34,881.00	002509/10/24 09/10/24	CR 173,436.36	14:23\nRTGS -  RTGS INWARD /ISMARTU \nTECHNOLOGY BD LIMITED/BDHONGKONG AND \nSANGHAI BANKING \nCORPORATION00701950801/HONGKONG AND \nSANGHAI BANKING \n 0.00 513,597.00	001114/10/24 14/10/24	CR 687,033.36	11:00\nTransfer -  BEFTN Inward / BALB / \nMISCELENEOUS AC / Bill Batch- TFE1999912\n 0.00 7,406.00	999915/10/24 15/10/24	CR 694,439.36	12:21\nOn-Line Cash -  md kabir hossain Batch- \nOnL10026107\n 0.00 290,000.00	002617/10/24 17/10/24	CR 984,439.36	10:29\nCash - ca2675920 amin 681,133.00 0.00	001117/10/24 17/10/24	CR 303,306.36	14:00\nTransfer -  BEFTN Inward / CCEY / GERMAN \nCULTURAL / transfer Batch- TFE1999958\n 0.00 89,585.00	999922/10/24 22/10/24	CR 392,891.36	15:24\nTransfer -  BEFTN Inward / CIBL / CBL / \nPayment Batch- TFE1999920\n 0.00 35,574.00	999923/10/24 23/10/24	CR 428,465.36	10:38\nTransfer -  BEFTN Inward / EBLD / EBLSHAKTI / \nEBL Con Batch- TFE1999928\n 0.00 149,205.00	999923/10/24 23/10/24	CR 577,670.36	12:41\nTransfer -  BEFTN Inward / EBLD / EBLSHAKTI / \nEBL Con Batch- TFE1999928\n 0.00 148,470.00	999923/10/24 23/10/24	CR 726,140.36	12:41\nTransfer -  EFTICE / TTBL / EFS FACILITIES / \nFUND TRNSF Batch- TFE10011649\n 0.00 1,338,754.51	001123/10/24 23/10/24	CR 2,064,894.87	15:07\nTransfer -  BEFTN Inward / EBLD / EBLSHAKTI / \nEBL Con Batch- TFE1999913\n 0.00 71,998.00	999927/10/24 27/10/24	CR 2,136,892.87	12:29\nTransfer -  BEFTN Inward / BRAK / BBL \nLIMITDSS / Elite Sec Batch- TFE1999921\n 0.00 49,980.00	999929/10/24 29/10/24	CR 2,186,872.87	12:05\nCash - ca2675921 robiul 1,000,000.00 0.00	001129/10/24 29/10/24	CR 1,186,872.87	12:55\nTransfer -  SECURITY SERVICE BILL FOR THE \nM/O SEP 24-23 Batch- HSA1999958\n 0.00 2,916,891.00	999903/11/24 03/11/24	CR 4,103,763.87	16:43\nTransfer -  BEFTN Inward / PUBA / SMC \nENTERPRISE  / SUPPLIER Batch- TFE199992\n 0.00 50,278.00	999907/11/24 07/11/24	CR 4,154,041.87	10:27\nCLG- Inward - CA2675922 HV / UNITED \nCOMMERCIAL BANK LTD. / TRUNCATION POINT \n/ 2675922 / Pay To : elite Batch- CLGI10011483\n 4,100,000.00 0.00	001107/11/24 07/11/24	CR 54,041.87	13:04\nTransfer -  EFTICE / TTBL / EFS FACILITIES / \nFUND TRNSF Batch- TFE10011149\n 0.00 1,343,467.30	001111/11/24 11/11/24	CR 1,397,509.17	10:30\nRTGS -  RTGS INWARD /ISMARTU \nTECHNOLOGY BD LIMITED/BDHONGKONG AND \nSANGHAI BANKING \nCORPORATION00701950801/HONGKONG AND \nSANGHAI BANKING \n 0.00 510,800.00	001111/11/24 11/11/24	CR 1,908,309.17	14:13\nTransfer -  BEFTN Inward / CIBL / CBL / \nPayment Batch- TFE1999944\n 0.00 35,574.00	999911/11/24 11/11/24	CR 1,943,883.17	16:11\nPage 44 of 47\n 4:22:19PM\nPrinting Date : 19/01/25\n\nHead Office\nN. B Tower (Level 6-9), 40/7, North Avenue, \nGulshan - 2, Dhaka-1212\nContact Centre :16596, 09617016596, \n09611016596\nFAX	:880-2-55052214\nSWIFT	:MDBLBDDH\nDate Value \nDate\nBranch\nCode\nParticular	Withdrawal(Dr)	BalanceDeposit(Cr)	Trn.\nTime\nBatchNo\nTransfer -  BEFTN Inward / CIBL / \nINTERCLOUDLIMIT / FUNDTRANX Batch- \nTFE199994\n 0.00 35,574.00	999912/11/24 12/11/24	CR 1,979,457.17	10:44\nTransfer -  BEFTN Inward / CIBL / \nNOVOCOMLIMITED / FUNDTRANX Batch- \nTFE199994\n 0.00 35,574.00	999912/11/24 12/11/24	CR 2,015,031.17	10:44\nTransfer -  BEFTN Inward / CIBL / \nINTERCLOUDLIMIT / FUNDTRANX Batch- \nTFE199994\n 0.00 35,574.00	999912/11/24 12/11/24	CR 2,050,605.17	10:44\nCLG- Inward - CA2675923 HV / UNITED \nCOMMERCIAL BANK LTD. / TRUNCATION POINT \n/ 2675923 / Pay To : elite Batch- CLGI10011334\n 1,350,000.00 0.00	001112/11/24 12/11/24	CR 700,605.17	12:32\nOn-Line Cash - ca2675924 Md. Kabir Batch- \nOnL10026504\n 690,377.00 0.00	002614/11/24 14/11/24	CR 10,228.17	15:11\nTransfer -  BEFTN Inward / SCBL / SCB / \nEFTPMT Batch- TFE1999925\n 0.00 2,982,927.52	999917/11/24 17/11/24	CR 2,993,155.69	15:44\nOn-Line Cash - ca2675925 S.M. Foisal Al \nMahmud Batch- OnL1551966\n 500,000.00 0.00	551919/11/24 19/11/24	CR 2,493,155.69	13:35\nTransfer -  BEFTN Inward / SCBL / SCB / \nEFTPMT Batch- TFE1999927\n 0.00 1,594,478.75	999920/11/24 20/11/24	CR 4,087,634.44	15:41\nCLG -  RV / RUPALI BANK LTD. / TOTAIL / \n1115565 / RV CLG CHQ#1115565 Batch- \nCLGP10011813\n 0.00 4,958.00	002520/11/24 20/11/24	CR 4,092,592.44	16:36\nCLG -  RV / RUPALI BANK LTD. / TOTAIL / \n1115564 / RV CLG CHQ#1115564 Batch- \nCLGP10011814\n 0.00 34,881.00	002520/11/24 20/11/24	CR 4,127,473.44	16:36\nTransfer -  BEFTN Inward / CCEY / GERMAN \nCULTURAL / TRANFER Batch- TFE199996\n 0.00 65,205.00	999924/11/24 24/11/24	CR 4,192,678.44	10:52\nTransfer -  BEFTN Inward / EBLD / EBLPPL / \nEBL Con Batch- TFE1999949\n 0.00 149,205.00	999924/11/24 24/11/24	CR 4,341,883.44	14:59\nTransfer -  BEFTN Inward / EBLD / EBLPPL / \nEBL Con Batch- TFE1999949\n 0.00 148,470.00	999924/11/24 24/11/24	CR 4,490,353.44	14:59\nTransfer -  BEFTN Inward / EBLD / EBLPPL / \nEBL Con Batch- TFE1999949\n 0.00 56,840.00	999924/11/24 24/11/24	CR 4,547,193.44	14:59\nTransfer -  CASH CARRING BILL JUNE 2024 TO \nAUG 2024 FROM MIDLAND BANK PLC -30 \nBatch- HSA1999928\n 0.00 697,760.00	999927/11/24 27/11/24	CR 5,244,953.44	15:29\nCash - CA2675926 ROBIUL Monthly Value \nexceeded TP. Amount exceeded TP.\n 4,520,370.00 0.00	001128/11/24 28/11/24	CR 724,583.44	12:06\nTransfer -  BEFTN Inward / BRAK / BBL \nLIMITDSS / Elite Sec Batch- TFE199998\n 0.00 52,920.00	999928/11/24 28/11/24	CR 777,503.44	12:13\nTransfer -  SECURITY SERVICE BILL FOR THE \nM/O OCT 24-23 Batch- HSA1999957\n 0.00 2,888,060.00	999901/12/24 01/12/24	CR 3,665,563.44	17:26\nTransfer -  EFTICE / TTBL / EFS FACILITIES / \nFUND TRNSF Batch- TFE10011121\n 0.00 1,340,034.84	001102/12/24 02/12/24	CR 5,005,598.28	10:04\nCLG- Inward - CA2675927 HV / UNITED \nCOMMERCIAL BANK LTD. / TRUNCATION POINT \n/ 2675927 / Pay To : elite Batch- CLGI10011261\n 5,000,000.00 0.00	001104/12/24 04/12/24	CR 5,598.28	11:53\nTransfer -  BEFTN Inward / CIBL / \nINTERCLOUDLIMIT / FUNDTRANX Batch- \nTFE1999923\n 0.00 35,574.00	999904/12/24 04/12/24	CR 41,172.28	15:03\nTransfer -  BEFTN Inward / CIBL / \nINTERCLOUDLIMIT / FUNDTRANX Batch- \nTFE1999923\n 0.00 35,574.00	999904/12/24 04/12/24	CR 76,746.28	15:03\nPage 45 of 47\n 4:22:19PM\nPrinting Date : 19/01/25\n\nHead Office\nN. B Tower (Level 6-9), 40/7, North Avenue, \nGulshan - 2, Dhaka-1212\nContact Centre :16596, 09617016596, \n09611016596\nFAX	:880-2-55052214\nSWIFT	:MDBLBDDH\nDate Value \nDate\nBranch\nCode\nParticular	Withdrawal(Dr)	BalanceDeposit(Cr)	Trn.\nTime\nBatchNo\nTransfer -  BEFTN Inward / CIBL / \nNOVOCOMLIMITED / FUNDTRANX Batch- \nTFE1999923\n 0.00 35,574.00	999904/12/24 04/12/24	CR 112,320.28	15:03\nTransfer -  BEFTN Inward / CIBL / CBL / \nPayment Batch- TFE199993\n 0.00 35,574.00	999905/12/24 05/12/24	CR 147,894.28	11:03\nTransfer -  BEFTN Inward / PUBA / SMC \nENTERPRISE  / SUPPLIER Batch- TFE1999941\n 0.00 50,278.00	999909/12/24 09/12/24	CR 198,172.28	16:30\nRTGS -  RTGS INWARD /ISMARTU \nTECHNOLOGY BD \nLIMITED/BDHSBC00701950801/HSBC/11527038\n3/MDBL2412111000015 Batch- RTGI10011176\n 0.00 517,261.00	001111/12/24 11/12/24	CR 715,433.28	10:29\nOn-Line Cash -  MD. KABIR  HOSSAIN Batch- \nOnL10026101\n 0.00 550,000.00	002612/12/24 12/12/24	CR 1,265,433.28	10:28\nRTGS -  RTGS Outward / Elite Security \nServices/7771101000000088/UCBL/245270608/\nRTGS/MDBL2412151000353 Batch- \nRTGS10011590\n 1,250,000.00 0.00	001115/12/24 15/12/24	CR 15,433.28	13:49\nCharge -  RTGS Charge / Elite Security \nServices/7771101000000088/UCBL/245270608/\nRTGS/MDBL2412151000353 Batch- \nRTGS10011590\n 100.00 0.00	001115/12/24 15/12/24	CR 15,333.28	13:49\nTransfer -  CASH CARRING BILL SEP 2024 TO \nNOV 2024 FROM MIDLAND BANK PLC -24 \nBatch- HSA1999956\n 0.00 544,880.00	999923/12/24 23/12/24	CR 560,213.28	14:54\nTransfer -  BEFTN Inward / BRAK / BBL \nLIMITDSS / Elite Sec Batch- TFE1999954\n 0.00 52,920.00	999924/12/24 24/12/24	CR 613,133.28	16:18\nOn-Line Cash - ca2675928 mohammad ali \nBatch- OnL1551971\n 600,000.00 0.00	551926/12/24 26/12/24	CR 13,133.28	15:20\nTransfer -  BEFTN Inward / EBLD / EBLSHAKTI / \nEBL Con Batch- TFE1999949\n 0.00 56,840.00	999929/12/24 29/12/24	CR 69,973.28	16:32\nTransfer -  BEFTN Inward / EBLD / EBLSHAKTI / \nEBL Con Batch- TFE1999949\n 0.00 149,205.00	999929/12/24 29/12/24	CR 219,178.28	16:32\nCharge -  Service Charge Batch- SC121050 345.00 0.00	001129/12/24 29/12/24	CR 218,833.28	02:04\nTransfer -  EFTICE / TTBL / EFS FACILITIES / \nFUND TRNSF Batch- TFE100111149\n 0.00 1,344,349.30	001130/12/24 30/12/24	CR 1,563,182.58	17:14\nExcise Duty -  Excise Duty Batch- XD121050 5,000.00 0.00	001130/12/24 30/12/24	CR 1,558,182.58	18:50\nTransfer -  SECURITY SERVICE BILL FOR THE \nM/O NOV 24-23 Batch- HSA1999915\n 0.00 2,906,876.00	999901/01/25 01/01/25	CR 4,465,058.58	15:51\nOn-Line Cash -  FARID IQBAL Batch- \nOnL1000848\n 0.00 241,750.00	000802/01/25 02/01/25	CR 4,706,808.58	10:51\nCash - ca2675929 robiul Amount exceeded TP. 4,700,000.00 0.00	001105/01/25 05/01/25	CR 6,808.58	11:43\nTransfer -  BEFTN Inward / PUBA / SMC \nENTERPRISE  / SUPPLIER Batch- TFE1999938\n 0.00 50,278.00	999905/01/25 05/01/25	CR 57,086.58	16:28\nCLG -  RV / RUPALI BANK LTD. / TOTAIL / \n1115568 / RV CLG CHQ#1115568 Batch- \nCLGP100111056\n 0.00 34,881.00	002506/01/25 06/01/25	CR 91,967.58	17:22\nCLG -  RV / RUPALI BANK LTD. / TOTAIL / \n1115570 / RV CLG CHQ#1115570 Batch- \nCLGP100111057\n 0.00 34,881.00	002506/01/25 06/01/25	CR 126,848.58	17:22\nTransfer -  BEFTN Inward / CIBL / CBL / \nPayment Batch- TFE1999944\n 0.00 35,574.00	999907/01/25 07/01/25	CR 162,422.58	17:18\nTransfer -  BEFTN Inward / CIBL / \nINTERCLOUDLIMIT / FUNDTRANX Batch- \nTFE1999938\n 0.00 35,574.00	999908/01/25 08/01/25	CR 197,996.58	16:15\nPage 46 of 47\n 4:22:19PM\nPrinting Date : 19/01/25\n\nHead Office\nN. B Tower (Level 6-9), 40/7, North Avenue, \nGulshan - 2, Dhaka-1212\nContact Centre :16596, 09617016596, \n09611016596\nFAX	:880-2-55052214\nSWIFT	:MDBLBDDH\nDate Value \nDate\nBranch\nCode\nParticular	Withdrawal(Dr)	BalanceDeposit(Cr)	Trn.\nTime\nBatchNo\nTransfer -  BEFTN Inward / CIBL / \nINTERCLOUDLIMIT / FUNDTRANX Batch- \nTFE1999938\n 0.00 35,574.00	999908/01/25 08/01/25	CR 233,570.58	16:15\nTransfer -  BEFTN Inward / CIBL / \nNOVOCOMLIMITED / FUNDTRANX Batch- \nTFE1999938\n 0.00 35,574.00	999908/01/25 08/01/25	CR 269,144.58	16:15\nTransfer -  BEFTN Inward / SCBL / \nVFSBANGLADESHP / GuardingS Batch- \nTFE1999939\n 0.00 56,214.50	999908/01/25 08/01/25	CR 325,359.08	16:16\nOn-Line Cash - ca2675930 Mohammad Ali \nBatch- OnL1551936\n 300,000.00 0.00	551912/01/25 12/01/25	CR 25,359.08	10:54\nCLG -  RV / THE PREMIER BANK LTD. / BANANI \n/ 7388064 / Batch- CLGP10011497\n 0.00 150,000.00	001114/01/25 14/01/25	CR 175,359.08	13:34\nTransfer -  BEFTN Inward / EBLD / \nEBLSSL-TCSA / EBL Con Batch- TFE1999955\n 0.00 148,470.00	999914/01/25 14/01/25	CR 323,829.08	16:13\nCharge -  BACH Clearing Charge & Vat / RV / \nTHE PREMIER BANK LTD. / BANANI / 7388064 / \nBatch- CCS10011907\n 10.00 0.00	001114/01/25 14/01/25	CR 323,819.08	17:38\nTotal:\n 335,611,105.50 335,934,924.58\nTHANK YOU FOR BANKING WITH MIDLAND BANK PLC\nPlease notify the bank in writing within 15 calendar days from the date of receipt of this statement of any discrepancies detected; otherwise the statement\nAs part of our continuous effort to keep your banking records updated, please inform us of any changes to your personal details.\nTHIS IS A COMPUTER GENERATED STATEMENT AND DOES NOT REQUIRE ANY SIGNATURE.\n***END OF STATEMENT***\nwill deem to be correct.\nPage 47 of 47\n 4:22:19PM\nPrinting Date : 19/01/25', '2025-10-11', 'Normal', NULL, 2, NULL, NULL, NULL, NULL, 0, NULL, NULL, NULL, NULL, 0, 4, 3, 'e123213', 1, '2025-10-11 07:07:06', '2025-10-11 22:25:46');
INSERT INTO `file_repo` (`id`, `tracking_no`, `sarok_no`, `title`, `file_name`, `file_path`, `file_type`, `page_count`, `content`, `relevant_date`, `urgency`, `tags`, `department_id`, `sender_department_id`, `sender_department_custom_name`, `sender_designation`, `sender_name`, `is_sender_ict`, `receiver_department_id`, `receiver_department_custom_name`, `receiver_designation`, `receiver_name`, `is_receiver_ict`, `desk_id`, `status`, `remarks`, `uploaded_by`, `created_at`, `updated_at`) VALUES
(11, 'FR-20251026-0011', NULL, 'Title', 'ios PAD.pdf', 'uploads/files/PHU2K8TAdwPx5vdwU7wFQ1LFR5OTVMIAwhqb9sbn.pdf', 'application/pdf', 1, 'Rights A u t h o r i z a t	i	o	n 	L	e	t	t	e	r\nD\na\nt\ne\n:\n \nS\ne\np\nt\ne\nm\nb\ne\nr\n \n1\n5\n,\n \n2\n0\n2\n5\nT\no\n:\nA\np\np\nl\ne\n \nA\np\np\n \nR\ne\nv\ni\ne\nw\n \nT\ne\na\nm\n \nA\np\np\nl\ne\n \nI\nn\nc\n.\nS\nu\nb\nj\ne\nc\nt\n:\n \nA\nu\nt\nh\no\nr\ni\nz\na\nt\ni\no\nn\n \nf\no\nr\n \nU\ns\ne\n \no\nf\n \nA\nu\nd\ni\no\n/\nV\ni\nd\ne\no\n \nC\no\nn\nt\ne\nn\nt\n \nT\nh\ni\ns\n \nl\ne\nt\nt\ne\nr\n \nc\no\nn\nf\ni\nr\nm\ns\n \nt\nh\na\nt\n \nP\nr\no\nj\no\nn\nm\no\n \nT\ne\nl\ne\nv\ni\ns\ni\no\nn\n \nh\na\ns\n \no\nb\nt\na\ni\nn\ne\nd\n \nt\nh\ne\n \nn\ne\nc\ne\ns\ns\na\nr\ny\n \nr\ni\ng\nh\nt\ns\n \na\nn\nd\n \np\ne\nr\nm\ni\ns\ns\ni\no\nn\ns\n \nt\no\n \ns\nt\nr\ne\na\nm\n \na\nn\nd\n \nd\ni\ns\nt\nr\ni\nb\nu\nt\ne\n \nt\nh\ne\n \na\nu\nd\ni\no\n/\nv\ni\nd\ne\no\n \nc\no\nn\nt\ne\nn\nt\n \ni\nn\nc\nl\nu\nd\ne\nd\n \ni\nn\n \nt\nh\ne\n \na\np\np\nl\ni\nc\na\nt\ni\no\nn\nP\nr\no\nj\no\nn\nm\no\nt\no\n \ns\nt\nr\ne\na\nm\n \na\nn\nd\n \nd\ni\ns\nt\nr\ni\nb\nu\nt\ne\n \nt\nh\ne\n \na\nu\nd\ni\no\n/\nv\ni\nd\ne\no\n \nc\no\nn\nt\ne\nn\nt\n \ni\nn\nc\nl\nu\nd\ne\nd\n \ni\nn\n \nt\nh\ne\n \na\np\np\nl\ni\nc\na\nt\ni\no\nn\nP\nr\no\nj\no\nn\nm\no\n \nT\ne\nl\ne\nv\ni\ns\ni\no\nn\n \n \n(\nA\np\np\n \nS\nt\no\nr\ne\n \nC\no\nn\nn\ne\nc\nt\n \nI\nD\n:\n \n6\n7\n5\n1\n8\n5\n0\n7\n4\n1\n)\n.\n \nW\ne\n \nc\no\nn\nf\ni\nr\nm\n \nt\nh\na\nt\n \nw\ne\n \na\nr\ne\n \na\nu\nt\nh\no\nr\ni\nz\ne\nd\n \nt\no\n \nu\ns\ne\n,\n \nd\ni\ns\np\nl\na\ny\n,\n \na\nn\nd\n \nd\ni\ns\nt\nr\ni\nb\nu\nt\ne\n \nt\nh\ni\ns\n \nc\no\nn\nt\ne\nn\nt\n \nw\ni\nt\nh\ni\nn\n \nt\nh\ne\n \na\np\np\n \ni\nn\n \nc\no\nm\np\nl\ni\na\nn\nc\ne\n \nw\ni\nt\nh\n \nA\np\np\n \nS\nt\no\nr\ne\n \nR\ne\nv\ni\ne\nw\n \nG\nu\ni\nd\ne\nl\ni\nn\ne\n \n5\n.\n2\n.\n3\n \n(\nL\ne\ng\na\nl\n:\n \nI\nn\nt\ne\nl\nl\ne\nc\nt\nu\na\nl\n \nP\nr\no\np\ne\nr\nt\ny\n)\n.\nS\ni\nn\nc\ne\nr\ne\nl\ny\n,\nS\nh\na\nk\ni\nb\n \nH\na\ni\nd\ne\nr\nM\na\nn\na\ng\ni\nn\ng\n \nD\ni\nr\ne\nc\nt\no\nr\nP\nr\no\nj\no\nn\nm\no\nP\nr\no\nj\no\nn\nm\no\n \nT\ne\nl\ne\nv\ni\ns\ni\no\nn', '2025-10-07', 'Normal', 'NBR', 1, NULL, NULL, NULL, NULL, 0, NULL, NULL, NULL, NULL, 0, 2, 3, 'Tested', 1, '2025-10-26 08:45:33', '2025-10-26 08:49:23'),
(12, 'FR-20251026-0012', NULL, '13123', 'ios PAD.pdf', 'uploads/files/cJdzfh0bzLr0gcEzHZYooYzwZxzl58SQIvKziUc6.pdf', 'application/pdf', 1, 'Rights A u t h o r i z a t	i	o	n 	L	e	t	t	e	r\nD\na\nt\ne\n:\n \nS\ne\np\nt\ne\nm\nb\ne\nr\n \n1\n5\n,\n \n2\n0\n2\n5\nT\no\n:\nA\np\np\nl\ne\n \nA\np\np\n \nR\ne\nv\ni\ne\nw\n \nT\ne\na\nm\n \nA\np\np\nl\ne\n \nI\nn\nc\n.\nS\nu\nb\nj\ne\nc\nt\n:\n \nA\nu\nt\nh\no\nr\ni\nz\na\nt\ni\no\nn\n \nf\no\nr\n \nU\ns\ne\n \no\nf\n \nA\nu\nd\ni\no\n/\nV\ni\nd\ne\no\n \nC\no\nn\nt\ne\nn\nt\n \nT\nh\ni\ns\n \nl\ne\nt\nt\ne\nr\n \nc\no\nn\nf\ni\nr\nm\ns\n \nt\nh\na\nt\n \nP\nr\no\nj\no\nn\nm\no\n \nT\ne\nl\ne\nv\ni\ns\ni\no\nn\n \nh\na\ns\n \no\nb\nt\na\ni\nn\ne\nd\n \nt\nh\ne\n \nn\ne\nc\ne\ns\ns\na\nr\ny\n \nr\ni\ng\nh\nt\ns\n \na\nn\nd\n \np\ne\nr\nm\ni\ns\ns\ni\no\nn\ns\n \nt\no\n \ns\nt\nr\ne\na\nm\n \na\nn\nd\n \nd\ni\ns\nt\nr\ni\nb\nu\nt\ne\n \nt\nh\ne\n \na\nu\nd\ni\no\n/\nv\ni\nd\ne\no\n \nc\no\nn\nt\ne\nn\nt\n \ni\nn\nc\nl\nu\nd\ne\nd\n \ni\nn\n \nt\nh\ne\n \na\np\np\nl\ni\nc\na\nt\ni\no\nn\nP\nr\no\nj\no\nn\nm\no\nt\no\n \ns\nt\nr\ne\na\nm\n \na\nn\nd\n \nd\ni\ns\nt\nr\ni\nb\nu\nt\ne\n \nt\nh\ne\n \na\nu\nd\ni\no\n/\nv\ni\nd\ne\no\n \nc\no\nn\nt\ne\nn\nt\n \ni\nn\nc\nl\nu\nd\ne\nd\n \ni\nn\n \nt\nh\ne\n \na\np\np\nl\ni\nc\na\nt\ni\no\nn\nP\nr\no\nj\no\nn\nm\no\n \nT\ne\nl\ne\nv\ni\ns\ni\no\nn\n \n \n(\nA\np\np\n \nS\nt\no\nr\ne\n \nC\no\nn\nn\ne\nc\nt\n \nI\nD\n:\n \n6\n7\n5\n1\n8\n5\n0\n7\n4\n1\n)\n.\n \nW\ne\n \nc\no\nn\nf\ni\nr\nm\n \nt\nh\na\nt\n \nw\ne\n \na\nr\ne\n \na\nu\nt\nh\no\nr\ni\nz\ne\nd\n \nt\no\n \nu\ns\ne\n,\n \nd\ni\ns\np\nl\na\ny\n,\n \na\nn\nd\n \nd\ni\ns\nt\nr\ni\nb\nu\nt\ne\n \nt\nh\ni\ns\n \nc\no\nn\nt\ne\nn\nt\n \nw\ni\nt\nh\ni\nn\n \nt\nh\ne\n \na\np\np\n \ni\nn\n \nc\no\nm\np\nl\ni\na\nn\nc\ne\n \nw\ni\nt\nh\n \nA\np\np\n \nS\nt\no\nr\ne\n \nR\ne\nv\ni\ne\nw\n \nG\nu\ni\nd\ne\nl\ni\nn\ne\n \n5\n.\n2\n.\n3\n \n(\nL\ne\ng\na\nl\n:\n \nI\nn\nt\ne\nl\nl\ne\nc\nt\nu\na\nl\n \nP\nr\no\np\ne\nr\nt\ny\n)\n.\nS\ni\nn\nc\ne\nr\ne\nl\ny\n,\nS\nh\na\nk\ni\nb\n \nH\na\ni\nd\ne\nr\nM\na\nn\na\ng\ni\nn\ng\n \nD\ni\nr\ne\nc\nt\no\nr\nP\nr\no\nj\no\nn\nm\no\nP\nr\no\nj\no\nn\nm\no\n \nT\ne\nl\ne\nv\ni\ns\ni\no\nn', '2025-10-08', 'Normal', 'NBR,BTRC', 1, NULL, NULL, NULL, NULL, 0, NULL, NULL, NULL, NULL, 0, 2, 3, '1312', 1, '2025-10-26 08:50:12', '2025-10-26 08:53:05'),
(28, 'FR-20251030-0021', '123', '1231', 'IMG_20251023_0002.pdf', 'uploads/files/BScQ9E2Gj1IVt4cpSuOKokdo1UuJmgEIwwZFhFBj.pdf', 'application/pdf', 1, '{\"Eqfsft <t(qkq\".t Tfl+-l{\n\"tfuft-stat\ne{qfr-er-c{-r e ry:t-{T w{fu\'r\nq+-6q\'px[ffi-5\nrl(n <l(Et q\'k, ElTlt\n!{eE{R\n{l{-f : \\o.oo.oooo.855.)8.55c.tc.tt1 ffiq: \nW\nfuT : le \\S.o.eo\\c. s1kqqT-CTo T-fr q-dmffrs ffr(o lSnay \n?fs-CE:T ,I{rf0e Eeplft el-{6t aT0e\'tl\nE\"FF RTc{ {R-efrrc ql+rcil {-ce cq, frq-fl(rc-{ qdt-sn \nStrengthening Institutions for\nTransparency and Accountability (SITA) ft{O oCE TIvltr{f RFfE qlT6fl \n$+-A o-q.t T-{t qrT(ql E-{..cft,\nwsigftq aeiq fr-stPl{ fuT\'t qlqT 3&-t c<M rqrc <l-s-{lrra-{ qlI ffi \"strengthening Domestic Reyehue\nMobilization Project (SDRMP)\" ft(T. ffi \nele \n\\s.os.\\ofc EtfrCt q-iEE qT-CqrF CE]T.16 \nq|r\"fcm q-{rTtftE\nqTt qp.6ip Tsf{ Frh1lg{ qkdrfm u1g \nec.ru,.\\oec \nqRRI \n4fta-fl{T Tfrrk{ {FTAT \n\'fft-r-fl4t \nB\"@t T-RlqrT-{\nq-st t&rc qTE ffi \nqsl-< qlmfq*{ F-{t qfl qslx \n{.|,TfiT A${ E\"krETT frrF cqrrfr, sl-s, dfr({.t\'ll-({t\'l s\nEqi dTfu rEiqfqr {rqfq-{ srrA $+-csir qnfitr TTpiffi? B\"F{ AqE {l3\"ff\"tg E\"rqp6\'<rcr-qt\nor:l 1v Q8.ou.\\c \\3 \\c.ob-.ec\' slkcl q-{frg r-sk Fmrd q-{vtft g-s-ca;r \n$rffiE Eeffi ,rkr-da.r pfr-lr4s wd-\n{ffiT w+orbrrfi fu\"I qrc \n\"ffsrl \n{-sr E@ \nT{,f6s EsPrft $fu< {frx?rfrcs q-{crtl-+ qrcfi qrR-{ ryffii r.FI\nE\"rqlrF T-{t qcq \n\"tfu \nTs6lr{ffir:[l-{fiT E fr{Bf firxFTfils M\"Fr QF\"l{ \nqcm \n:\n\"q<rfls q3 fiEls q-fllst TFfiT d{r{ B\'rcnBr{ RnT Cqrtft q-d< +rtrq qlqrq \n?ETr+.o\nffi c(RIfcdT Rls\'\" I\n08l SIEt{-qlT, U\"FF M,fif fllElC{e \"strengthening Domestic Reyenue Mobilization project (SDRMP),\n?f+rs-{ FILT {ffiT \"rMt \nE\"ftk?T {rqTTCT-{ Mrl-r 3frea1*44ffi \n\"I{\'f0s \nEeffi c(AE ffib-{-Gftlrft{K{tllr{\n\"rk$-s-{r furk qrifr-qr-c+s s qrq\'n q-{fure| \nc$<c.k q41ffiE rr wfl-TI{ s-rt qrEt \nl\n@*--\n2p-o\\:r\nGsrsq{rqrd)\nB\"F{tr{\n(Tf{: bstsotsb\"e\nctr{\nErqsfr{qa\'kfiET\'f\n<l\'(Ekqt qG;<\'lql, ur+.t I\nqqrq$tfr,{q{rq{FFt \n3\ns I qqry, qfd-affi-a \nw<-orbmt fr-srt {ksglt T\'ft l{, c\"rc{ <l(qt {\'k, trlolt\n r rf{ftR EimeF +Ts qF{, \n\"fRs-d-{f \nmi6ll{T, rk-i <t<EHffi, fisTt\ne l rffix S{H B\"@F EcI\' s cqlffi\"r ${F fiTx-r Rr.ir rqrffr Tcct[cs-<qTIs qB<, qRfrE EtetBr, ulot \nI\n8 r qtr{ \nTRtqrT-{ erfg cF<, \n\"fRr-H-{T \nft-eT\"f, rfc{ <l(EI {\'k DtelI\na I qfrfiF \n{G< lrqFimr<lfufscf$-61 gl?F-qrmr s qqqrq{frst\'I, ifufuI, r.lr{ {t(El {rF, trlT.tt', '2025-10-09', 'Normal', NULL, 2, 1, '123', '123', '123', 1, 2, NULL, '12312', '123', 1, 2, 3, '2131', 1, '2025-10-30 03:10:59', '2025-10-30 03:11:54'),
(29, 'FR-20251030-0029', '12312', '12313', 'IMG_20251023_0002.pdf', 'uploads/files/UPleih72nXUNm467T2OB6EdFNOJmkUAPwE4QoGhZ.pdf', 'application/pdf', 1, '{\"Eqfsft <t(qkq\".t Tfl+-l{\n\"tfuft-stat\ne{qfr-er-c{-r e ry:t-{T w{fu\'r\nq+-6q\'px[ffi-5\nrl(n <l(Et q\'k, ElTlt\n!{eE{R\n{l{-f : \\o.oo.oooo.855.)8.55c.tc.tt1 ffiq: \nW\nfuT : le \\S.o.eo\\c. s1kqqT-CTo T-fr q-dmffrs ffr(o lSnay \n?fs-CE:T ,I{rf0e Eeplft el-{6t aT0e\'tl\nE\"FF RTc{ {R-efrrc ql+rcil {-ce cq, frq-fl(rc-{ qdt-sn \nStrengthening Institutions for\nTransparency and Accountability (SITA) ft{O oCE TIvltr{f RFfE qlT6fl \n$+-A o-q.t T-{t qrT(ql E-{..cft,\nwsigftq aeiq fr-stPl{ fuT\'t qlqT 3&-t c<M rqrc <l-s-{lrra-{ qlI ffi \"strengthening Domestic Reyehue\nMobilization Project (SDRMP)\" ft(T. ffi \nele \n\\s.os.\\ofc EtfrCt q-iEE qT-CqrF CE]T.16 \nq|r\"fcm q-{rTtftE\nqTt qp.6ip Tsf{ Frh1lg{ qkdrfm u1g \nec.ru,.\\oec \nqRRI \n4fta-fl{T Tfrrk{ {FTAT \n\'fft-r-fl4t \nB\"@t T-RlqrT-{\nq-st t&rc qTE ffi \nqsl-< qlmfq*{ F-{t qfl qslx \n{.|,TfiT A${ E\"krETT frrF cqrrfr, sl-s, dfr({.t\'ll-({t\'l s\nEqi dTfu rEiqfqr {rqfq-{ srrA $+-csir qnfitr TTpiffi? B\"F{ AqE {l3\"ff\"tg E\"rqp6\'<rcr-qt\nor:l 1v Q8.ou.\\c \\3 \\c.ob-.ec\' slkcl q-{frg r-sk Fmrd q-{vtft g-s-ca;r \n$rffiE Eeffi ,rkr-da.r pfr-lr4s wd-\n{ffiT w+orbrrfi fu\"I qrc \n\"ffsrl \n{-sr E@ \nT{,f6s EsPrft $fu< {frx?rfrcs q-{crtl-+ qrcfi qrR-{ ryffii r.FI\nE\"rqlrF T-{t qcq \n\"tfu \nTs6lr{ffir:[l-{fiT E fr{Bf firxFTfils M\"Fr QF\"l{ \nqcm \n:\n\"q<rfls q3 fiEls q-fllst TFfiT d{r{ B\'rcnBr{ RnT Cqrtft q-d< +rtrq qlqrq \n?ETr+.o\nffi c(RIfcdT Rls\'\" I\n08l SIEt{-qlT, U\"FF M,fif fllElC{e \"strengthening Domestic Reyenue Mobilization project (SDRMP),\n?f+rs-{ FILT {ffiT \"rMt \nE\"ftk?T {rqTTCT-{ Mrl-r 3frea1*44ffi \n\"I{\'f0s \nEeffi c(AE ffib-{-Gftlrft{K{tllr{\n\"rk$-s-{r furk qrifr-qr-c+s s qrq\'n q-{fure| \nc$<c.k q41ffiE rr wfl-TI{ s-rt qrEt \nl\n@*--\n2p-o\\:r\nGsrsq{rqrd)\nB\"F{tr{\n(Tf{: bstsotsb\"e\nctr{\nErqsfr{qa\'kfiET\'f\n<l\'(Ekqt qG;<\'lql, ur+.t I\nqqrq$tfr,{q{rq{FFt \n3\ns I qqry, qfd-affi-a \nw<-orbmt fr-srt {ksglt T\'ft l{, c\"rc{ <l(qt {\'k, trlolt\n r rf{ftR EimeF +Ts qF{, \n\"fRs-d-{f \nmi6ll{T, rk-i <t<EHffi, fisTt\ne l rffix S{H B\"@F EcI\' s cqlffi\"r ${F fiTx-r Rr.ir rqrffr Tcct[cs-<qTIs qB<, qRfrE EtetBr, ulot \nI\n8 r qtr{ \nTRtqrT-{ erfg cF<, \n\"fRr-H-{T \nft-eT\"f, rfc{ <l(EI {\'k DtelI\na I qfrfiF \n{G< lrqFimr<lfufscf$-61 gl?F-qrmr s qqqrq{frst\'I, ifufuI, r.lr{ {t(El {rF, trlT.tt', '2025-10-01', 'Urgent', NULL, NULL, 1, 'Sender one', 'Designation', 'Name', 1, 1, 'Receiver', 'Designation 2', 'Name 2', 1, NULL, 1, NULL, 1, '2025-10-30 03:40:27', '2025-10-30 03:40:27'),
(30, 'FR-20251030-0030', '13123', '32423', 'IMG_20251023_0002.pdf', 'uploads/files/hbWNDq6VKmMSYys3JAUm1mhSTnJfdyd7jlKQxi4T.pdf', 'application/pdf', 1, '{\"Eqfsft <t(qkq\".t Tfl+-l{\n\"tfuft-stat\ne{qfr-er-c{-r e ry:t-{T w{fu\'r\nq+-6q\'px[ffi-5\nrl(n <l(Et q\'k, ElTlt\n!{eE{R\n{l{-f : \\o.oo.oooo.855.)8.55c.tc.tt1 ffiq: \nW\nfuT : le \\S.o.eo\\c. s1kqqT-CTo T-fr q-dmffrs ffr(o lSnay \n?fs-CE:T ,I{rf0e Eeplft el-{6t aT0e\'tl\nE\"FF RTc{ {R-efrrc ql+rcil {-ce cq, frq-fl(rc-{ qdt-sn \nStrengthening Institutions for\nTransparency and Accountability (SITA) ft{O oCE TIvltr{f RFfE qlT6fl \n$+-A o-q.t T-{t qrT(ql E-{..cft,\nwsigftq aeiq fr-stPl{ fuT\'t qlqT 3&-t c<M rqrc <l-s-{lrra-{ qlI ffi \"strengthening Domestic Reyehue\nMobilization Project (SDRMP)\" ft(T. ffi \nele \n\\s.os.\\ofc EtfrCt q-iEE qT-CqrF CE]T.16 \nq|r\"fcm q-{rTtftE\nqTt qp.6ip Tsf{ Frh1lg{ qkdrfm u1g \nec.ru,.\\oec \nqRRI \n4fta-fl{T Tfrrk{ {FTAT \n\'fft-r-fl4t \nB\"@t T-RlqrT-{\nq-st t&rc qTE ffi \nqsl-< qlmfq*{ F-{t qfl qslx \n{.|,TfiT A${ E\"krETT frrF cqrrfr, sl-s, dfr({.t\'ll-({t\'l s\nEqi dTfu rEiqfqr {rqfq-{ srrA $+-csir qnfitr TTpiffi? B\"F{ AqE {l3\"ff\"tg E\"rqp6\'<rcr-qt\nor:l 1v Q8.ou.\\c \\3 \\c.ob-.ec\' slkcl q-{frg r-sk Fmrd q-{vtft g-s-ca;r \n$rffiE Eeffi ,rkr-da.r pfr-lr4s wd-\n{ffiT w+orbrrfi fu\"I qrc \n\"ffsrl \n{-sr E@ \nT{,f6s EsPrft $fu< {frx?rfrcs q-{crtl-+ qrcfi qrR-{ ryffii r.FI\nE\"rqlrF T-{t qcq \n\"tfu \nTs6lr{ffir:[l-{fiT E fr{Bf firxFTfils M\"Fr QF\"l{ \nqcm \n:\n\"q<rfls q3 fiEls q-fllst TFfiT d{r{ B\'rcnBr{ RnT Cqrtft q-d< +rtrq qlqrq \n?ETr+.o\nffi c(RIfcdT Rls\'\" I\n08l SIEt{-qlT, U\"FF M,fif fllElC{e \"strengthening Domestic Reyenue Mobilization project (SDRMP),\n?f+rs-{ FILT {ffiT \"rMt \nE\"ftk?T {rqTTCT-{ Mrl-r 3frea1*44ffi \n\"I{\'f0s \nEeffi c(AE ffib-{-Gftlrft{K{tllr{\n\"rk$-s-{r furk qrifr-qr-c+s s qrq\'n q-{fure| \nc$<c.k q41ffiE rr wfl-TI{ s-rt qrEt \nl\n@*--\n2p-o\\:r\nGsrsq{rqrd)\nB\"F{tr{\n(Tf{: bstsotsb\"e\nctr{\nErqsfr{qa\'kfiET\'f\n<l\'(Ekqt qG;<\'lql, ur+.t I\nqqrq$tfr,{q{rq{FFt \n3\ns I qqry, qfd-affi-a \nw<-orbmt fr-srt {ksglt T\'ft l{, c\"rc{ <l(qt {\'k, trlolt\n r rf{ftR EimeF +Ts qF{, \n\"fRs-d-{f \nmi6ll{T, rk-i <t<EHffi, fisTt\ne l rffix S{H B\"@F EcI\' s cqlffi\"r ${F fiTx-r Rr.ir rqrffr Tcct[cs-<qTIs qB<, qRfrE EtetBr, ulot \nI\n8 r qtr{ \nTRtqrT-{ erfg cF<, \n\"fRr-H-{T \nft-eT\"f, rfc{ <l(EI {\'k DtelI\na I qfrfiF \n{G< lrqFimr<lfufscf$-61 gl?F-qrmr s qqqrq{frst\'I, ifufuI, r.lr{ {t(El {rF, trlT.tt', '2025-10-08', 'Urgent', NULL, NULL, 1, NULL, '23432', '23424', 1, 1, '23432', '234', '234324', 1, NULL, 1, NULL, 1, '2025-10-30 03:43:08', '2025-10-30 03:43:08'),
(31, 'FR-20251030-0031', '13123', '12213', 'IMG_20251023_0002.pdf', 'uploads/files/g5VfU1xdt6MJRGmp5AVh2I4pBro0EZreFx2h4jB4.pdf', 'application/pdf', 1, '{\"Eqfsft <t(qkq\".t Tfl+-l{\n\"tfuft-stat\ne{qfr-er-c{-r e ry:t-{T w{fu\'r\nq+-6q\'px[ffi-5\nrl(n <l(Et q\'k, ElTlt\n!{eE{R\n{l{-f : \\o.oo.oooo.855.)8.55c.tc.tt1 ffiq: \nW\nfuT : le \\S.o.eo\\c. s1kqqT-CTo T-fr q-dmffrs ffr(o lSnay \n?fs-CE:T ,I{rf0e Eeplft el-{6t aT0e\'tl\nE\"FF RTc{ {R-efrrc ql+rcil {-ce cq, frq-fl(rc-{ qdt-sn \nStrengthening Institutions for\nTransparency and Accountability (SITA) ft{O oCE TIvltr{f RFfE qlT6fl \n$+-A o-q.t T-{t qrT(ql E-{..cft,\nwsigftq aeiq fr-stPl{ fuT\'t qlqT 3&-t c<M rqrc <l-s-{lrra-{ qlI ffi \"strengthening Domestic Reyehue\nMobilization Project (SDRMP)\" ft(T. ffi \nele \n\\s.os.\\ofc EtfrCt q-iEE qT-CqrF CE]T.16 \nq|r\"fcm q-{rTtftE\nqTt qp.6ip Tsf{ Frh1lg{ qkdrfm u1g \nec.ru,.\\oec \nqRRI \n4fta-fl{T Tfrrk{ {FTAT \n\'fft-r-fl4t \nB\"@t T-RlqrT-{\nq-st t&rc qTE ffi \nqsl-< qlmfq*{ F-{t qfl qslx \n{.|,TfiT A${ E\"krETT frrF cqrrfr, sl-s, dfr({.t\'ll-({t\'l s\nEqi dTfu rEiqfqr {rqfq-{ srrA $+-csir qnfitr TTpiffi? B\"F{ AqE {l3\"ff\"tg E\"rqp6\'<rcr-qt\nor:l 1v Q8.ou.\\c \\3 \\c.ob-.ec\' slkcl q-{frg r-sk Fmrd q-{vtft g-s-ca;r \n$rffiE Eeffi ,rkr-da.r pfr-lr4s wd-\n{ffiT w+orbrrfi fu\"I qrc \n\"ffsrl \n{-sr E@ \nT{,f6s EsPrft $fu< {frx?rfrcs q-{crtl-+ qrcfi qrR-{ ryffii r.FI\nE\"rqlrF T-{t qcq \n\"tfu \nTs6lr{ffir:[l-{fiT E fr{Bf firxFTfils M\"Fr QF\"l{ \nqcm \n:\n\"q<rfls q3 fiEls q-fllst TFfiT d{r{ B\'rcnBr{ RnT Cqrtft q-d< +rtrq qlqrq \n?ETr+.o\nffi c(RIfcdT Rls\'\" I\n08l SIEt{-qlT, U\"FF M,fif fllElC{e \"strengthening Domestic Reyenue Mobilization project (SDRMP),\n?f+rs-{ FILT {ffiT \"rMt \nE\"ftk?T {rqTTCT-{ Mrl-r 3frea1*44ffi \n\"I{\'f0s \nEeffi c(AE ffib-{-Gftlrft{K{tllr{\n\"rk$-s-{r furk qrifr-qr-c+s s qrq\'n q-{fure| \nc$<c.k q41ffiE rr wfl-TI{ s-rt qrEt \nl\n@*--\n2p-o\\:r\nGsrsq{rqrd)\nB\"F{tr{\n(Tf{: bstsotsb\"e\nctr{\nErqsfr{qa\'kfiET\'f\n<l\'(Ekqt qG;<\'lql, ur+.t I\nqqrq$tfr,{q{rq{FFt \n3\ns I qqry, qfd-affi-a \nw<-orbmt fr-srt {ksglt T\'ft l{, c\"rc{ <l(qt {\'k, trlolt\n r rf{ftR EimeF +Ts qF{, \n\"fRs-d-{f \nmi6ll{T, rk-i <t<EHffi, fisTt\ne l rffix S{H B\"@F EcI\' s cqlffi\"r ${F fiTx-r Rr.ir rqrffr Tcct[cs-<qTIs qB<, qRfrE EtetBr, ulot \nI\n8 r qtr{ \nTRtqrT-{ erfg cF<, \n\"fRr-H-{T \nft-eT\"f, rfc{ <l(EI {\'k DtelI\na I qfrfiF \n{G< lrqFimr<lfufscf$-61 gl?F-qrmr s qqqrq{frst\'I, ifufuI, r.lr{ {t(El {rF, trlT.tt', '2025-10-08', 'Very Urgent', NULL, NULL, 1, NULL, '1231', NULL, 1, 2, NULL, '123', '123', 1, NULL, 1, NULL, 1, '2025-10-30 03:51:46', '2025-10-30 03:51:46'),
(32, 'FR-20251030-0032', 'wr', 'wer', 'IMG_20251023_0002.pdf', 'uploads/files/uVyFQ0U2GzFPr490O0gh2DSNbN5jEXVTIplyU8aY.pdf', 'application/pdf', 1, '{\"Eqfsft <t(qkq\".t Tfl+-l{\n\"tfuft-stat\ne{qfr-er-c{-r e ry:t-{T w{fu\'r\nq+-6q\'px[ffi-5\nrl(n <l(Et q\'k, ElTlt\n!{eE{R\n{l{-f : \\o.oo.oooo.855.)8.55c.tc.tt1 ffiq: \nW\nfuT : le \\S.o.eo\\c. s1kqqT-CTo T-fr q-dmffrs ffr(o lSnay \n?fs-CE:T ,I{rf0e Eeplft el-{6t aT0e\'tl\nE\"FF RTc{ {R-efrrc ql+rcil {-ce cq, frq-fl(rc-{ qdt-sn \nStrengthening Institutions for\nTransparency and Accountability (SITA) ft{O oCE TIvltr{f RFfE qlT6fl \n$+-A o-q.t T-{t qrT(ql E-{..cft,\nwsigftq aeiq fr-stPl{ fuT\'t qlqT 3&-t c<M rqrc <l-s-{lrra-{ qlI ffi \"strengthening Domestic Reyehue\nMobilization Project (SDRMP)\" ft(T. ffi \nele \n\\s.os.\\ofc EtfrCt q-iEE qT-CqrF CE]T.16 \nq|r\"fcm q-{rTtftE\nqTt qp.6ip Tsf{ Frh1lg{ qkdrfm u1g \nec.ru,.\\oec \nqRRI \n4fta-fl{T Tfrrk{ {FTAT \n\'fft-r-fl4t \nB\"@t T-RlqrT-{\nq-st t&rc qTE ffi \nqsl-< qlmfq*{ F-{t qfl qslx \n{.|,TfiT A${ E\"krETT frrF cqrrfr, sl-s, dfr({.t\'ll-({t\'l s\nEqi dTfu rEiqfqr {rqfq-{ srrA $+-csir qnfitr TTpiffi? B\"F{ AqE {l3\"ff\"tg E\"rqp6\'<rcr-qt\nor:l 1v Q8.ou.\\c \\3 \\c.ob-.ec\' slkcl q-{frg r-sk Fmrd q-{vtft g-s-ca;r \n$rffiE Eeffi ,rkr-da.r pfr-lr4s wd-\n{ffiT w+orbrrfi fu\"I qrc \n\"ffsrl \n{-sr E@ \nT{,f6s EsPrft $fu< {frx?rfrcs q-{crtl-+ qrcfi qrR-{ ryffii r.FI\nE\"rqlrF T-{t qcq \n\"tfu \nTs6lr{ffir:[l-{fiT E fr{Bf firxFTfils M\"Fr QF\"l{ \nqcm \n:\n\"q<rfls q3 fiEls q-fllst TFfiT d{r{ B\'rcnBr{ RnT Cqrtft q-d< +rtrq qlqrq \n?ETr+.o\nffi c(RIfcdT Rls\'\" I\n08l SIEt{-qlT, U\"FF M,fif fllElC{e \"strengthening Domestic Reyenue Mobilization project (SDRMP),\n?f+rs-{ FILT {ffiT \"rMt \nE\"ftk?T {rqTTCT-{ Mrl-r 3frea1*44ffi \n\"I{\'f0s \nEeffi c(AE ffib-{-Gftlrft{K{tllr{\n\"rk$-s-{r furk qrifr-qr-c+s s qrq\'n q-{fure| \nc$<c.k q41ffiE rr wfl-TI{ s-rt qrEt \nl\n@*--\n2p-o\\:r\nGsrsq{rqrd)\nB\"F{tr{\n(Tf{: bstsotsb\"e\nctr{\nErqsfr{qa\'kfiET\'f\n<l\'(Ekqt qG;<\'lql, ur+.t I\nqqrq$tfr,{q{rq{FFt \n3\ns I qqry, qfd-affi-a \nw<-orbmt fr-srt {ksglt T\'ft l{, c\"rc{ <l(qt {\'k, trlolt\n r rf{ftR EimeF +Ts qF{, \n\"fRs-d-{f \nmi6ll{T, rk-i <t<EHffi, fisTt\ne l rffix S{H B\"@F EcI\' s cqlffi\"r ${F fiTx-r Rr.ir rqrffr Tcct[cs-<qTIs qB<, qRfrE EtetBr, ulot \nI\n8 r qtr{ \nTRtqrT-{ erfg cF<, \n\"fRr-H-{T \nft-eT\"f, rfc{ <l(EI {\'k DtelI\na I qfrfiF \n{G< lrqFimr<lfufscf$-61 gl?F-qrmr s qqqrq{frst\'I, ifufuI, r.lr{ {t(El {rF, trlT.tt', '2025-10-16', 'Very Urgent', NULL, 1, 1, NULL, '13', '13', 1, NULL, 'werwe', 'wr', 'wer', 0, 1, 2, NULL, 1, '2025-10-30 03:57:13', '2025-10-30 04:01:30'),
(33, 'FR-20251102-0033', '13123', '12313', 'IMG_20251023_0002.pdf', 'uploads/files/8QFLCRrJmiviXiIn1D9K9plUdoNhGkkA96HsNdY9.pdf', 'application/pdf', NULL, '--- PAGE 1 ---\n  \n   \n-   \n -\n  , \n,    TI\n\n : ....... : __  EE\n :  ..      (SITA)     \n :    - .,.... : .  \n\n     ,   Strengthening Institutions for\nTransparency and Accountability (SITA)          ,\n           Strengthening Domestic Revenue\nMobilization Project (SDRMP)    ..       \n      ..       \n            , ,  \n    SITA        \n  ..  ..           -\n               \n          :\n\n            \n\n  \n\n ,    Strengthening Domestic Revenue Mobilization Project (SDRMP)\n           - \n  -         \n\n22120127\n(Ft )\n\n : \n\n  \n , \n\n    :\n\nSI , -  ,  ,   , \n\n    ,  , - , \n\n             ,  ,  |\n81    ,  ,   , \n\n     , -   ,  ,   , ', '2025-10-27', 'Urgent', NULL, NULL, NULL, '123', '12312', '123', 0, NULL, 'qeq', 'qewq', 'qeqe', 0, NULL, 1, NULL, 1, '2025-11-02 10:37:09', '2025-11-02 10:37:31');

-- --------------------------------------------------------

--
-- Table structure for table `file_status`
--

CREATE TABLE `file_status` (
  `id` bigint(20) UNSIGNED NOT NULL,
  `name` varchar(100) NOT NULL,
  `is_active` tinyint(1) NOT NULL DEFAULT 1 COMMENT '1 = Active, 0 = Inactive',
  `created_at` timestamp NULL DEFAULT current_timestamp(),
  `updated_at` timestamp NULL DEFAULT current_timestamp() ON UPDATE current_timestamp()
) ENGINE=InnoDB DEFAULT CHARSET=utf8mb4 COLLATE=utf8mb4_unicode_ci;

--
-- Dumping data for table `file_status`
--

INSERT INTO `file_status` (`id`, `name`, `is_active`, `created_at`, `updated_at`) VALUES
(1, 'Initiated', 1, '2025-10-12 01:22:21', '2025-10-12 01:22:21'),
(2, 'Desk Assigned', 1, '2025-10-12 01:22:21', '2025-10-12 01:22:21'),
(3, 'Accepted', 1, '2025-10-12 01:22:21', '2025-10-12 01:22:21'),
(4, 'Rejected', 1, '2025-10-12 01:22:21', '2025-10-12 01:22:21'),
(5, 'Archived', 0, '2025-10-12 01:22:21', '2025-10-12 01:22:21');

-- --------------------------------------------------------

--
-- Table structure for table `jobs`
--

CREATE TABLE `jobs` (
  `id` bigint(20) UNSIGNED NOT NULL,
  `queue` varchar(255) NOT NULL,
  `payload` longtext NOT NULL,
  `attempts` tinyint(3) UNSIGNED NOT NULL,
  `reserved_at` int(10) UNSIGNED DEFAULT NULL,
  `available_at` int(10) UNSIGNED NOT NULL,
  `created_at` int(10) UNSIGNED NOT NULL
) ENGINE=InnoDB DEFAULT CHARSET=utf8mb4 COLLATE=utf8mb4_unicode_ci;

-- --------------------------------------------------------

--
-- Table structure for table `job_batches`
--

CREATE TABLE `job_batches` (
  `id` varchar(255) NOT NULL,
  `name` varchar(255) NOT NULL,
  `total_jobs` int(11) NOT NULL,
  `pending_jobs` int(11) NOT NULL,
  `failed_jobs` int(11) NOT NULL,
  `failed_job_ids` longtext NOT NULL,
  `options` mediumtext DEFAULT NULL,
  `cancelled_at` int(11) DEFAULT NULL,
  `created_at` int(11) NOT NULL,
  `finished_at` int(11) DEFAULT NULL
) ENGINE=InnoDB DEFAULT CHARSET=utf8mb4 COLLATE=utf8mb4_unicode_ci;

-- --------------------------------------------------------

--
-- Table structure for table `migrations`
--

CREATE TABLE `migrations` (
  `id` int(10) UNSIGNED NOT NULL,
  `migration` varchar(255) NOT NULL,
  `batch` int(11) NOT NULL
) ENGINE=InnoDB DEFAULT CHARSET=utf8mb4 COLLATE=utf8mb4_unicode_ci;

--
-- Dumping data for table `migrations`
--

INSERT INTO `migrations` (`id`, `migration`, `batch`) VALUES
(1, '0001_01_01_000000_create_users_table', 1),
(2, '0001_01_01_000001_create_cache_table', 1),
(3, '0001_01_01_000002_create_jobs_table', 1),
(4, '2025_07_25_114226_create_permission_tables', 1),
(5, '2025_07_26_104606_add_extra_fields_to_users_table', 1),
(6, '2025_07_28_100449_create_land_purchases_table', 1),
(7, '2025_07_29_103205_land_sale', 1),
(8, '2025_08_01_040913_create_investor_balance_histories_table', 1),
(9, '2025_08_01_070203_create_purchase_installments_table', 1),
(10, '2025_08_01_105008_create_sale_installments_table', 1),
(11, '2025_08_01_105350_create_investments_table', 1),
(12, '2025_08_02_122412_create_transactions_table', 1),
(13, '2025_08_12_025916_land', 2),
(14, '2025_08_18_110718_create_options_table', 3);

-- --------------------------------------------------------

--
-- Table structure for table `model_has_permissions`
--

CREATE TABLE `model_has_permissions` (
  `permission_id` bigint(20) UNSIGNED NOT NULL,
  `model_type` varchar(255) NOT NULL,
  `model_id` bigint(20) UNSIGNED NOT NULL
) ENGINE=InnoDB DEFAULT CHARSET=utf8mb4 COLLATE=utf8mb4_unicode_ci;

-- --------------------------------------------------------

--
-- Table structure for table `model_has_roles`
--

CREATE TABLE `model_has_roles` (
  `role_id` bigint(20) UNSIGNED NOT NULL,
  `model_type` varchar(255) NOT NULL,
  `model_id` bigint(20) UNSIGNED NOT NULL
) ENGINE=InnoDB DEFAULT CHARSET=utf8mb4 COLLATE=utf8mb4_unicode_ci;

--
-- Dumping data for table `model_has_roles`
--

INSERT INTO `model_has_roles` (`role_id`, `model_type`, `model_id`) VALUES
(1, 'App\\Models\\User', 1),
(1, 'App\\Models\\User', 3),
(1, 'App\\Models\\User', 4),
(1, 'App\\Models\\User', 5),
(1, 'App\\Models\\User', 7),
(1, 'App\\Models\\User', 8),
(2, 'App\\Models\\User', 2),
(2, 'App\\Models\\User', 3),
(2, 'App\\Models\\User', 4),
(2, 'App\\Models\\User', 6),
(2, 'App\\Models\\User', 9),
(2, 'App\\Models\\User', 10),
(2, 'App\\Models\\User', 11),
(2, 'App\\Models\\User', 12);

-- --------------------------------------------------------

--
-- Table structure for table `onulipi_departments`
--

CREATE TABLE `onulipi_departments` (
  `id` bigint(20) UNSIGNED NOT NULL,
  `file_id` bigint(20) UNSIGNED NOT NULL,
  `department_id` bigint(20) UNSIGNED DEFAULT NULL,
  `custom_department_name` varchar(255) DEFAULT NULL,
  `created_at` timestamp NULL DEFAULT NULL,
  `updated_at` timestamp NULL DEFAULT NULL
) ENGINE=InnoDB DEFAULT CHARSET=utf8mb4 COLLATE=utf8mb4_unicode_ci;

--
-- Dumping data for table `onulipi_departments`
--

INSERT INTO `onulipi_departments` (`id`, `file_id`, `department_id`, `custom_department_name`, `created_at`, `updated_at`) VALUES
(1, 28, NULL, '132313', '2025-10-30 03:10:59', '2025-10-30 03:10:59'),
(2, 28, 1, NULL, '2025-10-30 03:10:59', '2025-10-30 03:10:59'),
(3, 29, NULL, '342424', '2025-10-30 03:40:27', '2025-10-30 03:40:27'),
(4, 29, 2, NULL, '2025-10-30 03:40:27', '2025-10-30 03:40:27'),
(5, 30, NULL, '23434', '2025-10-30 03:43:08', '2025-10-30 03:43:08'),
(6, 30, 1, NULL, '2025-10-30 03:43:08', '2025-10-30 03:43:08'),
(7, 31, NULL, '123132', '2025-10-30 03:51:46', '2025-10-30 03:51:46'),
(8, 31, 1, NULL, '2025-10-30 03:51:46', '2025-10-30 03:51:46'),
(9, 32, NULL, '1231', '2025-10-30 03:57:13', '2025-10-30 03:57:13'),
(10, 32, NULL, '123', '2025-10-30 03:57:13', '2025-10-30 03:57:13'),
(11, 33, NULL, 'qeqe', '2025-11-02 10:37:32', '2025-11-02 10:37:32');

-- --------------------------------------------------------

--
-- Table structure for table `options`
--

CREATE TABLE `options` (
  `id` bigint(20) UNSIGNED NOT NULL,
  `option_name` varchar(255) NOT NULL,
  `option_value` text DEFAULT NULL,
  `created_at` timestamp NULL DEFAULT NULL,
  `updated_at` timestamp NULL DEFAULT NULL
) ENGINE=InnoDB DEFAULT CHARSET=utf8mb4 COLLATE=utf8mb4_unicode_ci;

--
-- Dumping data for table `options`
--

INSERT INTO `options` (`id`, `option_name`, `option_value`, `created_at`, `updated_at`) VALUES
(1, 'global_balance', '552890', '2025-08-18 11:11:11', '2025-09-06 22:26:18'),
(2, 'receivable', '0', '2025-08-18 11:11:11', '2025-09-06 22:26:18'),
(3, 'payable', '4985624', '2025-08-18 11:11:11', '2025-09-06 22:21:46');

-- --------------------------------------------------------

--
-- Table structure for table `password_reset_tokens`
--

CREATE TABLE `password_reset_tokens` (
  `email` varchar(255) NOT NULL,
  `token` varchar(255) NOT NULL,
  `created_at` timestamp NULL DEFAULT NULL
) ENGINE=InnoDB DEFAULT CHARSET=utf8mb4 COLLATE=utf8mb4_unicode_ci;

-- --------------------------------------------------------

--
-- Table structure for table `permissions`
--

CREATE TABLE `permissions` (
  `id` bigint(20) UNSIGNED NOT NULL,
  `name` varchar(255) NOT NULL,
  `guard_name` varchar(255) NOT NULL,
  `created_at` timestamp NULL DEFAULT NULL,
  `updated_at` timestamp NULL DEFAULT NULL
) ENGINE=InnoDB DEFAULT CHARSET=utf8mb4 COLLATE=utf8mb4_unicode_ci;

--
-- Dumping data for table `permissions`
--

INSERT INTO `permissions` (`id`, `name`, `guard_name`, `created_at`, `updated_at`) VALUES
(1, 'role.view', 'web', '2025-08-10 08:42:33', '2025-08-10 08:42:33'),
(2, 'role.edit', 'web', '2025-08-10 08:42:33', '2025-08-10 08:42:33'),
(3, 'role.create', 'web', '2025-08-10 08:42:33', '2025-08-10 08:42:33'),
(4, 'role.show', 'web', '2025-08-10 08:42:33', '2025-08-10 08:42:33'),
(5, 'role.delete', 'web', '2025-08-10 08:42:33', '2025-08-10 08:42:33'),
(6, 'user.view', 'web', '2025-08-10 08:42:33', '2025-08-10 08:42:33'),
(7, 'user.show', 'web', '2025-08-10 08:42:33', '2025-08-10 08:42:33'),
(8, 'user.edit', 'web', '2025-08-10 08:42:33', '2025-08-10 08:42:33'),
(9, 'user.create', 'web', '2025-08-10 08:42:33', '2025-08-10 08:42:33'),
(10, 'user.delete', 'web', '2025-08-10 08:42:33', '2025-08-10 08:42:33');

-- --------------------------------------------------------

--
-- Table structure for table `projects`
--

CREATE TABLE `projects` (
  `id` bigint(20) UNSIGNED NOT NULL,
  `name` varchar(255) NOT NULL,
  `description` text DEFAULT NULL,
  `client_name` varchar(255) DEFAULT NULL,
  `start_date` date DEFAULT NULL,
  `end_date` date DEFAULT NULL,
  `budget` decimal(15,2) DEFAULT NULL,
  `status` enum('Ongoing','Completed','Pending','Cancelled') DEFAULT 'Ongoing',
  `created_at` timestamp NULL DEFAULT current_timestamp(),
  `updated_at` timestamp NULL DEFAULT current_timestamp() ON UPDATE current_timestamp()
) ENGINE=InnoDB DEFAULT CHARSET=utf8mb4 COLLATE=utf8mb4_unicode_ci;

--
-- Dumping data for table `projects`
--

INSERT INTO `projects` (`id`, `name`, `description`, `client_name`, `start_date`, `end_date`, `budget`, `status`, `created_at`, `updated_at`) VALUES
(1, 'Digital Bangladesh ICT Capacity Development Project', 'A national initiative to enhance ICT skills and infrastructure to achieve Smart Bangladesh goals.', 'ICT Division', NULL, NULL, NULL, 'Ongoing', '2025-10-15 04:47:15', '2025-10-15 04:47:15'),
(2, 'National E-Governance Infrastructure (NEGI) Expansion Project', 'Expansion of the NEGI platform to support digital government services.', 'ICT Division', NULL, NULL, NULL, 'Ongoing', '2025-10-15 04:47:15', '2025-10-15 04:47:15'),
(3, 'Integrated Digital Tax and Revenue Management System', 'Development of an integrated tax and revenue collection system using ICT.', 'National Board of Revenue', NULL, NULL, NULL, 'Ongoing', '2025-10-15 04:47:15', '2025-10-15 04:47:15'),
(4, 'Smart Bangladesh ICT Infrastructure Development Project', 'Improving ICT backbone infrastructure to support Smart Bangladesh Vision 2041.', 'ICT Division', NULL, NULL, NULL, 'Ongoing', '2025-10-15 04:47:15', '2025-10-15 04:47:15'),
(5, 'Bangladesh Data Center and Cloud Services Project', 'Establishing secure government cloud and national data centers.', 'Bangladesh Computer Council', NULL, NULL, NULL, 'Ongoing', '2025-10-15 04:47:15', '2025-10-15 04:47:15'),
(6, 'Cyber Security Strengthening and Digital Forensics Project', 'Enhancing cybersecurity resilience and developing national digital forensic capabilities.', 'Digital Security Agency', NULL, NULL, NULL, 'Ongoing', '2025-10-15 04:47:15', '2025-10-15 04:47:15'),
(7, 'National Digital Payment Gateway Integration Project', 'Integrating secure digital payment systems for government services.', 'Bangladesh Bank', NULL, NULL, NULL, 'Ongoing', '2025-10-15 04:47:15', '2025-10-15 04:47:15'),
(8, 'ICT Innovation and Startup Ecosystem Development Project', 'Fostering ICT startups and innovation hubs across Bangladesh.', 'Innovation Design and Entrepreneurship Academy (iDEA)', NULL, NULL, NULL, 'Ongoing', '2025-10-15 04:47:15', '2025-10-15 04:47:15'),
(9, 'Digital Education and E-Learning Platform Project', 'Creating nationwide digital education and e-learning ecosystems.', 'Ministry of Education', NULL, NULL, NULL, 'Ongoing', '2025-10-15 04:47:15', '2025-10-15 04:47:15'),
(10, 'ICT Training and Human Resource Skill Enhancement Program', 'Capacity development and advanced ICT training for government officials and youth.', 'ICT Division', NULL, NULL, NULL, 'Ongoing', '2025-10-15 04:47:15', '2025-10-15 04:47:15'),
(11, 'E-Procurement and Digital Tendering Automation Project', 'Automation of public procurement through an online e-GP system.', 'CPTU (Central Procurement Technical Unit)', NULL, NULL, NULL, 'Ongoing', '2025-10-15 04:47:15', '2025-10-15 04:47:15'),
(12, 'Digital Document and Record Management System (DDMS)', 'Establishing secure digital documentation and record-keeping systems.', 'ICT Division', NULL, NULL, NULL, 'Ongoing', '2025-10-15 04:47:15', '2025-10-15 04:47:15'),
(13, 'Smart City Management and IoT Infrastructure Project', 'Implementing IoT-based smart city solutions in major urban areas.', 'ICT Division', NULL, NULL, NULL, 'Ongoing', '2025-10-15 04:47:15', '2025-10-15 04:47:15'),
(14, 'AI & Data Analytics Center of Excellence Project', 'Developing national capacity in AI and Big Data analytics.', 'ICT Division', NULL, NULL, NULL, 'Ongoing', '2025-10-15 04:47:15', '2025-10-15 04:47:15'),
(15, 'Digital Connectivity and Network Expansion Project', 'Expanding high-speed digital connectivity across Bangladesh.', 'Bangladesh Telecommunication Regulatory Commission', NULL, NULL, NULL, 'Ongoing', '2025-10-15 04:47:15', '2025-10-15 04:47:15');

-- --------------------------------------------------------

--
-- Table structure for table `roles`
--

CREATE TABLE `roles` (
  `id` bigint(20) UNSIGNED NOT NULL,
  `name` varchar(255) NOT NULL,
  `guard_name` varchar(255) NOT NULL,
  `created_at` timestamp NULL DEFAULT NULL,
  `updated_at` timestamp NULL DEFAULT NULL
) ENGINE=InnoDB DEFAULT CHARSET=utf8mb4 COLLATE=utf8mb4_unicode_ci;

--
-- Dumping data for table `roles`
--

INSERT INTO `roles` (`id`, `name`, `guard_name`, `created_at`, `updated_at`) VALUES
(1, 'Admin', 'web', '2025-08-10 08:42:57', '2025-08-10 08:42:57'),
(2, 'Desk Officer', 'web', '2025-09-02 00:26:26', '2025-10-11 21:51:29'),
(3, 'Department Chief', 'web', '2025-10-08 03:23:36', '2025-10-11 21:52:58');

-- --------------------------------------------------------

--
-- Table structure for table `role_has_permissions`
--

CREATE TABLE `role_has_permissions` (
  `permission_id` bigint(20) UNSIGNED NOT NULL,
  `role_id` bigint(20) UNSIGNED NOT NULL
) ENGINE=InnoDB DEFAULT CHARSET=utf8mb4 COLLATE=utf8mb4_unicode_ci;

--
-- Dumping data for table `role_has_permissions`
--

INSERT INTO `role_has_permissions` (`permission_id`, `role_id`) VALUES
(1, 1),
(1, 3),
(2, 1),
(2, 2),
(2, 3),
(3, 1),
(3, 3),
(4, 1),
(4, 3),
(5, 1),
(5, 3),
(6, 1),
(6, 2),
(6, 3),
(7, 1),
(7, 2),
(7, 3),
(8, 1),
(8, 2),
(8, 3),
(9, 1),
(9, 3),
(10, 2),
(10, 3);

-- --------------------------------------------------------

--
-- Table structure for table `sessions`
--

CREATE TABLE `sessions` (
  `id` varchar(255) NOT NULL,
  `user_id` bigint(20) UNSIGNED DEFAULT NULL,
  `ip_address` varchar(45) DEFAULT NULL,
  `user_agent` text DEFAULT NULL,
  `payload` longtext NOT NULL,
  `last_activity` int(11) NOT NULL
) ENGINE=InnoDB DEFAULT CHARSET=utf8mb4 COLLATE=utf8mb4_unicode_ci;

--
-- Dumping data for table `sessions`
--

INSERT INTO `sessions` (`id`, `user_id`, `ip_address`, `user_agent`, `payload`, `last_activity`) VALUES
('Ek7zsVIor4ST2P886Ng2S2khrW1Ms3SK8SnUfqOW', 1, '127.0.0.1', 'Mozilla/5.0 (Windows NT 10.0; Win64; x64) AppleWebKit/537.36 (KHTML, like Gecko) Chrome/143.0.0.0 Safari/537.36', 'YTo0OntzOjY6Il90b2tlbiI7czo0MDoicW9nTTFOeDFhQnh1NnVadHhTYnp2UlN3S2hIN3pNb3NsYmd2c1Z6VyI7czo5OiJfcHJldmlvdXMiO2E6MTp7czozOiJ1cmwiO3M6NTI6Imh0dHA6Ly9sb2NhbGhvc3Q6ODAwMC90cmFuc2FjdGlvbnMvNjM/dGFnPXdpdGglMjB2YXQiO31zOjY6Il9mbGFzaCI7YToyOntzOjM6Im9sZCI7YTowOnt9czozOiJuZXciO2E6MDp7fX1zOjUwOiJsb2dpbl93ZWJfNTliYTM2YWRkYzJiMmY5NDAxNTgwZjAxNGM3ZjU4ZWE0ZTMwOTg5ZCI7aToxO30=', 1766303236),
('pdzcyEXCZQpooX5kKZ2udwKL2QewBMme1AOOWsIk', 1, '127.0.0.1', 'Mozilla/5.0 (Windows NT 10.0; Win64; x64) AppleWebKit/537.36 (KHTML, like Gecko) Chrome/143.0.0.0 Safari/537.36', 'YTo0OntzOjY6Il90b2tlbiI7czo0MDoidThPV0l2T05ZSE9JN2s2ZmkwVFllbWhuYm9vOWl3ZEw5cUNOSk5nRiI7czo2OiJfZmxhc2giO2E6Mjp7czozOiJvbGQiO2E6MDp7fXM6MzoibmV3IjthOjA6e319czo5OiJfcHJldmlvdXMiO2E6MTp7czozOiJ1cmwiO3M6NDc6Imh0dHA6Ly9sb2NhbGhvc3Q6ODAwMC9zdGF0ZW1lbnQtYW5hbHlzaXMvY3JlYXRlIjt9czo1MDoibG9naW5fd2ViXzU5YmEzNmFkZGMyYjJmOTQwMTU4MGYwMTRjN2Y1OGVhNGUzMDk4OWQiO2k6MTt9', 1766301461);

-- --------------------------------------------------------

--
-- Table structure for table `statement_tags`
--

CREATE TABLE `statement_tags` (
  `id` bigint(20) UNSIGNED NOT NULL,
  `file_id` bigint(20) UNSIGNED NOT NULL,
  `tag` varchar(255) NOT NULL,
  `count` int(11) NOT NULL DEFAULT 0,
  `created_at` timestamp NULL DEFAULT NULL,
  `updated_at` timestamp NULL DEFAULT NULL
) ENGINE=InnoDB DEFAULT CHARSET=utf8mb4 COLLATE=utf8mb4_unicode_ci;

--
-- Dumping data for table `statement_tags`
--

INSERT INTO `statement_tags` (`id`, `file_id`, `tag`, `count`, `created_at`, `updated_at`) VALUES
(1, 63, 'cash deposit', 7, '2025-11-29 06:44:02', '2025-11-29 06:44:02'),
(2, 63, 'deposit', 7, '2025-11-29 06:44:02', '2025-11-29 06:44:02'),
(3, 63, 'cash', 7, '2025-11-29 06:44:02', '2025-11-29 06:44:02'),
(4, 63, 'fee', 6, '2025-11-29 06:44:02', '2025-11-29 06:44:02'),
(5, 63, 'with', 6, '2025-11-29 06:44:02', '2025-11-29 06:44:02'),
(6, 63, 'with vat', 6, '2025-11-29 06:44:02', '2025-11-29 06:44:02'),
(7, 63, 'vat', 16, '2025-11-29 06:44:02', '2025-11-29 06:44:02'),
(8, 63, 'debit', 5, '2025-11-29 06:44:02', '2025-11-29 06:44:02'),
(9, 63, 'charge', 8, '2025-11-29 06:44:02', '2025-11-29 06:44:02'),
(10, 63, 'on', 10, '2025-11-29 06:44:02', '2025-11-29 06:44:02'),
(11, 63, '999or07202328357', 7, '2025-11-29 06:44:02', '2025-11-29 06:44:02'),
(12, 63, 'on 999or07202328357', 5, '2025-11-29 06:44:02', '2025-11-29 06:44:02'),
(13, 63, 'transfer', 5, '2025-11-29 06:44:02', '2025-11-29 06:44:02'),
(14, 63, '116i144bdt', 6, '2025-11-29 06:44:02', '2025-11-29 06:44:02'),
(15, 63, '1161440397416', 10, '2025-11-29 06:44:02', '2025-11-29 06:44:02'),
(16, 63, '00001', 6, '2025-11-29 06:44:02', '2025-11-29 06:44:02'),
(17, 63, '1161440397416 116i144bdt', 6, '2025-11-29 06:44:02', '2025-11-29 06:44:02'),
(18, 63, 'account', 5, '2025-11-29 06:44:02', '2025-11-29 06:44:02'),
(19, 63, 'cheque', 5, '2025-11-29 06:44:02', '2025-11-29 06:44:02'),
(20, 63, 'clearing', 5, '2025-11-29 06:44:02', '2025-11-29 06:44:02'),
(21, 63, 'cheque clearing', 5, '2025-11-29 06:44:02', '2025-11-29 06:44:02'),
(22, 63, 'agcheque', 5, '2025-11-29 06:44:02', '2025-11-29 06:44:02'),
(23, 63, 'agcheque no', 5, '2025-11-29 06:44:02', '2025-11-29 06:44:02'),
(24, 63, 'bach service', 5, '2025-11-29 06:44:02', '2025-11-29 06:44:02'),
(25, 63, 'service charge', 5, '2025-11-29 06:44:02', '2025-11-29 06:44:02'),
(26, 63, 'charge with', 5, '2025-11-29 06:44:02', '2025-11-29 06:44:02'),
(27, 63, 'charge vat', 5, '2025-11-29 06:44:02', '2025-11-29 06:44:02'),
(28, 63, 'no', 5, '2025-11-29 06:44:02', '2025-11-29 06:44:02'),
(29, 63, 'vat agcheque', 5, '2025-11-29 06:44:02', '2025-11-29 06:44:02'),
(30, 63, 'vat bach', 5, '2025-11-29 06:44:02', '2025-11-29 06:44:02'),
(31, 63, 'service', 6, '2025-11-29 06:44:02', '2025-11-29 06:44:02'),
(32, 63, 'bach', 5, '2025-11-29 06:44:02', '2025-11-29 06:44:02'),
(33, 63, 'of', 6, '2025-11-29 06:44:02', '2025-11-29 06:44:02'),
(34, 63, 'and', 6, '2025-11-29 06:44:02', '2025-11-29 06:44:02'),
(35, 63, 'fees', 5, '2025-11-29 06:44:02', '2025-11-29 06:44:02');

-- --------------------------------------------------------

--
-- Table structure for table `statement_yearly_summary`
--

CREATE TABLE `statement_yearly_summary` (
  `id` bigint(20) UNSIGNED NOT NULL,
  `statement_id` bigint(20) UNSIGNED NOT NULL,
  `file_id` bigint(20) UNSIGNED NOT NULL,
  `fiscal_year` varchar(9) NOT NULL,
  `total_debit` decimal(18,2) DEFAULT 0.00,
  `total_credit` decimal(18,2) DEFAULT 0.00,
  `credit_interest` decimal(18,2) DEFAULT 0.00,
  `source_tax` decimal(18,2) DEFAULT 0.00,
  `yearend_balance` decimal(18,2) DEFAULT 0.00,
  `created_at` timestamp NULL DEFAULT current_timestamp(),
  `updated_at` timestamp NULL DEFAULT current_timestamp() ON UPDATE current_timestamp()
) ENGINE=InnoDB DEFAULT CHARSET=utf8mb4 COLLATE=utf8mb4_general_ci;

--
-- Dumping data for table `statement_yearly_summary`
--

INSERT INTO `statement_yearly_summary` (`id`, `statement_id`, `file_id`, `fiscal_year`, `total_debit`, `total_credit`, `credit_interest`, `source_tax`, `yearend_balance`, `created_at`, `updated_at`) VALUES
(120, 108, 34, '2017-2018', 0.00, 0.00, 0.00, 0.00, 0.00, '2025-10-11 23:30:06', '2025-10-11 23:30:06'),
(121, 108, 34, '2018-2019', 21853488.00, 22450395.00, 0.00, 0.00, 596907.00, '2025-10-11 23:30:06', '2025-10-11 23:30:06'),
(122, 108, 34, '2019-2020', 26355177.00, 26793052.00, 0.00, 0.00, 1034782.00, '2025-10-11 23:30:06', '2025-10-11 23:30:06'),
(123, 108, 34, '2020-2021', 25133612.00, 24886042.00, 0.00, 0.00, 787212.00, '2025-10-11 23:30:06', '2025-10-11 23:30:06'),
(124, 108, 34, '2021-2022', 28909725.00, 29061482.00, 0.00, 0.00, 938969.00, '2025-10-11 23:30:06', '2025-10-11 23:30:06'),
(125, 108, 34, '2022-2023', 1979222.00, 2365735.00, 0.00, 0.00, 1325482.00, '2025-10-11 23:30:06', '2025-10-11 23:30:06'),
(126, 108, 34, '2023-2024', 6343628.00, 5273989.00, 0.00, 0.00, 255843.00, '2025-10-11 23:30:06', '2025-10-11 23:30:06'),
(127, 108, 34, '2024-2025', 1652.00, 740850.00, 0.00, 0.00, 995041.00, '2025-10-11 23:30:06', '2025-10-11 23:30:06'),
(128, 109, 35, '2019-2020', 0.00, 0.00, 0.00, 0.00, 0.00, '2025-10-11 23:30:06', '2025-10-11 23:30:06'),
(129, 109, 35, '2020-2021', 3024672.46, 3027355.05, 355.05, 35.50, 2682.59, '2025-10-11 23:30:06', '2025-10-11 23:30:06'),
(130, 109, 35, '2021-2022', 1070.00, 0.00, 0.00, 0.00, 1612.59, '2025-10-11 23:30:06', '2025-10-11 23:30:06'),
(131, 109, 35, '2022-2023', 1035.00, 0.00, 0.00, 0.00, 577.59, '2025-10-11 23:30:06', '2025-10-11 23:30:06'),
(144, 138, 57, '2019-2020', 0.00, 0.00, 0.00, 0.00, 0.00, '2025-11-29 03:50:23', '2025-11-29 03:50:23'),
(145, 138, 57, '2020-2021', 3024672.46, 3027355.05, 355.05, 35.50, 2682.59, '2025-11-29 03:50:23', '2025-11-29 03:50:23'),
(146, 138, 57, '2021-2022', 1070.00, 0.00, 0.00, 0.00, 1612.59, '2025-11-29 03:50:23', '2025-11-29 03:50:23'),
(147, 138, 57, '2022-2023', 1035.00, 0.00, 0.00, 0.00, 577.59, '2025-11-29 03:50:23', '2025-11-29 03:50:23'),
(148, 142, 59, '2019-2020', 0.00, 0.00, 0.00, 0.00, 0.00, '2025-11-29 06:19:23', '2025-11-29 06:19:23'),
(149, 142, 59, '2020-2021', 3024672.46, 3027355.05, 355.05, 35.50, 2682.59, '2025-11-29 06:19:23', '2025-11-29 06:19:23'),
(150, 142, 59, '2021-2022', 1070.00, 0.00, 0.00, 0.00, 1612.59, '2025-11-29 06:19:23', '2025-11-29 06:19:23'),
(151, 142, 59, '2022-2023', 1035.00, 0.00, 0.00, 0.00, 577.59, '2025-11-29 06:19:23', '2025-11-29 06:19:23'),
(152, 143, 60, '2019-2020', 0.00, 0.00, 0.00, 0.00, 0.00, '2025-11-29 06:25:51', '2025-11-29 06:25:51'),
(153, 143, 60, '2020-2021', 3024672.46, 3027355.05, 355.05, 35.50, 2682.59, '2025-11-29 06:25:51', '2025-11-29 06:25:51'),
(154, 143, 60, '2021-2022', 1070.00, 0.00, 0.00, 0.00, 1612.59, '2025-11-29 06:25:51', '2025-11-29 06:25:51'),
(155, 143, 60, '2022-2023', 1035.00, 0.00, 0.00, 0.00, 577.59, '2025-11-29 06:25:51', '2025-11-29 06:25:51'),
(156, 146, 63, '2019-2020', 0.00, 0.00, 0.00, 0.00, 0.00, '2025-11-29 06:44:02', '2025-11-29 06:44:02'),
(157, 146, 63, '2020-2021', 3024672.46, 3027355.05, 355.05, 35.50, 2682.59, '2025-11-29 06:44:02', '2025-11-29 06:44:02'),
(158, 146, 63, '2021-2022', 1070.00, 0.00, 0.00, 0.00, 1612.59, '2025-11-29 06:44:02', '2025-11-29 06:44:02'),
(159, 146, 63, '2022-2023', 1035.00, 0.00, 0.00, 0.00, 577.59, '2025-11-29 06:44:02', '2025-11-29 06:44:02');

-- --------------------------------------------------------

--
-- Table structure for table `tokens`
--

CREATE TABLE `tokens` (
  `id` bigint(20) UNSIGNED NOT NULL,
  `token` varchar(255) NOT NULL,
  `expires_at` timestamp NOT NULL DEFAULT current_timestamp() ON UPDATE current_timestamp(),
  `created_at` timestamp NULL DEFAULT current_timestamp(),
  `updated_at` timestamp NULL DEFAULT current_timestamp() ON UPDATE current_timestamp()
) ENGINE=InnoDB DEFAULT CHARSET=utf8mb4 COLLATE=utf8mb4_unicode_ci;

--
-- Dumping data for table `tokens`
--

INSERT INTO `tokens` (`id`, `token`, `expires_at`, `created_at`, `updated_at`) VALUES
(1, '764eca91fb3078d42027d3f4349c09fdb3ae7bc9e3e172b32eaeb22a76ef26fc', '2025-10-11 23:10:16', '2025-10-11 22:55:16', '2025-10-11 22:55:16'),
(2, '5c6e7520d80211d2af1d1ff06a1151bda17b766cbae6fc1d1022eb36f8a0f09c', '2025-10-11 23:30:18', '2025-10-11 23:15:18', '2025-10-11 23:15:18'),
(3, '52fbf3509aebf2e179ab30a9385f1cc7e9c683df14b8a06c4a2ae3626d5e3844', '2025-10-11 23:46:16', '2025-10-11 23:31:16', '2025-10-11 23:31:16'),
(4, '2ea644f3335c38458b131ed977aca500086a4e07e57e01bf4312fd1b5fc5a90a', '2025-10-12 00:04:32', '2025-10-11 23:49:32', '2025-10-11 23:49:32'),
(5, 'cbf10246fbf5e67c9065950b30c190549c6871f29308044ae7001698a097165c', '2025-10-12 00:38:51', '2025-10-12 00:23:51', '2025-10-12 00:23:51'),
(6, 'c34f30b72fb78bfd2ce5e06ce59d18a6ca29c282f7c787e173e12ee4ae423e85', '2025-10-12 00:59:01', '2025-10-12 00:44:01', '2025-10-12 00:44:01'),
(7, 'e2d67d211363f82641f7d34fcc70a8089ca45bc339b85ae39edbbe9ae1f05f7e', '2025-10-12 02:14:08', '2025-10-12 01:59:08', '2025-10-12 01:59:08'),
(8, 'e2d67d211363f82641f7d34fcc70a8089ca45bc339b85ae39edbbe9ae1f05f7e', '2025-10-13 03:37:36', '2025-10-13 03:22:36', '2025-10-13 03:22:36'),
(9, 'e2d67d211363f82641f7d34fcc70a8089ca45bc339b85ae39edbbe9ae1f05f7e', '2025-10-13 23:48:43', '2025-10-13 23:33:43', '2025-10-13 23:33:43'),
(10, 'e2d67d211363f82641f7d34fcc70a8089ca45bc339b85ae39edbbe9ae1f05f7e', '2025-10-14 03:46:49', '2025-10-14 03:31:49', '2025-10-14 03:31:49'),
(11, 'e2d67d211363f82641f7d34fcc70a8089ca45bc339b85ae39edbbe9ae1f05f7e', '2025-10-15 00:01:15', '2025-10-14 23:46:15', '2025-10-14 23:46:15'),
(12, 'e2d67d211363f82641f7d34fcc70a8089ca45bc339b85ae39edbbe9ae1f05f7e', '2025-10-15 00:16:35', '2025-10-15 00:01:35', '2025-10-15 00:01:35'),
(13, 'e2d67d211363f82641f7d34fcc70a8089ca45bc339b85ae39edbbe9ae1f05f7e', '2025-10-15 00:33:02', '2025-10-15 00:18:02', '2025-10-15 00:18:02'),
(14, '72af609f90fb6296d765c341c9c66894cf099a79b150fc37b61e527af6d3775e', '2025-11-28 21:58:16', '2025-11-28 21:43:16', '2025-11-28 21:43:16'),
(15, 'b6739bc347eb5d1b8b1b268bf4e7a5edcb136ba28ad7dc50fe0283c42242e9a0', '2025-11-29 03:22:58', '2025-11-29 03:07:58', '2025-11-29 03:07:58'),
(16, '4fe20542ec721f08e38ca3fdf9871a5161fde750be0f5de76e0955dc0c9e72e8', '2025-11-29 04:00:02', '2025-11-29 03:45:02', '2025-11-29 03:45:02'),
(17, '361c8f0b771ae2782d6a23645a342508801255efce8381e2976d565a64ee98f1', '2025-11-29 04:02:46', '2025-11-29 03:47:46', '2025-11-29 03:47:46'),
(18, 'b70b8bc7d2aa8734a0597d62bea497198f8291ff6b2aab398d36a55dc9a1f67b', '2025-11-29 04:03:26', '2025-11-29 03:48:26', '2025-11-29 03:48:26'),
(19, 'dca63d34620a60241b306b9b826218284371bb63e535d068082b0cb4f91be5dc', '2025-11-29 04:04:46', '2025-11-29 03:49:46', '2025-11-29 03:49:46'),
(20, 'ef72ea87ed4c5007453bac20ccce25c1bbafdb91e9974cf88e792598e512b80d', '2025-11-29 04:43:37', '2025-11-29 04:28:37', '2025-11-29 04:28:37'),
(21, '7dce224bff1e08ea11aeb3b42f0401fa5047422616abcce9d61866d72f1df134', '2025-11-29 06:27:26', '2025-11-29 06:12:26', '2025-11-29 06:12:26'),
(22, '345d77d5cca18486ee4fb8e1b1a6b84f3dabd4231a136c2d70c65d14bcebb24c', '2025-11-29 06:42:44', '2025-11-29 06:27:44', '2025-11-29 06:27:44'),
(23, '6403b725a88dc0d0a13b6211c6a45792c3113b486d4480282b2d56307719b0e2', '2025-11-29 06:58:00', '2025-11-29 06:43:00', '2025-11-29 06:43:00'),
(24, 'ff71fc04f6f944fe69e03db3e172913313d1a918a8e9dadf81f1d0a2dfd82872', '2025-11-29 12:53:10', '2025-11-29 12:38:10', '2025-11-29 12:38:10'),
(25, '61c7fc75f3f657749a4a24d529e977580284c11f5248440a7ba03393f8d2e5e4', '2025-11-29 13:08:10', '2025-11-29 12:53:10', '2025-11-29 12:53:10'),
(26, '932b573d506cbadd2c469ed8ae6c1171465fc3ce3ff8b0230f788284c81f3226', '2025-11-29 13:23:33', '2025-11-29 13:08:33', '2025-11-29 13:08:33'),
(27, '7656d83c538f80555e2c7391e09f18a9b42dec3f1caf3848dcb4ba081c66f64e', '2025-11-29 23:17:04', '2025-11-29 23:02:04', '2025-11-29 23:02:04'),
(28, 'e3f2a2a91999c284ab2358834a261ab98048ee8ccb23add3a481afe218e67077', '2025-11-30 03:27:13', '2025-11-30 03:12:13', '2025-11-30 03:12:13'),
(29, 'd264be7788625cfc44fe7ecee23cebba808e58959ee190c406afb92f71a3db51', '2025-11-30 03:48:56', '2025-11-30 03:33:56', '2025-11-30 03:33:56'),
(30, '7b3f7f2220b60f1b31219428a42e1684ad7e64cd2815cb38f013f2ce06e9dbc7', '2025-11-30 04:08:26', '2025-11-30 03:53:26', '2025-11-30 03:53:26'),
(31, '2d2b19e7204be5458bd78d1c689d8194835fe92189c760c497628b10201136aa', '2025-11-30 05:06:30', '2025-11-30 04:51:30', '2025-11-30 04:51:30'),
(32, 'f11aa1a745a79f107fc28fb669cbf1149dc867cd6f6cfd5ad6b9e0d83f48ccba', '2025-12-21 00:19:53', '2025-12-21 00:04:53', '2025-12-21 00:04:53'),
(33, 'cb3e1d7e4973d82f63323c28eb68d4727688a8fd277032a3e4801e26b0551ed9', '2025-12-21 00:46:39', '2025-12-21 00:31:39', '2025-12-21 00:31:39'),
(34, '101733b3faa1a56799ae560ef64d708e74b5e4f66695feae61fc256b984d0e5b', '2025-12-21 01:04:25', '2025-12-21 00:49:25', '2025-12-21 00:49:25'),
(35, 'bf05d52a16c38b5cef1e61fd68b663236f3aebf5c264422cb8b87fcd8741d050', '2025-12-21 01:21:36', '2025-12-21 01:06:36', '2025-12-21 01:06:36');

-- --------------------------------------------------------

--
-- Table structure for table `transactions`
--

CREATE TABLE `transactions` (
  `id` bigint(20) UNSIGNED NOT NULL,
  `file_id` bigint(20) UNSIGNED DEFAULT NULL,
  `date` date DEFAULT NULL,
  `transaction_code` varchar(255) DEFAULT NULL,
  `details` text DEFAULT NULL,
  `ref` varchar(255) DEFAULT NULL,
  `cheque` varchar(255) DEFAULT NULL,
  `debit` decimal(15,2) DEFAULT NULL,
  `credit` decimal(15,2) DEFAULT NULL,
  `balance` decimal(15,2) DEFAULT NULL,
  `created_at` timestamp NULL DEFAULT current_timestamp(),
  `updated_at` timestamp NULL DEFAULT current_timestamp() ON UPDATE current_timestamp()
) ENGINE=InnoDB DEFAULT CHARSET=utf8mb4 COLLATE=utf8mb4_unicode_ci;

--
-- Dumping data for table `transactions`
--

INSERT INTO `transactions` (`id`, `file_id`, `date`, `transaction_code`, `details`, `ref`, `cheque`, `debit`, `credit`, `balance`, `created_at`, `updated_at`) VALUES
(1, 60, NULL, '', ' Opening Balance', '', '', NULL, NULL, 0.00, '2025-11-29 06:25:52', '2025-11-29 06:25:52'),
(2, 60, NULL, '', ' CASH DEPOSIT Cash Deposit - //116CHDP20198V3YY', '', '', NULL, 10000.00, 10000.00, '2025-11-29 06:25:52', '2025-11-29 06:25:52'),
(3, 60, NULL, '', ' Student File Processing Fee with VAT SF- 116/SS/0232/2020 CRG REALISED //1161296201980001', '', '', 6325.00, NULL, 3675.00, '2025-11-29 06:25:52', '2025-11-29 06:25:52'),
(4, 60, NULL, '', ' DIRECT DEBIT DC ANNU FEE 26 2020 //1014391202080538', '', '', 690.00, NULL, 2985.00, '2025-11-29 06:25:52', '2025-11-29 06:25:52'),
(5, 60, NULL, '', ' CASH DEPOSIT nyme - //133CHDP20229I2MA', '', '', NULL, 1300000.00, 1302985.00, '2025-11-29 06:25:52', '2025-11-29 06:25:52'),
(6, 60, NULL, '', ' CASH DEPOSIT AMIN - //133CHDP20230I2OK', '', '', NULL, 50000.00, 1352985.00, '2025-11-29 06:25:52', '2025-11-29 06:25:52'),
(7, 60, NULL, '', ' CASH DEPOSIT al amin - //133CHDP20231I2R5', '', '', NULL, 20000.00, 1372985.00, '2025-11-29 06:25:52', '2025-11-29 06:25:52'),
(8, 60, NULL, '', ' CASH DEPOSIT Al amin - //133CHDP20232I2U5', '', '', NULL, 2000.00, 1374985.00, '2025-11-29 06:25:52', '2025-11-29 06:25:52'),
(9, 60, NULL, '', ' CORRESPONDENT BANK CHARGE ON //999OR07202328357', '', '', 2500.00, NULL, 1372485.00, '2025-11-29 06:25:52', '2025-11-29 06:25:52'),
(10, 60, NULL, '', ' COMMISSION ON //999OR07202328357', '', '', 2048.99, NULL, 1370436.01, '2025-11-29 06:25:52', '2025-11-29 06:25:52'),
(11, 60, NULL, '', ' OUTWARD CUSTOMER TRANSFER //999OR07202328357', '', '', 1365991.75, NULL, 4444.26, '2025-11-29 06:25:52', '2025-11-29 06:25:52'),
(12, 60, NULL, '', ' SWIFT CHARGE ON //999OR07202328357', '', '', 500.00, NULL, 3944.26, '2025-11-29 06:25:52', '2025-11-29 06:25:52'),
(13, 60, NULL, '', ' VAT ON CORRESPONDING BANK CHARGE ON //999OR07202328357', '', '', 375.00, NULL, 3569.26, '2025-11-29 06:25:52', '2025-11-29 06:25:52'),
(14, 60, NULL, '', ' VAT ON COMMISSION //999OR07202328357', '', '', 307.35, NULL, 3261.91, '2025-11-29 06:25:52', '2025-11-29 06:25:52'),
(15, 60, NULL, '', ' VAT ON SWIFT CHARGES ON //999OR07202328357', '', '', 75.00, NULL, 3186.91, '2025-11-29 06:25:52', '2025-11-29 06:25:52'),
(16, 60, NULL, '', ' IC INTEREST LIQUIDATION - 1161440397416 //116I144BDT 00001', '', '', NULL, 223.84, 3410.75, '2025-11-29 06:25:52', '2025-11-29 06:25:52'),
(17, 60, NULL, '', ' WITHOLDING SOURCE TAX ON CASA ACCOUNT - 1161440397416 //116I144BDT 00002', '', '', 22.38, NULL, 3388.37, '2025-11-29 06:25:52', '2025-11-29 06:25:52'),
(18, 60, NULL, '', ' CHEQUE CLEARING //1016161203430136', '7043232', '', NULL, 1275000.00, 1278388.37, '2025-11-29 06:25:52', '2025-11-29 06:25:52'),
(19, 60, NULL, '', ' BACH Service Charge with VAT BACH service charge & VAT Ag.Cheque No: 7043232 //1016162203430136', '7043232', '', 60.00, NULL, 1278328.37, '2025-11-29 06:25:52', '2025-11-29 06:25:52'),
(20, 60, NULL, '', ' CASH DEPOSIT juel - //133CHDP20344J1Z1', '', '', NULL, 5000.00, 1283328.37, '2025-11-29 06:25:52', '2025-11-29 06:25:52'),
(21, 60, NULL, '', ' TRANSFER REMITTANCE OF CAD 18,747.88 AT 86.6243. RELATED OTT REFERENCE 999OR07203441679 //1011812203440041', '', '', 1275043.32, NULL, 8285.05, '2025-11-29 06:25:52', '2025-11-29 06:25:52'),
(22, 60, NULL, '', ' TRANSFER COMMISSION, SWIFT, CORRESPONDENT CHARGES AND REALTED VAT AGAINST REMITTANCE OF CAD 18,747.88 AT 86.6243 FOR BDT 5,649.45 OTT: 999OR07203441679 //1011812203440043', '', '', 5649.45, NULL, 2635.60, '2025-11-29 06:25:52', '2025-11-29 06:25:52'),
(23, 60, NULL, '', ' IC INTEREST LIQUIDATION - 1161440397416 //116I144BDT 00001', '', '', NULL, 71.02, 2706.62, '2025-11-29 06:25:52', '2025-11-29 06:25:52'),
(24, 60, NULL, '', ' WITHOLDING SOURCE TAX ON CASA ACCOUNT - 1161440397416 //116I144BDT 00002', '', '', 7.10, NULL, 2699.52, '2025-11-29 06:25:52', '2025-11-29 06:25:52'),
(25, 60, NULL, '', ' Account Maintenance Service Charges - 1161440397416 //116LDGFBDT 00001', '', '', 200.00, NULL, 2499.52, '2025-11-29 06:25:52', '2025-11-29 06:25:52'),
(26, 60, NULL, '', ' VAT on Account Maintenance Fees - 1161440397416 //116LDGFBDT 00002', '', '', 30.00, NULL, 2469.52, '2025-11-29 06:25:52', '2025-11-29 06:25:52'),
(27, 60, NULL, '', ' CHEQUE CLEARING //1016191211230799', '1280977', '', NULL, 100000.00, 102469.52, '2025-11-29 06:25:52', '2025-11-29 06:25:52'),
(28, 60, NULL, '', ' CHEQUE CLEARING //1016191211230802', '5686661', '', NULL, 100000.00, 202469.52, '2025-11-29 06:25:52', '2025-11-29 06:25:52'),
(29, 60, NULL, '', ' CHEQUE CLEARING //1016191211230804', '0725201', '', NULL, 60000.00, 262469.52, '2025-11-29 06:25:52', '2025-11-29 06:25:52'),
(30, 60, NULL, '', ' CHEQUE CLEARING //1016191211230805', '0428974', '', NULL, 100000.00, 362469.52, '2025-11-29 06:25:52', '2025-11-29 06:25:52'),
(31, 60, NULL, '', ' BACH Service Charge with VAT BACH service charge & VAT Ag.Cheque No: 1280977 //1016192211230799', '1280977', '', 10.00, NULL, 362459.52, '2025-11-29 06:25:52', '2025-11-29 06:25:52'),
(32, 60, NULL, '', ' BACH Service Charge with VAT BACH service charge & VAT Ag.Cheque No: 5686661 //1016192211230802', '5686661', '', 10.00, NULL, 362449.52, '2025-11-29 06:25:52', '2025-11-29 06:25:52'),
(33, 60, NULL, '', ' BACH Service Charge with VAT BACH service charge & VAT Ag.Cheque No: 0725201 //1016192211230804', '0725201', '', 10.00, NULL, 362439.52, '2025-11-29 06:25:52', '2025-11-29 06:25:52'),
(34, 60, NULL, '', ' BACH Service Charge with VAT BACH service charge & VAT Ag.Cheque No: 0428974 //1016192211230805', '0428974', '', 10.00, NULL, 362429.52, '2025-11-29 06:25:52', '2025-11-29 06:25:52'),
(35, 60, NULL, '', ' EXCISE DUTY of 1161440397416 //116EXD3BDT 00001', '', '', 3000.00, NULL, 359429.52, '2025-11-29 06:25:52', '2025-11-29 06:25:52'),
(36, 60, NULL, '', ' CASH DEPOSIT Cash Deposit - //133CHDP21125K3DJ', '', '', NULL, 5000.00, 364429.52, '2025-11-29 06:25:52', '2025-11-29 06:25:52'),
(37, 60, NULL, '', ' TRANSFER REMITTANCE OF CAD 5,035.67 AT 86.5694. RELATED OTT REFERENCE 999OR07211265962 //1011812211260017', '', '', 357734.00, NULL, 6695.52, '2025-11-29 06:25:52', '2025-11-29 06:25:52'),
(38, 60, NULL, '', ' TRANSFER COMMISSION, SWIFT, CORRESPONDENT CHARGES AND REALTED VAT AGAINST REMITTANCE OF CAD 5,035.67 AT 86.5694 FOR BDT 4,067.09 OTT: 999OR07211265962 //1011812211260019', '', '', 4067.10, NULL, 2628.42, '2025-11-29 06:25:52', '2025-11-29 06:25:52'),
(39, 60, NULL, '', ' IC INTEREST LIQUIDATION - 1161440397416 //116I144BDT 00001', '', '', NULL, 60.19, 2688.61, '2025-11-29 06:25:52', '2025-11-29 06:25:52'),
(40, 60, NULL, '', ' WITHOLDING SOURCE TAX ON CASA ACCOUNT - 1161440397416 //116I144BDT 00002', '', '', 6.02, NULL, 2682.59, '2025-11-29 06:25:52', '2025-11-29 06:25:52'),
(41, 60, NULL, '', ' Debit Card Annual Fee 539280******4160;BDT_DC Soft Ren Fees and vat for-07-2021 //9998051211940221', '', '', 690.00, NULL, 1992.59, '2025-11-29 06:25:52', '2025-11-29 06:25:52'),
(42, 60, NULL, '', ' Debit Card SMS Fee 539280******4160;BDT_DC SMS Fees and vat for-07-2021 //9998061211944316', '', '', 230.00, NULL, 1762.59, '2025-11-29 06:25:52', '2025-11-29 06:25:52'),
(43, 60, NULL, '', ' EXCISE DUTY of 1161440397416 //116EXD3BDT 00001', '', '', 150.00, NULL, 1612.59, '2025-11-29 06:25:52', '2025-11-29 06:25:52'),
(44, 60, NULL, '', ' Debit Card Annual Fee 539280******4160;BDT_DC Soft Ren Fees and vat for-07-2022 //9998051221934521', '', '', 690.00, NULL, 922.59, '2025-11-29 06:25:52', '2025-11-29 06:25:52'),
(45, 60, NULL, '', ' Debit Card SMS Fee 539280******4160;BDT_DC SMS Fees and vat for-07-2022 //9998061221944862 STATEMENT CLOSING BALANCE', '', '', 345.00, NULL, 577.59, '2025-11-29 06:25:52', '2025-11-29 06:25:52'),
(46, 63, NULL, '', ' Opening Balance', '', '', NULL, NULL, 0.00, '2025-11-29 06:44:03', '2025-11-29 06:44:03'),
(47, 63, NULL, '', ' CASH DEPOSIT Cash Deposit - //116CHDP20198V3YY', '', '', NULL, 10000.00, 10000.00, '2025-11-29 06:44:03', '2025-11-29 06:44:03'),
(48, 63, NULL, '', ' Student File Processing Fee with VAT SF- 116/SS/0232/2020 CRG REALISED //1161296201980001', '', '', 6325.00, NULL, 3675.00, '2025-11-29 06:44:03', '2025-11-29 06:44:03'),
(49, 63, NULL, '', ' DIRECT DEBIT DC ANNU FEE 26 2020 //1014391202080538', '', '', 690.00, NULL, 2985.00, '2025-11-29 06:44:03', '2025-11-29 06:44:03'),
(50, 63, NULL, '', ' CASH DEPOSIT nyme - //133CHDP20229I2MA', '', '', NULL, 1300000.00, 1302985.00, '2025-11-29 06:44:03', '2025-11-29 06:44:03'),
(51, 63, NULL, '', ' CASH DEPOSIT AMIN - //133CHDP20230I2OK', '', '', NULL, 50000.00, 1352985.00, '2025-11-29 06:44:03', '2025-11-29 06:44:03'),
(52, 63, NULL, '', ' CASH DEPOSIT al amin - //133CHDP20231I2R5', '', '', NULL, 20000.00, 1372985.00, '2025-11-29 06:44:03', '2025-11-29 06:44:03'),
(53, 63, NULL, '', ' CASH DEPOSIT Al amin - //133CHDP20232I2U5', '', '', NULL, 2000.00, 1374985.00, '2025-11-29 06:44:03', '2025-11-29 06:44:03'),
(54, 63, NULL, '', ' CORRESPONDENT BANK CHARGE ON //999OR07202328357', '', '', 2500.00, NULL, 1372485.00, '2025-11-29 06:44:03', '2025-11-29 06:44:03'),
(55, 63, NULL, '', ' COMMISSION ON //999OR07202328357', '', '', 2048.99, NULL, 1370436.01, '2025-11-29 06:44:03', '2025-11-29 06:44:03'),
(56, 63, NULL, '', ' OUTWARD CUSTOMER TRANSFER //999OR07202328357', '', '', 1365991.75, NULL, 4444.26, '2025-11-29 06:44:03', '2025-11-29 06:44:03'),
(57, 63, NULL, '', ' SWIFT CHARGE ON //999OR07202328357', '', '', 500.00, NULL, 3944.26, '2025-11-29 06:44:03', '2025-11-29 06:44:03'),
(58, 63, NULL, '', ' VAT ON CORRESPONDING BANK CHARGE ON //999OR07202328357', '', '', 375.00, NULL, 3569.26, '2025-11-29 06:44:03', '2025-11-29 06:44:03'),
(59, 63, NULL, '', ' VAT ON COMMISSION //999OR07202328357', '', '', 307.35, NULL, 3261.91, '2025-11-29 06:44:03', '2025-11-29 06:44:03'),
(60, 63, NULL, '', ' VAT ON SWIFT CHARGES ON //999OR07202328357', '', '', 75.00, NULL, 3186.91, '2025-11-29 06:44:03', '2025-11-29 06:44:03'),
(61, 63, NULL, '', ' IC INTEREST LIQUIDATION - 1161440397416 //116I144BDT 00001', '', '', NULL, 223.84, 3410.75, '2025-11-29 06:44:03', '2025-11-29 06:44:03'),
(62, 63, NULL, '', ' WITHOLDING SOURCE TAX ON CASA ACCOUNT - 1161440397416 //116I144BDT 00002', '', '', 22.38, NULL, 3388.37, '2025-11-29 06:44:03', '2025-11-29 06:44:03'),
(63, 63, NULL, '', ' CHEQUE CLEARING //1016161203430136', '7043232', '', NULL, 1275000.00, 1278388.37, '2025-11-29 06:44:03', '2025-11-29 06:44:03'),
(64, 63, NULL, '', ' BACH Service Charge with VAT BACH service charge & VAT Ag.Cheque No: 7043232 //1016162203430136', '7043232', '', 60.00, NULL, 1278328.37, '2025-11-29 06:44:03', '2025-11-29 06:44:03'),
(65, 63, NULL, '', ' CASH DEPOSIT juel - //133CHDP20344J1Z1', '', '', NULL, 5000.00, 1283328.37, '2025-11-29 06:44:03', '2025-11-29 06:44:03'),
(66, 63, NULL, '', ' TRANSFER REMITTANCE OF CAD 18,747.88 AT 86.6243. RELATED OTT REFERENCE 999OR07203441679 //1011812203440041', '', '', 1275043.32, NULL, 8285.05, '2025-11-29 06:44:03', '2025-11-29 06:44:03'),
(67, 63, NULL, '', ' TRANSFER COMMISSION, SWIFT, CORRESPONDENT CHARGES AND REALTED VAT AGAINST REMITTANCE OF CAD 18,747.88 AT 86.6243 FOR BDT 5,649.45 OTT: 999OR07203441679 //1011812203440043', '', '', 5649.45, NULL, 2635.60, '2025-11-29 06:44:03', '2025-11-29 06:44:03'),
(68, 63, NULL, '', ' IC INTEREST LIQUIDATION - 1161440397416 //116I144BDT 00001', '', '', NULL, 71.02, 2706.62, '2025-11-29 06:44:03', '2025-11-29 06:44:03'),
(69, 63, NULL, '', ' WITHOLDING SOURCE TAX ON CASA ACCOUNT - 1161440397416 //116I144BDT 00002', '', '', 7.10, NULL, 2699.52, '2025-11-29 06:44:03', '2025-11-29 06:44:03'),
(70, 63, NULL, '', ' Account Maintenance Service Charges - 1161440397416 //116LDGFBDT 00001', '', '', 200.00, NULL, 2499.52, '2025-11-29 06:44:03', '2025-11-29 06:44:03'),
(71, 63, NULL, '', ' VAT on Account Maintenance Fees - 1161440397416 //116LDGFBDT 00002', '', '', 30.00, NULL, 2469.52, '2025-11-29 06:44:03', '2025-11-29 06:44:03'),
(72, 63, NULL, '', ' CHEQUE CLEARING //1016191211230799', '1280977', '', NULL, 100000.00, 102469.52, '2025-11-29 06:44:03', '2025-11-29 06:44:03'),
(73, 63, NULL, '', ' CHEQUE CLEARING //1016191211230802', '5686661', '', NULL, 100000.00, 202469.52, '2025-11-29 06:44:03', '2025-11-29 06:44:03'),
(74, 63, NULL, '', ' CHEQUE CLEARING //1016191211230804', '0725201', '', NULL, 60000.00, 262469.52, '2025-11-29 06:44:03', '2025-11-29 06:44:03'),
(75, 63, NULL, '', ' CHEQUE CLEARING //1016191211230805', '0428974', '', NULL, 100000.00, 362469.52, '2025-11-29 06:44:03', '2025-11-29 06:44:03'),
(76, 63, NULL, '', ' BACH Service Charge with VAT BACH service charge & VAT Ag.Cheque No: 1280977 //1016192211230799', '1280977', '', 10.00, NULL, 362459.52, '2025-11-29 06:44:03', '2025-11-29 06:44:03'),
(77, 63, NULL, '', ' BACH Service Charge with VAT BACH service charge & VAT Ag.Cheque No: 5686661 //1016192211230802', '5686661', '', 10.00, NULL, 362449.52, '2025-11-29 06:44:03', '2025-11-29 06:44:03'),
(78, 63, NULL, '', ' BACH Service Charge with VAT BACH service charge & VAT Ag.Cheque No: 0725201 //1016192211230804', '0725201', '', 10.00, NULL, 362439.52, '2025-11-29 06:44:03', '2025-11-29 06:44:03'),
(79, 63, NULL, '', ' BACH Service Charge with VAT BACH service charge & VAT Ag.Cheque No: 0428974 //1016192211230805', '0428974', '', 10.00, NULL, 362429.52, '2025-11-29 06:44:03', '2025-11-29 06:44:03'),
(80, 63, NULL, '', ' EXCISE DUTY of 1161440397416 //116EXD3BDT 00001', '', '', 3000.00, NULL, 359429.52, '2025-11-29 06:44:03', '2025-11-29 06:44:03'),
(81, 63, NULL, '', ' CASH DEPOSIT Cash Deposit - //133CHDP21125K3DJ', '', '', NULL, 5000.00, 364429.52, '2025-11-29 06:44:03', '2025-11-29 06:44:03'),
(82, 63, NULL, '', ' TRANSFER REMITTANCE OF CAD 5,035.67 AT 86.5694. RELATED OTT REFERENCE 999OR07211265962 //1011812211260017', '', '', 357734.00, NULL, 6695.52, '2025-11-29 06:44:03', '2025-11-29 06:44:03'),
(83, 63, NULL, '', ' TRANSFER COMMISSION, SWIFT, CORRESPONDENT CHARGES AND REALTED VAT AGAINST REMITTANCE OF CAD 5,035.67 AT 86.5694 FOR BDT 4,067.09 OTT: 999OR07211265962 //1011812211260019', '', '', 4067.10, NULL, 2628.42, '2025-11-29 06:44:03', '2025-11-29 06:44:03'),
(84, 63, NULL, '', ' IC INTEREST LIQUIDATION - 1161440397416 //116I144BDT 00001', '', '', NULL, 60.19, 2688.61, '2025-11-29 06:44:03', '2025-11-29 06:44:03'),
(85, 63, NULL, '', ' WITHOLDING SOURCE TAX ON CASA ACCOUNT - 1161440397416 //116I144BDT 00002', '', '', 6.02, NULL, 2682.59, '2025-11-29 06:44:03', '2025-11-29 06:44:03'),
(86, 63, NULL, '', ' Debit Card Annual Fee 539280******4160;BDT_DC Soft Ren Fees and vat for-07-2021 //9998051211940221', '', '', 690.00, NULL, 1992.59, '2025-11-29 06:44:03', '2025-11-29 06:44:03'),
(87, 63, NULL, '', ' Debit Card SMS Fee 539280******4160;BDT_DC SMS Fees and vat for-07-2021 //9998061211944316', '', '', 230.00, NULL, 1762.59, '2025-11-29 06:44:03', '2025-11-29 06:44:03'),
(88, 63, NULL, '', ' EXCISE DUTY of 1161440397416 //116EXD3BDT 00001', '', '', 150.00, NULL, 1612.59, '2025-11-29 06:44:03', '2025-11-29 06:44:03'),
(89, 63, NULL, '', ' Debit Card Annual Fee 539280******4160;BDT_DC Soft Ren Fees and vat for-07-2022 //9998051221934521', '', '', 690.00, NULL, 922.59, '2025-11-29 06:44:03', '2025-11-29 06:44:03'),
(90, 63, NULL, '', ' Debit Card SMS Fee 539280******4160;BDT_DC SMS Fees and vat for-07-2022 //9998061221944862 STATEMENT CLOSING BALANCE', '', '', 345.00, NULL, 577.59, '2025-11-29 06:44:03', '2025-11-29 06:44:03');

-- --------------------------------------------------------

--
-- Table structure for table `users`
--

CREATE TABLE `users` (
  `id` bigint(20) UNSIGNED NOT NULL,
  `name` varchar(255) NOT NULL,
  `email` varchar(255) NOT NULL,
  `email_verified_at` timestamp NULL DEFAULT NULL,
  `password` varchar(255) DEFAULT NULL,
  `department_id` int(11) DEFAULT NULL,
  `desk_id` int(11) DEFAULT NULL,
  `remember_token` varchar(100) DEFAULT NULL,
  `created_at` timestamp NULL DEFAULT NULL,
  `updated_at` timestamp NULL DEFAULT NULL,
  `phone` varchar(255) DEFAULT NULL,
  `nid_no` varchar(255) DEFAULT NULL,
  `nid_file` varchar(255) DEFAULT NULL,
  `address` text DEFAULT NULL,
  `father_name` varchar(255) DEFAULT NULL,
  `mother_name` varchar(255) DEFAULT NULL
) ENGINE=InnoDB DEFAULT CHARSET=utf8mb4 COLLATE=utf8mb4_unicode_ci;

--
-- Dumping data for table `users`
--

INSERT INTO `users` (`id`, `name`, `email`, `email_verified_at`, `password`, `department_id`, `desk_id`, `remember_token`, `created_at`, `updated_at`, `phone`, `nid_no`, `nid_file`, `address`, `father_name`, `mother_name`) VALUES
(1, 'Test User', 'test@example.com', '2025-08-10 08:37:05', '$2y$12$qJsXtfLhaJ2NgRIAeYkgPuYGsD90Mx21rUp4Tkh7oi7IHoDLgnEiy', NULL, NULL, 'FbGWOl3WlvwdSrfxIRvjKWQwpNQ32t5E3AcNSsEu3DJWaMJAFhBuM2N3MTb3', '2025-08-10 08:37:05', '2025-10-08 02:28:50', '01675706438', NULL, NULL, '4324324', NULL, NULL),
(2, 'Md. Rakibul Hasan', 'rakibul.ocpl@gmail.com', NULL, '$2y$12$qJsXtfLhaJ2NgRIAeYkgPuYGsD90Mx21rUp4Tkh7oi7IHoDLgnEiy', NULL, NULL, NULL, '2025-08-10 08:44:07', '2025-10-08 01:49:39', '01675706439', NULL, NULL, 'add', NULL, NULL),
(3, 'Rakibul Hasan', '312313@gmail.com', NULL, NULL, NULL, NULL, NULL, '2025-08-10 09:45:58', '2025-10-08 01:50:43', '01675706439', NULL, NULL, 'asfdaf', NULL, NULL),
(4, 'qerq', 'qerq@gmail.com', NULL, NULL, NULL, NULL, NULL, '2025-09-02 03:39:19', '2025-10-08 01:53:22', '01675706439', NULL, NULL, 'shdjkfa', NULL, NULL),
(5, 'Md. Rakibul Hasan', 'dkafjl@gmail.com', NULL, NULL, NULL, NULL, NULL, '2025-10-08 01:36:05', '2025-10-08 01:36:05', '01675706439', NULL, NULL, '3424', NULL, NULL),
(6, 'saf', 'saf@gmail.com', NULL, NULL, NULL, NULL, NULL, '2025-10-08 01:39:28', '2025-10-08 01:39:28', '01675706439', NULL, NULL, 'shdjkfa', NULL, NULL),
(7, 'rakibul', '3342@gmail.com', NULL, NULL, NULL, NULL, NULL, '2025-10-08 01:40:14', '2025-10-08 01:40:14', '01675706439', NULL, NULL, 'shdjkfa', NULL, NULL),
(8, 'rakibul', 'sadfaf@gmail.com', NULL, NULL, NULL, NULL, NULL, '2025-10-08 01:43:19', '2025-10-08 01:43:19', '01675706439', NULL, NULL, 'shdjkfa', NULL, NULL),
(9, 'rakibul', '33422332@gmail.com', NULL, NULL, NULL, NULL, NULL, '2025-10-13 23:02:15', '2025-10-13 23:02:15', '01675706439', NULL, NULL, 'shdjkfa', NULL, NULL),
(10, 'rakibul', '334276@gmail.com', NULL, '$2y$12$txqYEVbdUQz2Ye/A3BVft.UYo5v4lnM08t0iRRURcPrAA/tQAW6P.', 1, 1, NULL, '2025-10-13 23:08:57', '2025-10-13 23:08:57', '01675706439', NULL, NULL, 'shdjkfa', NULL, NULL),
(11, 'rakibul', 'desk1@gmail.com', NULL, '$2y$12$MfNX9OMIia3V7YmrJqs0OutNHHMOQPEPgejTfBGIK/lkF8Qao1VzW', 2, 3, NULL, '2025-10-14 03:20:14', '2025-10-14 03:20:14', '01675706439', NULL, NULL, 'shdjkfa', NULL, NULL),
(12, 'rakibul', 'pa@gmail.com', NULL, '$2y$12$ZY2zGK91rZaAqyQNYmm5UOAL3oDvEA6Dl3IUZZKWMiGD/G4dO4FfO', 1, 2, NULL, '2025-10-26 08:51:55', '2025-10-26 08:51:55', '01675706439', NULL, NULL, 'shdjkfa', NULL, NULL);

--
-- Indexes for dumped tables
--

--
-- Indexes for table `banks`
--
ALTER TABLE `banks`
  ADD PRIMARY KEY (`id`),
  ADD UNIQUE KEY `short_name` (`short_name`);

--
-- Indexes for table `bank_statement_analysis`
--
ALTER TABLE `bank_statement_analysis`
  ADD PRIMARY KEY (`id`),
  ADD KEY `fk_bank_statement_project` (`project_id`);

--
-- Indexes for table `bank_statement_files`
--
ALTER TABLE `bank_statement_files`
  ADD PRIMARY KEY (`id`),
  ADD KEY `bank_statement_analysis_id` (`bank_statement_analysis_id`);

--
-- Indexes for table `cache`
--
ALTER TABLE `cache`
  ADD PRIMARY KEY (`key`);

--
-- Indexes for table `cache_locks`
--
ALTER TABLE `cache_locks`
  ADD PRIMARY KEY (`key`);

--
-- Indexes for table `departments`
--
ALTER TABLE `departments`
  ADD PRIMARY KEY (`id`),
  ADD UNIQUE KEY `departments_code_unique` (`code`);

--
-- Indexes for table `department_desk`
--
ALTER TABLE `department_desk`
  ADD PRIMARY KEY (`id`),
  ADD KEY `fk_department` (`department_id`),
  ADD KEY `fk_desk` (`desk_id`);

--
-- Indexes for table `desks`
--
ALTER TABLE `desks`
  ADD PRIMARY KEY (`id`);

--
-- Indexes for table `failed_jobs`
--
ALTER TABLE `failed_jobs`
  ADD PRIMARY KEY (`id`),
  ADD UNIQUE KEY `failed_jobs_uuid_unique` (`uuid`);

--
-- Indexes for table `file_repo`
--
ALTER TABLE `file_repo`
  ADD PRIMARY KEY (`id`),
  ADD KEY `title` (`title`),
  ADD KEY `file_repo_sender_department_id_foreign` (`sender_department_id`),
  ADD KEY `file_repo_receiver_department_id_foreign` (`receiver_department_id`);
ALTER TABLE `file_repo` ADD FULLTEXT KEY `content_fulltext_index` (`content`);

--
-- Indexes for table `file_status`
--
ALTER TABLE `file_status`
  ADD PRIMARY KEY (`id`);

--
-- Indexes for table `jobs`
--
ALTER TABLE `jobs`
  ADD PRIMARY KEY (`id`),
  ADD KEY `jobs_queue_index` (`queue`);

--
-- Indexes for table `job_batches`
--
ALTER TABLE `job_batches`
  ADD PRIMARY KEY (`id`);

--
-- Indexes for table `migrations`
--
ALTER TABLE `migrations`
  ADD PRIMARY KEY (`id`);

--
-- Indexes for table `model_has_permissions`
--
ALTER TABLE `model_has_permissions`
  ADD PRIMARY KEY (`permission_id`,`model_id`,`model_type`),
  ADD KEY `model_has_permissions_model_id_model_type_index` (`model_id`,`model_type`);

--
-- Indexes for table `model_has_roles`
--
ALTER TABLE `model_has_roles`
  ADD PRIMARY KEY (`role_id`,`model_id`,`model_type`),
  ADD KEY `model_has_roles_model_id_model_type_index` (`model_id`,`model_type`);

--
-- Indexes for table `onulipi_departments`
--
ALTER TABLE `onulipi_departments`
  ADD PRIMARY KEY (`id`),
  ADD KEY `onulipi_departments_archived_file_id_foreign` (`file_id`),
  ADD KEY `onulipi_departments_department_id_foreign` (`department_id`);

--
-- Indexes for table `options`
--
ALTER TABLE `options`
  ADD PRIMARY KEY (`id`),
  ADD UNIQUE KEY `options_option_name_unique` (`option_name`);

--
-- Indexes for table `password_reset_tokens`
--
ALTER TABLE `password_reset_tokens`
  ADD PRIMARY KEY (`email`);

--
-- Indexes for table `permissions`
--
ALTER TABLE `permissions`
  ADD PRIMARY KEY (`id`),
  ADD UNIQUE KEY `permissions_name_guard_name_unique` (`name`,`guard_name`);

--
-- Indexes for table `projects`
--
ALTER TABLE `projects`
  ADD PRIMARY KEY (`id`);

--
-- Indexes for table `roles`
--
ALTER TABLE `roles`
  ADD PRIMARY KEY (`id`),
  ADD UNIQUE KEY `roles_name_guard_name_unique` (`name`,`guard_name`);

--
-- Indexes for table `role_has_permissions`
--
ALTER TABLE `role_has_permissions`
  ADD PRIMARY KEY (`permission_id`,`role_id`),
  ADD KEY `role_has_permissions_role_id_foreign` (`role_id`);

--
-- Indexes for table `sessions`
--
ALTER TABLE `sessions`
  ADD PRIMARY KEY (`id`),
  ADD KEY `sessions_user_id_index` (`user_id`),
  ADD KEY `sessions_last_activity_index` (`last_activity`);

--
-- Indexes for table `statement_tags`
--
ALTER TABLE `statement_tags`
  ADD PRIMARY KEY (`id`),
  ADD KEY `statement_tags_file_id_index` (`file_id`);

--
-- Indexes for table `statement_yearly_summary`
--
ALTER TABLE `statement_yearly_summary`
  ADD PRIMARY KEY (`id`),
  ADD KEY `fk_file` (`file_id`);

--
-- Indexes for table `tokens`
--
ALTER TABLE `tokens`
  ADD PRIMARY KEY (`id`);

--
-- Indexes for table `transactions`
--
ALTER TABLE `transactions`
  ADD PRIMARY KEY (`id`);

--
-- Indexes for table `users`
--
ALTER TABLE `users`
  ADD PRIMARY KEY (`id`),
  ADD UNIQUE KEY `users_email_unique` (`email`);

--
-- AUTO_INCREMENT for dumped tables
--

--
-- AUTO_INCREMENT for table `banks`
--
ALTER TABLE `banks`
  MODIFY `id` bigint(20) UNSIGNED NOT NULL AUTO_INCREMENT, AUTO_INCREMENT=11;

--
-- AUTO_INCREMENT for table `bank_statement_analysis`
--
ALTER TABLE `bank_statement_analysis`
  MODIFY `id` bigint(20) UNSIGNED NOT NULL AUTO_INCREMENT, AUTO_INCREMENT=59;

--
-- AUTO_INCREMENT for table `bank_statement_files`
--
ALTER TABLE `bank_statement_files`
  MODIFY `id` bigint(20) UNSIGNED NOT NULL AUTO_INCREMENT, AUTO_INCREMENT=64;

--
-- AUTO_INCREMENT for table `departments`
--
ALTER TABLE `departments`
  MODIFY `id` bigint(20) UNSIGNED NOT NULL AUTO_INCREMENT, AUTO_INCREMENT=3;

--
-- AUTO_INCREMENT for table `department_desk`
--
ALTER TABLE `department_desk`
  MODIFY `id` bigint(20) UNSIGNED NOT NULL AUTO_INCREMENT, AUTO_INCREMENT=6;

--
-- AUTO_INCREMENT for table `desks`
--
ALTER TABLE `desks`
  MODIFY `id` bigint(20) UNSIGNED NOT NULL AUTO_INCREMENT, AUTO_INCREMENT=5;

--
-- AUTO_INCREMENT for table `failed_jobs`
--
ALTER TABLE `failed_jobs`
  MODIFY `id` bigint(20) UNSIGNED NOT NULL AUTO_INCREMENT, AUTO_INCREMENT=3;

--
-- AUTO_INCREMENT for table `file_repo`
--
ALTER TABLE `file_repo`
  MODIFY `id` bigint(20) UNSIGNED NOT NULL AUTO_INCREMENT, AUTO_INCREMENT=34;

--
-- AUTO_INCREMENT for table `file_status`
--
ALTER TABLE `file_status`
  MODIFY `id` bigint(20) UNSIGNED NOT NULL AUTO_INCREMENT, AUTO_INCREMENT=6;

--
-- AUTO_INCREMENT for table `jobs`
--
ALTER TABLE `jobs`
  MODIFY `id` bigint(20) UNSIGNED NOT NULL AUTO_INCREMENT, AUTO_INCREMENT=47;

--
-- AUTO_INCREMENT for table `migrations`
--
ALTER TABLE `migrations`
  MODIFY `id` int(10) UNSIGNED NOT NULL AUTO_INCREMENT, AUTO_INCREMENT=15;

--
-- AUTO_INCREMENT for table `onulipi_departments`
--
ALTER TABLE `onulipi_departments`
  MODIFY `id` bigint(20) UNSIGNED NOT NULL AUTO_INCREMENT, AUTO_INCREMENT=12;

--
-- AUTO_INCREMENT for table `options`
--
ALTER TABLE `options`
  MODIFY `id` bigint(20) UNSIGNED NOT NULL AUTO_INCREMENT, AUTO_INCREMENT=4;

--
-- AUTO_INCREMENT for table `permissions`
--
ALTER TABLE `permissions`
  MODIFY `id` bigint(20) UNSIGNED NOT NULL AUTO_INCREMENT, AUTO_INCREMENT=11;

--
-- AUTO_INCREMENT for table `projects`
--
ALTER TABLE `projects`
  MODIFY `id` bigint(20) UNSIGNED NOT NULL AUTO_INCREMENT, AUTO_INCREMENT=16;

--
-- AUTO_INCREMENT for table `roles`
--
ALTER TABLE `roles`
  MODIFY `id` bigint(20) UNSIGNED NOT NULL AUTO_INCREMENT, AUTO_INCREMENT=4;

--
-- AUTO_INCREMENT for table `statement_tags`
--
ALTER TABLE `statement_tags`
  MODIFY `id` bigint(20) UNSIGNED NOT NULL AUTO_INCREMENT, AUTO_INCREMENT=36;

--
-- AUTO_INCREMENT for table `statement_yearly_summary`
--
ALTER TABLE `statement_yearly_summary`
  MODIFY `id` bigint(20) UNSIGNED NOT NULL AUTO_INCREMENT, AUTO_INCREMENT=160;

--
-- AUTO_INCREMENT for table `tokens`
--
ALTER TABLE `tokens`
  MODIFY `id` bigint(20) UNSIGNED NOT NULL AUTO_INCREMENT, AUTO_INCREMENT=36;

--
-- AUTO_INCREMENT for table `transactions`
--
ALTER TABLE `transactions`
  MODIFY `id` bigint(20) UNSIGNED NOT NULL AUTO_INCREMENT, AUTO_INCREMENT=91;

--
-- AUTO_INCREMENT for table `users`
--
ALTER TABLE `users`
  MODIFY `id` bigint(20) UNSIGNED NOT NULL AUTO_INCREMENT, AUTO_INCREMENT=13;

--
-- Constraints for dumped tables
--

--
-- Constraints for table `bank_statement_analysis`
--
ALTER TABLE `bank_statement_analysis`
  ADD CONSTRAINT `fk_bank_statement_project` FOREIGN KEY (`project_id`) REFERENCES `projects` (`id`) ON DELETE SET NULL;

--
-- Constraints for table `bank_statement_files`
--
ALTER TABLE `bank_statement_files`
  ADD CONSTRAINT `bank_statement_files_ibfk_1` FOREIGN KEY (`bank_statement_analysis_id`) REFERENCES `bank_statement_analysis` (`id`) ON DELETE CASCADE;

--
-- Constraints for table `department_desk`
--
ALTER TABLE `department_desk`
  ADD CONSTRAINT `fk_department` FOREIGN KEY (`department_id`) REFERENCES `departments` (`id`) ON DELETE CASCADE,
  ADD CONSTRAINT `fk_desk` FOREIGN KEY (`desk_id`) REFERENCES `desks` (`id`) ON DELETE CASCADE;

--
-- Constraints for table `file_repo`
--
ALTER TABLE `file_repo`
  ADD CONSTRAINT `file_repo_receiver_department_id_foreign` FOREIGN KEY (`receiver_department_id`) REFERENCES `departments` (`id`) ON DELETE SET NULL ON UPDATE CASCADE,
  ADD CONSTRAINT `file_repo_sender_department_id_foreign` FOREIGN KEY (`sender_department_id`) REFERENCES `departments` (`id`) ON DELETE SET NULL ON UPDATE CASCADE;

--
-- Constraints for table `onulipi_departments`
--
ALTER TABLE `onulipi_departments`
  ADD CONSTRAINT `onulipi_departments_archived_file_id_foreign` FOREIGN KEY (`file_id`) REFERENCES `file_repo` (`id`) ON DELETE CASCADE,
  ADD CONSTRAINT `onulipi_departments_department_id_foreign` FOREIGN KEY (`department_id`) REFERENCES `departments` (`id`) ON DELETE SET NULL;

--
-- Constraints for table `statement_tags`
--
ALTER TABLE `statement_tags`
  ADD CONSTRAINT `statement_tags_file_id_foreign` FOREIGN KEY (`file_id`) REFERENCES `bank_statement_files` (`id`) ON DELETE CASCADE;

--
-- Constraints for table `statement_yearly_summary`
--
ALTER TABLE `statement_yearly_summary`
  ADD CONSTRAINT `fk_file` FOREIGN KEY (`file_id`) REFERENCES `bank_statement_files` (`id`);
COMMIT;

/*!40101 SET CHARACTER_SET_CLIENT=@OLD_CHARACTER_SET_CLIENT */;
/*!40101 SET CHARACTER_SET_RESULTS=@OLD_CHARACTER_SET_RESULTS */;
/*!40101 SET COLLATION_CONNECTION=@OLD_COLLATION_CONNECTION */;
